가까이,https://usercontents-c.styleshare.io/images/41100303/88x50,https://www.styleshare.kr/brands/4097
가로(GARO),https://usercontents-c.styleshare.io/images/34605824/88x50,https://www.styleshare.kr/brands/3884
가르니르,https://usercontents-c.styleshare.io/images/23178177/88x50,https://www.styleshare.kr/brands/3146
가발매니아,https://usercontents-c.styleshare.io/images/25101147/88x50,https://www.styleshare.kr/brands/3028
가이거,https://usercontents-c.styleshare.io/images/42206624/88x50,https://www.styleshare.kr/brands/4711
간소,https://usercontents-c.styleshare.io/images/42370648/88x50,https://www.styleshare.kr/brands/4746
갑질,https://usercontents-c.styleshare.io/images/42394430/88x50,https://www.styleshare.kr/brands/4747
게인스보로(gainsboro),https://usercontents-c.styleshare.io/images/34864275/88x50,https://www.styleshare.kr/brands/3909
게타,https://usercontents-c.styleshare.io/images/18817042/88x50,https://www.styleshare.kr/brands/39
겐조,https://usercontents-c.styleshare.io/images/20238582/88x50,https://www.styleshare.kr/brands/2495
겐지,https://usercontents-c.styleshare.io/images/18816977/88x50,https://www.styleshare.kr/brands/41
고세,https://usercontents-c.styleshare.io/images/33686796/88x50,https://www.styleshare.kr/brands/3014
고운머리,https://usercontents-c.styleshare.io/images/25123079/88x50,https://www.styleshare.kr/brands/2909
골든구스,https://usercontents-c.styleshare.io/images/25512237/88x50,https://www.styleshare.kr/brands/2512
골라클래식,https://usercontents-c.styleshare.io/images/21793206/88x50,https://www.styleshare.kr/brands/2917
과일나라,https://usercontents-c.styleshare.io/images/21184569/88x50,https://www.styleshare.kr/brands/2136
구달,https://usercontents-c.styleshare.io/images/42715078/88x50,https://www.styleshare.kr/brands/4604
구찌,https://usercontents-c.styleshare.io/images/21186503/88x50,https://www.styleshare.kr/brands/2583
굿나잇데이브,https://usercontents-c.styleshare.io/images/38447067/88x50,https://www.styleshare.kr/brands/4221
굿딜,https://usercontents-c.styleshare.io/images/43027679/88x50,https://www.styleshare.kr/brands/4978
굿라이프웍스,https://usercontents-c.styleshare.io/images/42271548/88x50,https://www.styleshare.kr/brands/4396
굿햄프,https://usercontents-c.styleshare.io/images/42170352/88x50,https://www.styleshare.kr/brands/4700
권도영알로에,https://usercontents-c.styleshare.io/images/43096426/88x50,https://www.styleshare.kr/brands/4988
그라비스,https://usercontents-c.styleshare.io/images/43007170/88x50,https://www.styleshare.kr/brands/4962
그라빈,https://usercontents-c.styleshare.io/images/21573500/88x50,https://www.styleshare.kr/brands/2842
그라인더스,https://usercontents-c.styleshare.io/images/35899776/88x50,https://www.styleshare.kr/brands/4016
그라펜,https://usercontents-c.styleshare.io/images/25299987/88x50,https://www.styleshare.kr/brands/3492
그라함스,https://usercontents-c.styleshare.io/images/19533290/88x50,https://www.styleshare.kr/brands/2320
그랜드피날레,https://usercontents-c.styleshare.io/images/19558130/88x50,https://www.styleshare.kr/brands/2332
그램,https://usercontents-c.styleshare.io/images/22296863/88x50,https://www.styleshare.kr/brands/3024
그램(GRAM),https://usercontents-c.styleshare.io/images/40867721/88x50,https://www.styleshare.kr/brands/4531
그레고리,https://usercontents-c.styleshare.io/images/43096150/88x50,https://www.styleshare.kr/brands/4987
그레이멜린,https://usercontents-c.styleshare.io/images/24739032/88x50,https://www.styleshare.kr/brands/66
그레이베리,https://usercontents-c.styleshare.io/images/22283400/88x50,https://www.styleshare.kr/brands/3020
그레이즈문,https://usercontents-c.styleshare.io/images/37982873/88x50,https://www.styleshare.kr/brands/2563
그레이지,https://usercontents-c.styleshare.io/images/18295963/88x50,https://www.styleshare.kr/brands/2061
그레이티스트,https://usercontents-c.styleshare.io/images/19558151/88x50,https://www.styleshare.kr/brands/68
그레잇오프,https://usercontents-c.styleshare.io/images/23395489/88x50,https://www.styleshare.kr/brands/3186
그루비씬,https://usercontents-c.styleshare.io/images/25123926/88x50,https://www.styleshare.kr/brands/3450
그뤼너씨,https://usercontents-c.styleshare.io/images/39978997/88x50,https://www.styleshare.kr/brands/4414
그리쉬,https://usercontents-c.styleshare.io/images/34221670/88x50,https://www.styleshare.kr/brands/72
그린코디,https://usercontents-c.styleshare.io/images/41898333/88x50,https://www.styleshare.kr/brands/4657
글램폭스,https://usercontents-c.styleshare.io/images/21192241/88x50,https://www.styleshare.kr/brands/2425
글레이즈드,https://usercontents-c.styleshare.io/images/23112860/88x50,https://www.styleshare.kr/brands/3130
글로리아덴,https://usercontents-c.styleshare.io/images/18817279/88x50,https://www.styleshare.kr/brands/82
글로스턴,https://usercontents-c.styleshare.io/images/32392822/88x50,https://www.styleshare.kr/brands/3729
글로우라우디,https://usercontents-c.styleshare.io/images/32167320/88x50,https://www.styleshare.kr/brands/3710
글로우베리,https://usercontents-c.styleshare.io/images/42782702/88x50,https://www.styleshare.kr/brands/4893
글륵,https://usercontents-c.styleshare.io/images/25512178/88x50,https://www.styleshare.kr/brands/3549
글리티어,https://usercontents-c.styleshare.io/images/39915524/88x50,https://www.styleshare.kr/brands/4395
기브유,https://usercontents-c.styleshare.io/images/27f9c7d2-3b06-40a9-8e7a-55b91f3fb3c6/88x50,https://www.styleshare.kr/brands/6187
기키,https://usercontents-c.styleshare.io/images/21686441/88x50,https://www.styleshare.kr/brands/2887
길단,https://usercontents-c.styleshare.io/images/19558191/88x50,https://www.styleshare.kr/brands/91
길라에잇,https://usercontents-c.styleshare.io/images/42358019/88x50,https://www.styleshare.kr/brands/4744
깅엄버스,https://usercontents-c.styleshare.io/images/18816846/88x50,https://www.styleshare.kr/brands/93
까르뱅,https://usercontents-c.styleshare.io/images/43110895/88x50,https://www.styleshare.kr/brands/4992
까스텔바작,https://usercontents-c.styleshare.io/images/42283587/88x50,https://www.styleshare.kr/brands/4729
까트린(cattline),https://usercontents-c.styleshare.io/images/33689147/88x50,https://www.styleshare.kr/brands/3844
꼬달리,https://usercontents-c.styleshare.io/images/18816964/88x50,https://www.styleshare.kr/brands/2861
꼬미엔조,https://usercontents-c.styleshare.io/images/38817561/88x50,https://www.styleshare.kr/brands/2021
꼼데가르송,https://usercontents-c.styleshare.io/images/39175499/88x50,https://www.styleshare.kr/brands/4118
꼼데가르송 플레이,https://usercontents-c.styleshare.io/images/23895555/88x50,https://www.styleshare.kr/brands/4332
꼼므꼼므,https://usercontents-c.styleshare.io/images/18817345/88x50,https://www.styleshare.kr/brands/2745
꼼파뇨,https://usercontents-c.styleshare.io/images/42693124/88x50,https://www.styleshare.kr/brands/100
꽃샘,https://usercontents-c.styleshare.io/images/42640682/88x50,https://www.styleshare.kr/brands/4791
꾸미까,https://usercontents-c.styleshare.io/images/35448585/88x50,https://www.styleshare.kr/brands/4782
꾸비올로,https://usercontents-c.styleshare.io/images/43010429/88x50,https://www.styleshare.kr/brands/3978
끌라삐엘,https://usercontents-c.styleshare.io/images/42759014/88x50,https://www.styleshare.kr/brands/4964
나나츄,https://usercontents-c.styleshare.io/images/25512259/88x50,https://www.styleshare.kr/brands/2561
나나크루,https://usercontents-c.styleshare.io/images/21940446/88x50,https://www.styleshare.kr/brands/2951
나다,https://usercontents-c.styleshare.io/images/22274514/88x50,https://www.styleshare.kr/brands/3018
나뚜리아,https://usercontents-c.styleshare.io/images/1d47b577-7637-45c0-a12a-a1fa22cfcfc7/88x50,https://www.styleshare.kr/brands/6102
나르시소 로드리게즈,https://usercontents-c.styleshare.io/images/42283595/88x50,https://www.styleshare.kr/brands/4730
나스,https://usercontents-c.styleshare.io/images/23021258/88x50,https://www.styleshare.kr/brands/3627
나우왓,https://usercontents-c.styleshare.io/images/42694703/88x50,https://www.styleshare.kr/brands/2923
나이쇼,https://usercontents-c.styleshare.io/images/21126903/88x50,https://www.styleshare.kr/brands/3160
나이키,https://usercontents-c.styleshare.io/images/21375249/88x50,https://www.styleshare.kr/brands/107
나이팅게일,https://usercontents-c.styleshare.io/images/25167929/88x50,https://www.styleshare.kr/brands/2795
나인어클락,https://usercontents-c.styleshare.io/images/37911355/88x50,https://www.styleshare.kr/brands/3464
나인옥토퍼스,https://usercontents-c.styleshare.io/images/43133147/88x50,https://www.styleshare.kr/brands/4149
나인웨스트,https://usercontents-c.styleshare.io/images/25512267/88x50,https://www.styleshare.kr/brands/5013
나잇러브솔트,https://usercontents-c.styleshare.io/images/35446412/88x50,https://www.styleshare.kr/brands/2692
나체,https://usercontents-c.styleshare.io/images/42522155/88x50,https://www.styleshare.kr/brands/3975
낫띵베럴,https://usercontents-c.styleshare.io/images/34979876/88x50,https://www.styleshare.kr/brands/4769
낫띵이즈베럴댄미,https://usercontents-c.styleshare.io/images/41541700/88x50,https://www.styleshare.kr/brands/3916
낫소,https://usercontents-c.styleshare.io/images/25512152/88x50,https://www.styleshare.kr/brands/4373
낫쉬,https://usercontents-c.styleshare.io/images/34405048/88x50,https://www.styleshare.kr/brands/4598
낫파운드프로젝트,https://usercontents-c.styleshare.io/images/42852181/88x50,https://www.styleshare.kr/brands/3043
내로우마인드,https://usercontents-c.styleshare.io/images/43095289/88x50,https://www.styleshare.kr/brands/3763
내셔널지오그래픽,https://usercontents-c.styleshare.io/images/41400648/88x50,https://www.styleshare.kr/brands/3849
너튜브 PICK,https://usercontents-c.styleshare.io/images/39617971/88x50,https://www.styleshare.kr/brands/4984
너트앤볼트,https://usercontents-c.styleshare.io/images/22826395/88x50,https://www.styleshare.kr/brands/4550
널스디,https://usercontents-c.styleshare.io/images/24928204/88x50,https://www.styleshare.kr/brands/4367
네버에버,https://usercontents-c.styleshare.io/images/422e1a8a-f7e1-4580-8ade-6d7d916e8e06/88x50,https://www.styleshare.kr/brands/119
네스티킥,https://usercontents-c.styleshare.io/images/37910117/88x50,https://www.styleshare.kr/brands/3399
네스티팜,https://usercontents-c.styleshare.io/images/39534029/88x50,https://www.styleshare.kr/brands/120
네스티팬시클럽(NASTY FANCY CLUB),https://usercontents-c.styleshare.io/images/24570604/88x50,https://www.styleshare.kr/brands/4148
네시픽,https://usercontents-c.styleshare.io/images/24390652/88x50,https://www.styleshare.kr/brands/4355
네오라인,https://usercontents-c.styleshare.io/images/24390647/88x50,https://www.styleshare.kr/brands/3343
네온더스트,https://usercontents-c.styleshare.io/images/25438221/88x50,https://www.styleshare.kr/brands/3322
네온문,https://usercontents-c.styleshare.io/images/31867547/88x50,https://www.styleshare.kr/brands/1977
네이처리퍼블릭,https://usercontents-c.styleshare.io/images/34429516/88x50,https://www.styleshare.kr/brands/3515
네이처캔들,https://usercontents-c.styleshare.io/images/42943167/88x50,https://www.styleshare.kr/brands/3170
네이처톡,https://usercontents-c.styleshare.io/images/42694301/88x50,https://www.styleshare.kr/brands/3674
네이크업페이스,https://usercontents-c.styleshare.io/images/40083002/88x50,https://www.styleshare.kr/brands/3211
네이키드니스,https://usercontents-c.styleshare.io/images/43003280/88x50,https://www.styleshare.kr/brands/128
넥시,https://usercontents-c.styleshare.io/images/21401431/88x50,https://www.styleshare.kr/brands/4792
넬로,https://usercontents-c.styleshare.io/images/18816866/88x50,https://www.styleshare.kr/brands/4436
노네임,https://usercontents-c.styleshare.io/images/41659581/88x50,https://www.styleshare.kr/brands/4957
노델,https://usercontents-c.styleshare.io/images/31868067/88x50,https://www.styleshare.kr/brands/2801
노베스타,https://usercontents-c.styleshare.io/images/42282150/88x50,https://www.styleshare.kr/brands/140
노벰버 화이트,https://usercontents-c.styleshare.io/images/43012705/88x50,https://www.styleshare.kr/brands/4609
노블클로즈(novelclothes),https://usercontents-c.styleshare.io/images/23113023/88x50,https://www.styleshare.kr/brands/3682
노비스,https://usercontents-c.styleshare.io/images/21149131/88x50,https://www.styleshare.kr/brands/4726
노비스,https://usercontents-c.styleshare.io/images/42946580/88x50,https://www.styleshare.kr/brands/4725
노스페이스,https://usercontents-c.styleshare.io/images/42307646/88x50,https://www.styleshare.kr/brands/4535
노이지컴퍼니,https://usercontents-c.styleshare.io/images/35726078/88x50,https://www.styleshare.kr/brands/2901
노이커먼,https://usercontents-c.styleshare.io/images/25512279/88x50,https://www.styleshare.kr/brands/2629
노타모,https://usercontents-c.styleshare.io/images/21186551/88x50,https://www.styleshare.kr/brands/4944
논논(NONENON),https://usercontents-c.styleshare.io/images/22316722/88x50,https://www.styleshare.kr/brands/2665
논앤논,https://usercontents-c.styleshare.io/images/31668924/88x50,https://www.styleshare.kr/brands/4001
누누핑거스,https://usercontents-c.styleshare.io/images/20832834/88x50,https://www.styleshare.kr/brands/2846
누니,https://usercontents-c.styleshare.io/images/33371143/88x50,https://www.styleshare.kr/brands/2618
누드본즈,https://usercontents-c.styleshare.io/images/42796240/88x50,https://www.styleshare.kr/brands/3030
누리숲,https://usercontents-c.styleshare.io/images/34727737/88x50,https://www.styleshare.kr/brands/3641
누이슈,https://usercontents-c.styleshare.io/images/18862059/88x50,https://www.styleshare.kr/brands/2634
누톤,https://usercontents-c.styleshare.io/images/21140469/88x50,https://www.styleshare.kr/brands/3817
누트,https://usercontents-c.styleshare.io/images/34242748/88x50,https://www.styleshare.kr/brands/4904
누퍼,https://usercontents-c.styleshare.io/images/43131938/88x50,https://www.styleshare.kr/brands/3899
눅스,https://usercontents-c.styleshare.io/images/fc9593bf-198b-41e1-bac3-7f3adbb29866/88x50,https://www.styleshare.kr/brands/2869
뉴발란스,https://usercontents-c.styleshare.io/images/41703881/88x50,https://www.styleshare.kr/brands/160
뉴에라,https://usercontents-c.styleshare.io/images/21149169/88x50,https://www.styleshare.kr/brands/2558
뉴해빗,https://usercontents-c.styleshare.io/images/34550423/88x50,https://www.styleshare.kr/brands/166
느와,https://usercontents-c.styleshare.io/images/24558020/88x50,https://www.styleshare.kr/brands/5011
니까,https://usercontents-c.styleshare.io/images/42484701/88x50,https://www.styleshare.kr/brands/6142
니드 (niid),https://usercontents-c.styleshare.io/images/42889535/88x50,https://www.styleshare.kr/brands/4613
다니엘웰링턴,https://usercontents-c.styleshare.io/images/25512293/88x50,https://www.styleshare.kr/brands/3066
다다슈프림,https://usercontents-c.styleshare.io/images/23608174/88x50,https://www.styleshare.kr/brands/178
다비도프,https://usercontents-c.styleshare.io/images/21186853/88x50,https://www.styleshare.kr/brands/2491
다소울,https://usercontents-c.styleshare.io/images/21566077/88x50,https://www.styleshare.kr/brands/2835
다온아토,https://usercontents-c.styleshare.io/images/39380848/88x50,https://www.styleshare.kr/brands/4349
다이나핏,https://usercontents-c.styleshare.io/images/42767241/88x50,https://www.styleshare.kr/brands/4892
다이안,https://usercontents-c.styleshare.io/images/21206249/88x50,https://www.styleshare.kr/brands/2118
다이클레즈,https://usercontents-c.styleshare.io/images/ab90b7bd-02ff-4b57-89bf-bccd7cfb7367/88x50,https://www.styleshare.kr/brands/3065
닥터뉴엘,https://usercontents-c.styleshare.io/images/18817570/88x50,https://www.styleshare.kr/brands/2178
닥터닥터,https://usercontents-c.styleshare.io/images/24290707/88x50,https://www.styleshare.kr/brands/4091
닥터리브,https://usercontents-c.styleshare.io/images/25153783/88x50,https://www.styleshare.kr/brands/3136
닥터마인드,https://usercontents-c.styleshare.io/images/18371536/88x50,https://www.styleshare.kr/brands/3131
닥터마틴,https://usercontents-c.styleshare.io/images/41168062/88x50,https://www.styleshare.kr/brands/192
닥터미네랄,https://usercontents-c.styleshare.io/images/41782858/88x50,https://www.styleshare.kr/brands/3765
닥터배,https://usercontents-c.styleshare.io/images/33370803/88x50,https://www.styleshare.kr/brands/4565
닥터버블,https://usercontents-c.styleshare.io/images/38284677/88x50,https://www.styleshare.kr/brands/3196
닥터슈라클,https://usercontents-c.styleshare.io/images/41558534/88x50,https://www.styleshare.kr/brands/4637
닥터시드,https://usercontents-c.styleshare.io/images/38332579/88x50,https://www.styleshare.kr/brands/3816
닥터에스,https://usercontents-c.styleshare.io/images/42285086/88x50,https://www.styleshare.kr/brands/4195
닥터엔디에스,https://usercontents-c.styleshare.io/images/38917899/88x50,https://www.styleshare.kr/brands/4603
닥터영,https://usercontents-c.styleshare.io/images/38557306/88x50,https://www.styleshare.kr/brands/4200
닥터오라클,https://usercontents-c.styleshare.io/images/37332232/88x50,https://www.styleshare.kr/brands/4735
닥터오킴스,https://usercontents-c.styleshare.io/images/42707073/88x50,https://www.styleshare.kr/brands/4307
닥터자르트,https://usercontents-c.styleshare.io/images/21086369/88x50,https://www.styleshare.kr/brands/2633
닥터제이준,https://usercontents-c.styleshare.io/images/38484448/88x50,https://www.styleshare.kr/brands/4107
닥터지,https://usercontents-c.styleshare.io/images/23687673/88x50,https://www.styleshare.kr/brands/3319
닥터틸즈,https://usercontents-c.styleshare.io/images/41896097/88x50,https://www.styleshare.kr/brands/2710
닥터프로그,https://usercontents-c.styleshare.io/images/21080109/88x50,https://www.styleshare.kr/brands/4230
닥터피지,https://usercontents-c.styleshare.io/images/15bece87-3586-4198-b719-3a482e213132/88x50,https://www.styleshare.kr/brands/3242
닥터홀스,https://usercontents-c.styleshare.io/images/32571681/88x50,https://www.styleshare.kr/brands/4655
달라이티,https://usercontents-c.styleshare.io/images/24033130/88x50,https://www.styleshare.kr/brands/2705
달리샵,https://usercontents-c.styleshare.io/images/23374112/88x50,https://www.styleshare.kr/brands/6144
달리아,https://usercontents-c.styleshare.io/images/22273681/88x50,https://www.styleshare.kr/brands/3740
달바,https://usercontents-c.styleshare.io/images/37864939/88x50,https://www.styleshare.kr/brands/3283
달콤노리,https://usercontents-c.styleshare.io/images/18819085/88x50,https://www.styleshare.kr/brands/3175
달팡,https://usercontents-c.styleshare.io/images/40522402/88x50,https://www.styleshare.kr/brands/2863
대두,https://usercontents-c.styleshare.io/images/25512302/88x50,https://www.styleshare.kr/brands/3017
댐굿라이프,https://usercontents-c.styleshare.io/images/2d99344c-9ea2-4c47-9b70-a246410ee5c0/88x50,https://www.styleshare.kr/brands/4145
더글로우,https://usercontents-c.styleshare.io/images/37362006/88x50,https://www.styleshare.kr/brands/2072
더나인몰,https://usercontents-c.styleshare.io/images/33399023/88x50,https://www.styleshare.kr/brands/4499
더네프,https://usercontents-c.styleshare.io/images/36847393/88x50,https://www.styleshare.kr/brands/4326
더노즈,https://usercontents-c.styleshare.io/images/38557312/88x50,https://www.styleshare.kr/brands/2479
더라이크,https://usercontents-c.styleshare.io/images/42483165/88x50,https://www.styleshare.kr/brands/6184
더랩바이블랑두,https://usercontents-c.styleshare.io/images/36666933/88x50,https://www.styleshare.kr/brands/4112
더레드립,https://usercontents-c.styleshare.io/images/40034275/88x50,https://www.styleshare.kr/brands/3818
더마벨,https://usercontents-c.styleshare.io/images/5fd22ab6-faed-4631-ae0f-054d15845d14/88x50,https://www.styleshare.kr/brands/4090
더마비,https://usercontents-c.styleshare.io/images/24256902/88x50,https://www.styleshare.kr/brands/4239
더마엘라비에,https://usercontents-c.styleshare.io/images/36340321/88x50,https://www.styleshare.kr/brands/4766
더마콜,https://usercontents-c.styleshare.io/images/31868062/88x50,https://www.styleshare.kr/brands/4075
더마토리,https://usercontents-c.styleshare.io/images/21146508/88x50,https://www.styleshare.kr/brands/4423
더마토리,https://usercontents-c.styleshare.io/images/25512315/88x50,https://www.styleshare.kr/brands/6113
더마트로프(thaumatrope),https://usercontents-c.styleshare.io/images/21037545/88x50,https://www.styleshare.kr/brands/3312
더모티브,https://usercontents-c.styleshare.io/images/42851588/88x50,https://www.styleshare.kr/brands/4050
더베리띵(theverything),https://usercontents-c.styleshare.io/images/20290462/88x50,https://www.styleshare.kr/brands/3681
더블낭,https://usercontents-c.styleshare.io/images/25032952/88x50,https://www.styleshare.kr/brands/2680
더블리츠,https://usercontents-c.styleshare.io/images/18296064/88x50,https://www.styleshare.kr/brands/3393
더블아드레날린신드롬,https://usercontents-c.styleshare.io/images/cf7b2ec1-2732-497e-b38b-98ce1d7a067c/88x50,https://www.styleshare.kr/brands/2626
더블에이씨,https://usercontents-c.styleshare.io/images/21149185/88x50,https://www.styleshare.kr/brands/4910
더블유더블유더블유닷컴,https://usercontents-c.styleshare.io/images/38133728/88x50,https://www.styleshare.kr/brands/2499
더블유드레스룸,https://usercontents-c.styleshare.io/images/21216312/88x50,https://www.styleshare.kr/brands/2026
더블유랩,https://usercontents-c.styleshare.io/images/22202964/88x50,https://www.styleshare.kr/brands/1982
더블유브이프로젝트,https://usercontents-c.styleshare.io/images/21825795/88x50,https://www.styleshare.kr/brands/2417
더블콤보,https://usercontents-c.styleshare.io/images/25374330/88x50,https://www.styleshare.kr/brands/2496
더블쿼츠,https://usercontents-c.styleshare.io/images/24738526/88x50,https://www.styleshare.kr/brands/4173
더샘,https://usercontents-c.styleshare.io/images/22826412/88x50,https://www.styleshare.kr/brands/2159
더샤워부스,https://usercontents-c.styleshare.io/images/39010742/88x50,https://www.styleshare.kr/brands/2898
더쇼즈낫오버,https://usercontents-c.styleshare.io/images/38149959/88x50,https://www.styleshare.kr/brands/2906
더쉴,https://usercontents-c.styleshare.io/images/40035956/88x50,https://www.styleshare.kr/brands/3501
더완더,https://usercontents-c.styleshare.io/images/24558282/88x50,https://www.styleshare.kr/brands/3361
더커넥트,https://usercontents-c.styleshare.io/images/21825329/88x50,https://www.styleshare.kr/brands/2203
더크림(The Cream),https://usercontents-c.styleshare.io/images/21184570/88x50,https://www.styleshare.kr/brands/4319
더티노프,https://usercontents-c.styleshare.io/images/41040788/88x50,https://www.styleshare.kr/brands/4175
더페이스샵,https://usercontents-c.styleshare.io/images/23374955/88x50,https://www.styleshare.kr/brands/4429
더플랜트베이스,https://usercontents-c.styleshare.io/images/24093876/88x50,https://www.styleshare.kr/brands/3308
덕다이브,https://usercontents-c.styleshare.io/images/42783981/88x50,https://www.styleshare.kr/brands/2884
던롭,https://usercontents-c.styleshare.io/images/19558244/88x50,https://www.styleshare.kr/brands/2170
던스트,https://usercontents-c.styleshare.io/images/42127450/88x50,https://www.styleshare.kr/brands/4552
덤스모어,https://usercontents-c.styleshare.io/images/34550553/88x50,https://www.styleshare.kr/brands/3177
덤퍼,https://usercontents-c.styleshare.io/images/33373158/88x50,https://www.styleshare.kr/brands/2602
데드엔드,https://usercontents-c.styleshare.io/images/42383080/88x50,https://www.styleshare.kr/brands/4898
데메테르,https://usercontents-c.styleshare.io/images/41780899/88x50,https://www.styleshare.kr/brands/2319
데비웨어,https://usercontents-c.styleshare.io/images/defd2261-5e87-43ef-81e6-dbe4c9aa5abe/88x50,https://www.styleshare.kr/brands/4471
데상트,https://usercontents-c.styleshare.io/images/37362033/88x50,https://www.styleshare.kr/brands/3027
데생,https://usercontents-c.styleshare.io/images/42890220/88x50,https://www.styleshare.kr/brands/3256
데싱디바,https://usercontents-c.styleshare.io/images/39943760/88x50,https://www.styleshare.kr/brands/4063
데어메스(DareMess),https://usercontents-c.styleshare.io/images/19558269/88x50,https://www.styleshare.kr/brands/4636
데얼쉬이즈,https://usercontents-c.styleshare.io/images/24592654/88x50,https://www.styleshare.kr/brands/6111
데이라이프,https://usercontents-c.styleshare.io/images/39977809/88x50,https://www.styleshare.kr/brands/244
데이지딕슨,https://usercontents-c.styleshare.io/images/6afa06db-8d39-462f-8c0a-30a399a1fcf0/88x50,https://www.styleshare.kr/brands/4917
데이하트,https://usercontents-c.styleshare.io/images/22826932/88x50,https://www.styleshare.kr/brands/2455
데일리비,https://usercontents-c.styleshare.io/images/19718838/88x50,https://www.styleshare.kr/brands/4402
데일리솔,https://usercontents-c.styleshare.io/images/36035507/88x50,https://www.styleshare.kr/brands/2293
데일리스킨,https://usercontents-c.styleshare.io/images/37136256/88x50,https://www.styleshare.kr/brands/2560
데일리유니크,https://usercontents-c.styleshare.io/images/22390044/88x50,https://www.styleshare.kr/brands/4413
데트클리어,https://usercontents-c.styleshare.io/images/43127950/88x50,https://www.styleshare.kr/brands/2772
덴스,https://usercontents-c.styleshare.io/images/39163508/88x50,https://www.styleshare.kr/brands/2687
델리리움,https://usercontents-c.styleshare.io/images/18819250/88x50,https://www.styleshare.kr/brands/2410
뎁(DEBB),https://usercontents-c.styleshare.io/images/37536165/88x50,https://www.styleshare.kr/brands/4026
뎃츠잇,https://usercontents-c.styleshare.io/images/42759176/88x50,https://www.styleshare.kr/brands/4102
도름,https://usercontents-c.styleshare.io/images/25512186/88x50,https://www.styleshare.kr/brands/3041
도리스,https://usercontents-c.styleshare.io/images/21124848/88x50,https://www.styleshare.kr/brands/5009
도미넌트,https://usercontents-c.styleshare.io/images/21086065/88x50,https://www.styleshare.kr/brands/4330
돈애스크마이플랜,https://usercontents-c.styleshare.io/images/24392240/88x50,https://www.styleshare.kr/brands/258
돈키,https://usercontents-c.styleshare.io/images/31959266/88x50,https://www.styleshare.kr/brands/4120
돌체앤가바나,https://usercontents-c.styleshare.io/images/38815079/88x50,https://www.styleshare.kr/brands/2585
돌핀,https://usercontents-c.styleshare.io/images/31841037/88x50,https://www.styleshare.kr/brands/3550
돔바,https://usercontents-c.styleshare.io/images/34162166/88x50,https://www.styleshare.kr/brands/2630
두발로,https://usercontents-c.styleshare.io/images/42294679/88x50,https://www.styleshare.kr/brands/2707
두잇,https://usercontents-c.styleshare.io/images/40368974/88x50,https://www.styleshare.kr/brands/3326
뒤나미스,https://usercontents-c.styleshare.io/images/35582818/88x50,https://www.styleshare.kr/brands/2781
뒤란,https://usercontents-c.styleshare.io/images/22024619/88x50,https://www.styleshare.kr/brands/3688
듀오,https://usercontents-c.styleshare.io/images/23375242/88x50,https://www.styleshare.kr/brands/4293
듀왑,https://usercontents-c.styleshare.io/images/42787235/88x50,https://www.styleshare.kr/brands/3622
듀이트리,https://usercontents-c.styleshare.io/images/41287503/88x50,https://www.styleshare.kr/brands/3867
듀퐁,https://usercontents-c.styleshare.io/images/21711496/88x50,https://www.styleshare.kr/brands/4737
드라이프,https://usercontents-c.styleshare.io/images/32789041/88x50,https://www.styleshare.kr/brands/2882
드러그 위드아웃 사이드 이펙트,https://usercontents-c.styleshare.io/images/21853659/88x50,https://www.styleshare.kr/brands/2355
드러머보이즈,https://usercontents-c.styleshare.io/images/42380425/88x50,https://www.styleshare.kr/brands/2973
드레피소드,https://usercontents-c.styleshare.io/images/42982714/88x50,https://www.styleshare.kr/brands/3178
드리스반노튼,https://usercontents-c.styleshare.io/images/25965564/88x50,https://www.styleshare.kr/brands/4818
드리오페,https://usercontents-c.styleshare.io/images/18819299/88x50,https://www.styleshare.kr/brands/4574
드리프트아웃,https://usercontents-c.styleshare.io/images/31841061/88x50,https://www.styleshare.kr/brands/2889
드리프트아웃(DRIFTOUT),https://usercontents-c.styleshare.io/images/41401422/88x50,https://www.styleshare.kr/brands/3762
드망쉐,https://usercontents-c.styleshare.io/images/42767669/88x50,https://www.styleshare.kr/brands/2934
드보체,https://usercontents-c.styleshare.io/images/42759307/88x50,https://www.styleshare.kr/brands/4745
디넥트,https://usercontents-c.styleshare.io/images/35446525/88x50,https://www.styleshare.kr/brands/4947
디디,https://usercontents-c.styleshare.io/images/21147340/88x50,https://www.styleshare.kr/brands/3315
디디팝,https://usercontents-c.styleshare.io/images/21206630/88x50,https://www.styleshare.kr/brands/2037
디랩,https://usercontents-c.styleshare.io/images/19587840/88x50,https://www.styleshare.kr/brands/2522
디미트리블랙,https://usercontents-c.styleshare.io/images/38400848/88x50,https://www.styleshare.kr/brands/4579
디스커버리 익스페디션,https://usercontents-c.styleshare.io/images/18819326/88x50,https://www.styleshare.kr/brands/4130
디스퀘어드2,https://usercontents-c.styleshare.io/images/38461172/88x50,https://www.styleshare.kr/brands/4861
디쏘에이치,https://usercontents-c.styleshare.io/images/38840188/88x50,https://www.styleshare.kr/brands/3976
디씬,https://usercontents-c.styleshare.io/images/21187086/88x50,https://www.styleshare.kr/brands/2721
디아도라,https://usercontents-c.styleshare.io/images/42605643/88x50,https://www.styleshare.kr/brands/2334
디아도라헤리티지,https://usercontents-c.styleshare.io/images/18793553/88x50,https://www.styleshare.kr/brands/296
디아이블랑,https://usercontents-c.styleshare.io/images/40673422/88x50,https://www.styleshare.kr/brands/4218
디어마이유니버스,https://usercontents-c.styleshare.io/images/40369008/88x50,https://www.styleshare.kr/brands/2062
디어메이,https://usercontents-c.styleshare.io/images/22702822/88x50,https://www.styleshare.kr/brands/4223
디어문,https://usercontents-c.styleshare.io/images/42756770/88x50,https://www.styleshare.kr/brands/4299
디어스토커,https://usercontents-c.styleshare.io/images/21187138/88x50,https://www.styleshare.kr/brands/2523
디어원,https://usercontents-c.styleshare.io/images/40189467/88x50,https://www.styleshare.kr/brands/4778
디어패커,https://usercontents-c.styleshare.io/images/42891545/88x50,https://www.styleshare.kr/brands/2209
디어피어,https://usercontents-c.styleshare.io/images/24936648/88x50,https://www.styleshare.kr/brands/4511
디얼스,https://usercontents-c.styleshare.io/images/25512193/88x50,https://www.styleshare.kr/brands/2458
디온리원,https://usercontents-c.styleshare.io/images/fe4a171b-5a11-49e5-b115-e06eeb1527b3/88x50,https://www.styleshare.kr/brands/3096
디올옴므,https://usercontents-c.styleshare.io/images/36291249/88x50,https://www.styleshare.kr/brands/4841
디자이너스,https://usercontents-c.styleshare.io/images/e94b6636-ca83-4706-b1ef-6a91a1afad6e/88x50,https://www.styleshare.kr/brands/2155
디자인스킨,https://usercontents-c.styleshare.io/images/25383370/88x50,https://www.styleshare.kr/brands/2725
디젤,https://usercontents-c.styleshare.io/images/25521765/88x50,https://www.styleshare.kr/brands/4918
디즈고틱,https://usercontents-c.styleshare.io/images/22076281/88x50,https://www.styleshare.kr/brands/3403
디즈니,https://usercontents-c.styleshare.io/images/20615420/88x50,https://www.styleshare.kr/brands/3551
디즈도즈,https://usercontents-c.styleshare.io/images/31140704/88x50,https://www.styleshare.kr/brands/6103
디컬러,https://usercontents-c.styleshare.io/images/31867847/88x50,https://www.styleshare.kr/brands/4042
디컬트,https://usercontents-c.styleshare.io/images/39929921/88x50,https://www.styleshare.kr/brands/6115
디케이툰,https://usercontents-c.styleshare.io/images/39929925/88x50,https://www.styleshare.kr/brands/3521
디클립,https://usercontents-c.styleshare.io/images/22084105/88x50,https://www.styleshare.kr/brands/313
디키즈,https://usercontents-c.styleshare.io/images/33039789/88x50,https://www.styleshare.kr/brands/3626
디파스칼,https://usercontents-c.styleshare.io/images/18794983/88x50,https://www.styleshare.kr/brands/2956
디폴트,https://usercontents-c.styleshare.io/images/31850368/88x50,https://www.styleshare.kr/brands/2604
디핑케이스,https://usercontents-c.styleshare.io/images/37862271/88x50,https://www.styleshare.kr/brands/3101
딕닷,https://usercontents-c.styleshare.io/images/42085459/88x50,https://www.styleshare.kr/brands/3664
딘스 포 맨,https://usercontents-c.styleshare.io/images/39979174/88x50,https://www.styleshare.kr/brands/4398
