1,https://usercontents-c.styleshare.io/images/159071cd-7292-4bd4-b3e2-514a922692c5/720x720
2,https://usercontents-c.styleshare.io/images/7585bd6c-66b6-4368-8013-59527378a8db/720x720
3,https://usercontents-c.styleshare.io/images/1b1f4861-b9c4-4a01-b59f-55a7106a2e0f/720x720
4,https://usercontents-c.styleshare.io/images/f55f5e53-aa50-4e80-ad7d-87a3b8e974fb/720x720
5,https://usercontents-c.styleshare.io/images/4c414507-351f-4959-aaf4-0abf295e6c9d/720x720
6,https://usercontents-c.styleshare.io/images/4c414507-351f-4959-aaf4-0abf295e6c9d/720x720
7,https://usercontents-c.styleshare.io/images/bb52ce4e-2b13-4d86-957d-c02b31e4eff4/720x720
8,https://usercontents-c.styleshare.io/images/bb52ce4e-2b13-4d86-957d-c02b31e4eff4/720x720
9,https://usercontents-c.styleshare.io/images/806d227b-31a3-4fc8-ae45-eca88d8eb704/720x720
10,https://usercontents-c.styleshare.io/images/806d227b-31a3-4fc8-ae45-eca88d8eb704/720x720
11,https://usercontents-c.styleshare.io/images/1cb12cdb-00b0-4df6-8a7a-564074047a00/720x720
12,https://usercontents-c.styleshare.io/images/1cb12cdb-00b0-4df6-8a7a-564074047a00/720x720
13,https://usercontents-c.styleshare.io/images/076d3aad-e647-40a1-9253-22270083898d/720x720
14,https://usercontents-c.styleshare.io/images/076d3aad-e647-40a1-9253-22270083898d/720x720
15,https://usercontents-c.styleshare.io/images/64ffbf73-b5da-48ba-84da-f68d15ff5381/720x720
16,https://usercontents-c.styleshare.io/images/2a3c757e-38e7-4c22-9ea7-fcb412e9738f/720x720
17,https://usercontents-c.styleshare.io/images/2a3c757e-38e7-4c22-9ea7-fcb412e9738f/720x720
18,https://usercontents-c.styleshare.io/images/4e054f8b-3e76-4605-9962-1b044c5c1fde/720x720
19,https://usercontents-c.styleshare.io/images/4e054f8b-3e76-4605-9962-1b044c5c1fde/720x720
20,https://usercontents-c.styleshare.io/images/beec450f-9648-4975-a9e1-5accefc960c6/720x720
21,https://usercontents-c.styleshare.io/images/beec450f-9648-4975-a9e1-5accefc960c6/720x720
22,https://usercontents-c.styleshare.io/images/41f4c43a-56ae-4b5b-b8a2-f2bec5aa5f2e/720x720
23,https://usercontents-c.styleshare.io/images/41f4c43a-56ae-4b5b-b8a2-f2bec5aa5f2e/720x720
24,https://usercontents-c.styleshare.io/images/4469bab6-7c07-4959-af67-4bf9fb67cb0b/720x720
25,https://usercontents-c.styleshare.io/images/4469bab6-7c07-4959-af67-4bf9fb67cb0b/720x720
26,https://usercontents-c.styleshare.io/images/c7dd011c-3039-46d0-a592-37ebcbc30f0d/720x720
27,https://usercontents-c.styleshare.io/images/c7dd011c-3039-46d0-a592-37ebcbc30f0d/720x720
28,https://usercontents-c.styleshare.io/images/895e4b5b-5f3f-47b6-9514-e520b94cbe08/720x720
29,https://usercontents-c.styleshare.io/images/895e4b5b-5f3f-47b6-9514-e520b94cbe08/720x720
30,https://usercontents-c.styleshare.io/images/a2688d2f-d11a-4fc9-a4a3-69a95e9995cb/720x720
31,https://usercontents-c.styleshare.io/images/a2688d2f-d11a-4fc9-a4a3-69a95e9995cb/720x720
32,https://usercontents-c.styleshare.io/images/c89dbfeb-6b4d-4c2a-8eb0-e355d2087ff7/720x720
33,https://usercontents-c.styleshare.io/images/c89dbfeb-6b4d-4c2a-8eb0-e355d2087ff7/720x720
34,https://usercontents-c.styleshare.io/images/380473f2-2a35-4738-a8ad-93bba0e3c203/720x720
35,https://usercontents-c.styleshare.io/images/380473f2-2a35-4738-a8ad-93bba0e3c203/720x720
36,https://usercontents-c.styleshare.io/images/3959b7bc-0e78-45f5-a24c-3cabdc1eb0ad/720x720
37,https://usercontents-c.styleshare.io/images/3959b7bc-0e78-45f5-a24c-3cabdc1eb0ad/720x720
38,https://usercontents-c.styleshare.io/images/d1cef8ef-5618-4f16-a029-768ee25a02aa/720x720
39,https://usercontents-c.styleshare.io/images/d1cef8ef-5618-4f16-a029-768ee25a02aa/720x720
40,https://usercontents-c.styleshare.io/images/b45a2a21-f766-4f21-a2e3-c88305e90c7b/720x720
41,https://usercontents-c.styleshare.io/images/b45a2a21-f766-4f21-a2e3-c88305e90c7b/720x720
42,https://usercontents-c.styleshare.io/images/fc608176-5f7c-4c51-be5b-d04156b41a04/720x720
43,https://usercontents-c.styleshare.io/images/fc608176-5f7c-4c51-be5b-d04156b41a04/720x720
44,https://usercontents-c.styleshare.io/images/00219de2-604c-43b6-9be2-d72db989b4dc/720x720
45,https://usercontents-c.styleshare.io/images/00219de2-604c-43b6-9be2-d72db989b4dc/720x720
46,https://usercontents-c.styleshare.io/images/402cc4db-1c1e-486c-8914-a6182311d24c/720x720
47,https://usercontents-c.styleshare.io/images/759f87d5-6cdd-413c-ae24-e402d8b090b5/720x720
48,https://usercontents-c.styleshare.io/images/c608c218-baec-4cb3-a1c7-1a7474175aff/720x720
49,https://usercontents-c.styleshare.io/images/c608c218-baec-4cb3-a1c7-1a7474175aff/720x720
50,https://usercontents-c.styleshare.io/images/500de403-d7e8-4571-8e6b-37f504803fea/720x720
51,https://usercontents-c.styleshare.io/images/500de403-d7e8-4571-8e6b-37f504803fea/720x720
52,https://usercontents-c.styleshare.io/images/b7bfd250-f65c-48ca-909d-013b474a1af3/720x720
53,https://usercontents-c.styleshare.io/images/b7bfd250-f65c-48ca-909d-013b474a1af3/720x720
54,https://usercontents-c.styleshare.io/images/07dd4843-0784-41b9-99e1-ea3ba25f64d1/720x720
55,https://usercontents-c.styleshare.io/images/07dd4843-0784-41b9-99e1-ea3ba25f64d1/720x720
56,https://usercontents-c.styleshare.io/images/9bec0887-bf00-4eed-be8e-356127588fcd/720x720
57,https://usercontents-c.styleshare.io/images/9bec0887-bf00-4eed-be8e-356127588fcd/720x720
58,https://usercontents-c.styleshare.io/images/d3a77ba1-325a-461b-86f1-3c883a937e47/720x720
59,https://usercontents-c.styleshare.io/images/d3a77ba1-325a-461b-86f1-3c883a937e47/720x720
60,https://usercontents-c.styleshare.io/images/1b933afa-cb4c-4b6a-927a-234a7c7aacef/720x720
61,https://usercontents-c.styleshare.io/images/1b933afa-cb4c-4b6a-927a-234a7c7aacef/720x720
62,https://usercontents-c.styleshare.io/images/e714e634-f60b-4281-ae9f-2056a3e82625/720x720
63,https://usercontents-c.styleshare.io/images/e714e634-f60b-4281-ae9f-2056a3e82625/720x720
64,https://usercontents-c.styleshare.io/images/1d91f573-cae2-4d48-bdb0-bc2c49b724a1/720x720
65,https://usercontents-c.styleshare.io/images/1d91f573-cae2-4d48-bdb0-bc2c49b724a1/720x720
66,https://usercontents-c.styleshare.io/images/09ea4468-c4c2-4383-aa24-b12439bff6ce/720x720
67,https://usercontents-c.styleshare.io/images/09ea4468-c4c2-4383-aa24-b12439bff6ce/720x720
68,https://usercontents-c.styleshare.io/images/49b60d88-a086-402b-ae02-833b01c7e089/720x720
69,https://usercontents-c.styleshare.io/images/49b60d88-a086-402b-ae02-833b01c7e089/720x720
70,https://usercontents-c.styleshare.io/images/617569ac-3143-4885-a678-6f08ba69c6ca/720x720
71,https://usercontents-c.styleshare.io/images/617569ac-3143-4885-a678-6f08ba69c6ca/720x720
72,https://usercontents-c.styleshare.io/images/ef4d48e6-3d10-499b-addc-9e3f300f3c1f/720x720
73,https://usercontents-c.styleshare.io/images/ef4d48e6-3d10-499b-addc-9e3f300f3c1f/720x720
74,https://usercontents-c.styleshare.io/images/b48320ca-e89a-47b9-bc6d-f590dbb6656f/720x720
75,https://usercontents-c.styleshare.io/images/b48320ca-e89a-47b9-bc6d-f590dbb6656f/720x720
76,https://usercontents-c.styleshare.io/images/088e6350-3954-4e5d-992d-2113f745189c/720x720
77,https://usercontents-c.styleshare.io/images/088e6350-3954-4e5d-992d-2113f745189c/720x720
78,https://usercontents-c.styleshare.io/images/2d10a70e-4182-4fe2-99ab-1aa644f2f772/720x720
79,https://usercontents-c.styleshare.io/images/2d10a70e-4182-4fe2-99ab-1aa644f2f772/720x720
80,https://usercontents-c.styleshare.io/images/d5d86f9e-3f58-49b0-b9c2-d66228248961/720x720
81,https://usercontents-c.styleshare.io/images/d5d86f9e-3f58-49b0-b9c2-d66228248961/720x720
82,https://usercontents-c.styleshare.io/images/d5c16ba2-6d35-4b91-83bc-7baf34d21153/720x720
83,https://usercontents-c.styleshare.io/images/d5c16ba2-6d35-4b91-83bc-7baf34d21153/720x720
84,https://usercontents-c.styleshare.io/images/9d97a6e2-d904-4169-9b46-2dad3dbab5be/720x720
85,https://usercontents-c.styleshare.io/images/9d97a6e2-d904-4169-9b46-2dad3dbab5be/720x720
86,https://usercontents-c.styleshare.io/images/9fbe4a5d-ca13-4ae9-9aa4-d218bd72bc33/720x720
87,https://usercontents-c.styleshare.io/images/9fbe4a5d-ca13-4ae9-9aa4-d218bd72bc33/720x720
88,https://usercontents-c.styleshare.io/images/15537343-1c79-4cb5-be7c-3ce5571b0010/720x720
89,https://usercontents-c.styleshare.io/images/15537343-1c79-4cb5-be7c-3ce5571b0010/720x720
90,https://usercontents-c.styleshare.io/images/e1d792a3-47c7-4619-89d4-30f37445798a/720x720
91,https://usercontents-c.styleshare.io/images/e1d792a3-47c7-4619-89d4-30f37445798a/720x720
92,https://usercontents-c.styleshare.io/images/e27d7d05-23f6-4b3f-99ee-5e44d4d5b034/720x720
93,https://usercontents-c.styleshare.io/images/e27d7d05-23f6-4b3f-99ee-5e44d4d5b034/720x720
94,https://usercontents-c.styleshare.io/images/7a98a9bf-4acb-4d75-acc5-90d057c6369e/720x720
95,https://usercontents-c.styleshare.io/images/7a98a9bf-4acb-4d75-acc5-90d057c6369e/720x720
96,https://usercontents-c.styleshare.io/images/10663002-8a84-4c27-943c-5b8c9232a746/720x720
97,https://usercontents-c.styleshare.io/images/0c616ef8-0e74-4970-af39-44ab8f62ea2e/720x720
98,https://usercontents-c.styleshare.io/images/5d117dae-0ade-4152-a2b3-666b66957dd1/720x720
99,https://usercontents-c.styleshare.io/images/0816c8a7-010d-44b4-aeb9-15fed03a2640/720x720
100,https://usercontents-c.styleshare.io/images/4611d460-c6e1-467c-bf30-0746a8981b72/720x720
101,https://usercontents-c.styleshare.io/images/a04270cb-88f1-432e-9a61-6beb32326c4c/720x720
102,https://usercontents-c.styleshare.io/images/377fc0c5-d0df-49df-b90b-020ebd604277/720x720
103,https://usercontents-c.styleshare.io/images/56d0c423-66e2-46c7-a2f8-f90b87fc622f/720x720
104,https://usercontents-c.styleshare.io/images/0daf0154-5ce6-43db-83db-5b902f56f69d/720x720
105,https://usercontents-c.styleshare.io/images/5f1261bd-0a86-4ebb-9a81-68ab371aedce/720x720
106,https://usercontents-c.styleshare.io/images/ce83382d-5147-4d57-b2e0-aa52c8ae5adb/720x720
107,https://usercontents-c.styleshare.io/images/751b824a-cfce-4234-928d-7990ab600b7c/720x720
108,https://usercontents-c.styleshare.io/images/b3e94fce-a390-40a0-aa6a-4cb9f96ebbbd/720x720
109,https://usercontents-c.styleshare.io/images/c6954b4c-e6b1-4336-a277-b469a022ad91/720x720
110,https://usercontents-c.styleshare.io/images/f454787f-97fa-46c9-b5d6-a1ed4e6a7fd1/720x720
111,https://usercontents-c.styleshare.io/images/0756742e-f06c-47d1-b49f-30a5f5796d76/720x720
112,https://usercontents-c.styleshare.io/images/64beb75d-94a3-4e7d-8cef-915ab04371f7/720x720
113,https://usercontents-c.styleshare.io/images/276b1146-b61f-428b-9810-fe2ab0c5b213/720x720
114,https://usercontents-c.styleshare.io/images/e62c2017-7ac4-4bfe-a701-842b8ef68393/720x720
115,https://usercontents-c.styleshare.io/images/a6e6c648-7f12-4775-9662-1d8ef640524f/720x720
116,https://usercontents-c.styleshare.io/images/ac4d8dc8-de91-41f9-8232-dba621d150f1/720x720
117,https://usercontents-c.styleshare.io/images/ac4d8dc8-de91-41f9-8232-dba621d150f1/720x720
118,https://usercontents-c.styleshare.io/images/e92af4ef-8e8e-43fa-b761-303d796c910c/720x720
119,https://usercontents-c.styleshare.io/images/e92af4ef-8e8e-43fa-b761-303d796c910c/720x720
120,https://usercontents-c.styleshare.io/images/7c3bb7d5-b401-4bf1-83dc-7015ed9ee789/720x720
121,https://usercontents-c.styleshare.io/images/7c3bb7d5-b401-4bf1-83dc-7015ed9ee789/720x720
122,https://usercontents-c.styleshare.io/images/b63881e6-f0a7-4582-afc6-4b9ba42b2c92/720x720
123,https://usercontents-c.styleshare.io/images/3f0921ab-e3ea-45f0-9d5d-642bb1ee0f82/720x720
124,https://usercontents-c.styleshare.io/images/f424f39b-8427-4936-82eb-3f5892d425d1/720x720
125,https://usercontents-c.styleshare.io/images/53116233-47fd-47f6-b9f9-2417a49f651d/720x720
126,https://usercontents-c.styleshare.io/images/65da3a1a-94f6-40f0-a93c-80cabc12a5ee/720x720
127,https://usercontents-c.styleshare.io/images/3e61d097-0d80-48aa-b135-54735fb20a63/720x720
128,https://usercontents-c.styleshare.io/images/4ac7b1e0-3128-4e76-bbe4-7daa346d8596/720x720
129,https://usercontents-c.styleshare.io/images/27493b61-a68e-405d-8fd2-e5bb9da0904f/720x720
130,https://usercontents-c.styleshare.io/images/563ef9d1-6313-4936-b9a8-75016396069c/720x720
131,https://usercontents-c.styleshare.io/images/dc1663ed-ad1b-47b0-8470-1a93376f4c10/720x720
132,https://usercontents-c.styleshare.io/images/8a00c31f-b234-4115-bf3d-2160f7701325/720x720
133,https://usercontents-c.styleshare.io/images/9d027bf3-9c8f-49f5-bbab-a6856dae8172/720x720
134,https://usercontents-c.styleshare.io/images/643f175c-0b7d-4469-9f05-050bf5f40a5e/720x720
135,https://usercontents-c.styleshare.io/images/8aef9dcd-f12f-462f-ac58-f9d9d2b39b57/720x720
136,https://usercontents-c.styleshare.io/images/8157bc7f-e012-4a83-8007-ebd85a093034/720x720
137,https://usercontents-c.styleshare.io/images/dcc5f73a-53e0-4428-9de6-1cfac3d5625d/720x720
138,https://usercontents-c.styleshare.io/images/0175618c-c566-4d2c-9445-3c8c0d378d85/720x720
139,https://usercontents-c.styleshare.io/images/724786f8-0eec-44f7-b42f-7b89a89ce14a/720x720
140,https://usercontents-c.styleshare.io/images/a33701d2-13fc-4c2e-ad77-6976195d1bb9/720x720
141,https://usercontents-c.styleshare.io/images/435d8171-f41f-4c92-877d-df6cf93bd28d/720x720
142,https://usercontents-c.styleshare.io/images/c851bda7-a7f8-425c-a163-9fa23fe331d3/720x720
143,https://usercontents-c.styleshare.io/images/490942db-d98e-4e14-b60a-49be4eea174e/720x720
144,https://usercontents-c.styleshare.io/images/4f9a56e7-15c2-4008-a544-8e4f1964a3cd/720x720
145,https://usercontents-c.styleshare.io/images/dd6e2588-f60f-43d9-87cd-294b233b4e30/720x720
146,https://usercontents-c.styleshare.io/images/31bd6c5a-b129-4379-bf29-096fc1911cb0/720x720
147,https://usercontents-c.styleshare.io/images/d773ead1-87da-46be-96b9-09dd669a1ca6/720x720
148,https://usercontents-c.styleshare.io/images/925f7720-1fec-458d-9c02-42c0e9869ac1/720x720
149,https://usercontents-c.styleshare.io/images/ce4ab3d4-5258-4338-815f-86b6b5b37ab4/720x720
150,https://usercontents-c.styleshare.io/images/f28d5ace-f2ef-4ca8-8bb7-2866e5a67f41/720x720
151,https://usercontents-c.styleshare.io/images/f28d5ace-f2ef-4ca8-8bb7-2866e5a67f41/720x720
152,https://usercontents-c.styleshare.io/images/92edb505-e737-4241-af25-6b8934dc3267/720x720
153,https://usercontents-c.styleshare.io/images/92edb505-e737-4241-af25-6b8934dc3267/720x720
154,https://usercontents-c.styleshare.io/images/709500b3-fcbe-4bee-acfd-33b474d2d968/720x720
155,https://usercontents-c.styleshare.io/images/709500b3-fcbe-4bee-acfd-33b474d2d968/720x720
156,https://usercontents-c.styleshare.io/images/712f2d89-3d38-4bd6-b53a-729b8235f9d3/720x720
157,https://usercontents-c.styleshare.io/images/712f2d89-3d38-4bd6-b53a-729b8235f9d3/720x720
158,https://usercontents-c.styleshare.io/images/d6bbe4ec-eec4-41d3-ac83-ceb1b6aa3836/720x720
159,https://usercontents-c.styleshare.io/images/d6bbe4ec-eec4-41d3-ac83-ceb1b6aa3836/720x720
160,https://usercontents-c.styleshare.io/images/8a6d046e-6ab1-44f5-9572-adb1eb2c8167/720x720
161,https://usercontents-c.styleshare.io/images/8a6d046e-6ab1-44f5-9572-adb1eb2c8167/720x720
162,https://usercontents-c.styleshare.io/images/f60a1f9b-b191-480d-ab90-f898d6823a78/720x720
163,https://usercontents-c.styleshare.io/images/f60a1f9b-b191-480d-ab90-f898d6823a78/720x720
164,https://usercontents-c.styleshare.io/images/d5d289ea-6996-4303-8438-9cdb3ec8696d/720x720
165,https://usercontents-c.styleshare.io/images/d5d289ea-6996-4303-8438-9cdb3ec8696d/720x720
166,https://usercontents-c.styleshare.io/images/149f7176-3bca-46e7-a47a-e12bdb63f9e7/720x720
167,https://usercontents-c.styleshare.io/images/149f7176-3bca-46e7-a47a-e12bdb63f9e7/720x720
168,https://usercontents-c.styleshare.io/images/ae05ff88-d621-41c8-9fbc-11ffb5934584/720x720
169,https://usercontents-c.styleshare.io/images/ae05ff88-d621-41c8-9fbc-11ffb5934584/720x720
170,https://usercontents-c.styleshare.io/images/05cc043a-bcfc-4f02-bf4a-d97821234ab0/720x720
171,https://usercontents-c.styleshare.io/images/05cc043a-bcfc-4f02-bf4a-d97821234ab0/720x720
172,https://usercontents-c.styleshare.io/images/d215ae3e-95c2-4ec1-aab7-bb6bf9e0ca50/720x720
173,https://usercontents-c.styleshare.io/images/d215ae3e-95c2-4ec1-aab7-bb6bf9e0ca50/720x720
174,https://usercontents-c.styleshare.io/images/609f0b3c-ff74-4718-9086-7bf74a2167b7/720x720
175,https://usercontents-c.styleshare.io/images/609f0b3c-ff74-4718-9086-7bf74a2167b7/720x720
176,https://usercontents-c.styleshare.io/images/06703bc9-90e6-48eb-884c-dfc578b32212/720x720
177,https://usercontents-c.styleshare.io/images/06703bc9-90e6-48eb-884c-dfc578b32212/720x720
178,https://usercontents-c.styleshare.io/images/89a0c5c8-8cbd-4138-a526-873bdb01d0a1/720x720
179,https://usercontents-c.styleshare.io/images/89a0c5c8-8cbd-4138-a526-873bdb01d0a1/720x720
180,https://usercontents-c.styleshare.io/images/72946aeb-91ae-4f01-be06-309b58e89817/720x720
181,https://usercontents-c.styleshare.io/images/72946aeb-91ae-4f01-be06-309b58e89817/720x720
182,https://usercontents-c.styleshare.io/images/e543f09c-2979-4a3b-806f-7ac55146e1f1/720x720
183,https://usercontents-c.styleshare.io/images/e543f09c-2979-4a3b-806f-7ac55146e1f1/720x720
184,https://usercontents-c.styleshare.io/images/cd36c5c3-12d6-4765-addc-a939f16856b5/720x720
185,https://usercontents-c.styleshare.io/images/cd36c5c3-12d6-4765-addc-a939f16856b5/720x720
186,https://usercontents-c.styleshare.io/images/9d625dff-d0b0-4462-8c79-b83ddb243bc9/720x720
187,https://usercontents-c.styleshare.io/images/9d625dff-d0b0-4462-8c79-b83ddb243bc9/720x720
188,https://usercontents-c.styleshare.io/images/726ae942-2958-41a9-bfe1-e1284c2eb2e8/720x720
189,https://usercontents-c.styleshare.io/images/726ae942-2958-41a9-bfe1-e1284c2eb2e8/720x720
190,https://usercontents-c.styleshare.io/images/c3af8338-7e9d-4852-b9a6-4c1039972d52/720x720
191,https://usercontents-c.styleshare.io/images/c3af8338-7e9d-4852-b9a6-4c1039972d52/720x720
192,https://usercontents-c.styleshare.io/images/47b6b24c-42bb-43c4-9495-7348839d2c76/720x720
193,https://usercontents-c.styleshare.io/images/47b6b24c-42bb-43c4-9495-7348839d2c76/720x720
194,https://usercontents-c.styleshare.io/images/07d10517-9826-4a82-aa26-5ef9753a7535/720x720
195,https://usercontents-c.styleshare.io/images/07d10517-9826-4a82-aa26-5ef9753a7535/720x720
196,https://usercontents-c.styleshare.io/images/b5ff2d62-1653-4229-8bed-068f3b16fdcf/720x720
197,https://usercontents-c.styleshare.io/images/b5ff2d62-1653-4229-8bed-068f3b16fdcf/720x720
198,https://usercontents-c.styleshare.io/images/457c6bed-006a-4a1c-9e8a-4b59c7c55eae/720x720
199,https://usercontents-c.styleshare.io/images/457c6bed-006a-4a1c-9e8a-4b59c7c55eae/720x720
200,https://usercontents-c.styleshare.io/images/cbaf0512-f16f-4a68-9cc0-553c19030b34/720x720
201,https://usercontents-c.styleshare.io/images/cbaf0512-f16f-4a68-9cc0-553c19030b34/720x720
202,https://usercontents-c.styleshare.io/images/c7d2955b-c2f2-42b7-8c32-742f284ffb07/720x720
203,https://usercontents-c.styleshare.io/images/c7d2955b-c2f2-42b7-8c32-742f284ffb07/720x720
204,https://usercontents-c.styleshare.io/images/9d2796e9-0cb5-477f-8953-68efb97826b7/720x720
205,https://usercontents-c.styleshare.io/images/9d2796e9-0cb5-477f-8953-68efb97826b7/720x720
206,https://usercontents-c.styleshare.io/images/760ea0e4-e165-4c9a-8401-4ac03c684c14/720x720
207,https://usercontents-c.styleshare.io/images/760ea0e4-e165-4c9a-8401-4ac03c684c14/720x720
208,https://usercontents-c.styleshare.io/images/a6d1e7e3-8aee-4cc0-8c92-cc1b896d6d6a/720x720
209,https://usercontents-c.styleshare.io/images/a6d1e7e3-8aee-4cc0-8c92-cc1b896d6d6a/720x720
210,https://usercontents-c.styleshare.io/images/844e6e71-f55b-47c7-a7b6-0dfc30e1abb4/720x720
211,https://usercontents-c.styleshare.io/images/844e6e71-f55b-47c7-a7b6-0dfc30e1abb4/720x720
212,https://usercontents-c.styleshare.io/images/9cdf3923-c968-409a-8828-74d89804ed0a/720x720
213,https://usercontents-c.styleshare.io/images/9cdf3923-c968-409a-8828-74d89804ed0a/720x720
214,https://usercontents-c.styleshare.io/images/88d30296-815b-4965-80e9-db216bb82c24/720x720
215,https://usercontents-c.styleshare.io/images/88d30296-815b-4965-80e9-db216bb82c24/720x720
216,https://usercontents-c.styleshare.io/images/4bfab539-c9c2-4c80-bbc1-bc86b0963d8f/720x720
217,https://usercontents-c.styleshare.io/images/4bfab539-c9c2-4c80-bbc1-bc86b0963d8f/720x720
218,https://usercontents-c.styleshare.io/images/4830a8ad-3b3b-4cbd-94cb-2d563fa49e3f/720x720
219,https://usercontents-c.styleshare.io/images/4830a8ad-3b3b-4cbd-94cb-2d563fa49e3f/720x720
220,https://usercontents-c.styleshare.io/images/64f8563a-dfa8-447f-8fdb-676713bcfabb/720x720
221,https://usercontents-c.styleshare.io/images/64f8563a-dfa8-447f-8fdb-676713bcfabb/720x720
222,https://usercontents-c.styleshare.io/images/e03881a8-9306-4043-ade6-11ec2b9b746c/720x720
223,https://usercontents-c.styleshare.io/images/e03881a8-9306-4043-ade6-11ec2b9b746c/720x720
224,https://usercontents-c.styleshare.io/images/89cd6551-735e-48ad-aafb-afbe9148a0a7/720x720
225,https://usercontents-c.styleshare.io/images/89cd6551-735e-48ad-aafb-afbe9148a0a7/720x720
226,https://usercontents-c.styleshare.io/images/a0c136f2-3246-472f-bc56-379ea36005a4/720x720
227,https://usercontents-c.styleshare.io/images/a0c136f2-3246-472f-bc56-379ea36005a4/720x720
228,https://usercontents-c.styleshare.io/images/fd45f590-4638-4fec-90bd-74c1a9cf6031/720x720
229,https://usercontents-c.styleshare.io/images/fd45f590-4638-4fec-90bd-74c1a9cf6031/720x720
230,https://usercontents-c.styleshare.io/images/90fa01e9-2bf4-4107-a092-64fcd598990f/720x720
231,https://usercontents-c.styleshare.io/images/90fa01e9-2bf4-4107-a092-64fcd598990f/720x720
232,https://usercontents-c.styleshare.io/images/17ab0cc8-4aa7-494a-80e9-cd27c54533ed/720x720
233,https://usercontents-c.styleshare.io/images/17ab0cc8-4aa7-494a-80e9-cd27c54533ed/720x720
234,https://usercontents-c.styleshare.io/images/e5f47b29-61e6-4802-ae41-f3dacdabb4fe/720x720
235,https://usercontents-c.styleshare.io/images/e5f47b29-61e6-4802-ae41-f3dacdabb4fe/720x720
236,https://usercontents-c.styleshare.io/images/86c86090-77e8-48a3-8e6c-6a6963a2cab3/720x720
237,https://usercontents-c.styleshare.io/images/86c86090-77e8-48a3-8e6c-6a6963a2cab3/720x720
238,https://usercontents-c.styleshare.io/images/456fc5db-5905-4ea5-8230-e834329f977e/720x720
239,https://usercontents-c.styleshare.io/images/456fc5db-5905-4ea5-8230-e834329f977e/720x720
240,https://usercontents-c.styleshare.io/images/f66935c3-f599-4af8-be80-0aaa00eec2d0/720x720
241,https://usercontents-c.styleshare.io/images/f66935c3-f599-4af8-be80-0aaa00eec2d0/720x720
242,https://usercontents-c.styleshare.io/images/67eab44b-8774-4ccd-9c70-e1fb316970e7/720x720
243,https://usercontents-c.styleshare.io/images/67eab44b-8774-4ccd-9c70-e1fb316970e7/720x720
244,https://usercontents-c.styleshare.io/images/78abb948-1c15-4eaf-ac1a-90a8c3b38a77/720x720
245,https://usercontents-c.styleshare.io/images/78abb948-1c15-4eaf-ac1a-90a8c3b38a77/720x720
246,https://usercontents-c.styleshare.io/images/0bdae471-d588-4d49-a2d6-e852b0bf664d/720x720
247,https://usercontents-c.styleshare.io/images/0bdae471-d588-4d49-a2d6-e852b0bf664d/720x720
248,https://usercontents-c.styleshare.io/images/fb1d9f6d-a325-4127-94ad-73e90cd6f188/720x720
249,https://usercontents-c.styleshare.io/images/fb1d9f6d-a325-4127-94ad-73e90cd6f188/720x720
250,https://usercontents-c.styleshare.io/images/b614f0a0-7d2c-413a-b6f7-c52c08ae14af/720x720
251,https://usercontents-c.styleshare.io/images/b614f0a0-7d2c-413a-b6f7-c52c08ae14af/720x720
252,https://usercontents-c.styleshare.io/images/c935b310-d038-43d8-aaed-94e1a06db107/720x720
253,https://usercontents-c.styleshare.io/images/c935b310-d038-43d8-aaed-94e1a06db107/720x720
254,https://usercontents-c.styleshare.io/images/c7e21531-fff1-4b7e-a96e-92dd4d0bcd19/720x720
255,https://usercontents-c.styleshare.io/images/c7e21531-fff1-4b7e-a96e-92dd4d0bcd19/720x720
256,https://usercontents-c.styleshare.io/images/55115daf-418c-4fa0-913e-8126d2d10883/720x720
257,https://usercontents-c.styleshare.io/images/55115daf-418c-4fa0-913e-8126d2d10883/720x720
258,https://usercontents-c.styleshare.io/images/bfb1dda1-05b3-4a9a-abb6-0cae35b31c6f/720x720
259,https://usercontents-c.styleshare.io/images/bfb1dda1-05b3-4a9a-abb6-0cae35b31c6f/720x720
260,https://usercontents-c.styleshare.io/images/bfb1dda1-05b3-4a9a-abb6-0cae35b31c6f/720x720
261,https://usercontents-c.styleshare.io/images/dde0783d-c1b0-4113-b85d-6528da8a06c5/720x720
262,https://usercontents-c.styleshare.io/images/dde0783d-c1b0-4113-b85d-6528da8a06c5/720x720
263,https://usercontents-c.styleshare.io/images/3f26c7e9-9538-4f88-8c8f-52fb11033853/720x720
264,https://usercontents-c.styleshare.io/images/ea52bb49-1c8a-4dc2-9129-4b76d07cfb58/720x720
265,https://usercontents-c.styleshare.io/images/270042bf-7fe8-464b-b4d8-6957a8f9694e/720x720
266,https://usercontents-c.styleshare.io/images/270042bf-7fe8-464b-b4d8-6957a8f9694e/720x720
267,https://usercontents-c.styleshare.io/images/19789fb9-cbe7-4e47-b1c3-94e3ae89a8d7/720x720
268,https://usercontents-c.styleshare.io/images/19789fb9-cbe7-4e47-b1c3-94e3ae89a8d7/720x720
269,https://usercontents-c.styleshare.io/images/19789fb9-cbe7-4e47-b1c3-94e3ae89a8d7/720x720
270,https://usercontents-c.styleshare.io/images/5d9b2a3b-38f9-45e3-ac4b-f3d2c5b93f18/720x720
271,https://usercontents-c.styleshare.io/images/5d9b2a3b-38f9-45e3-ac4b-f3d2c5b93f18/720x720
272,https://usercontents-c.styleshare.io/images/5d9b2a3b-38f9-45e3-ac4b-f3d2c5b93f18/720x720
273,https://usercontents-c.styleshare.io/images/b014b8cc-39a1-48ec-be7e-0bcfa8aba723/720x720
274,https://usercontents-c.styleshare.io/images/b014b8cc-39a1-48ec-be7e-0bcfa8aba723/720x720
275,https://usercontents-c.styleshare.io/images/b014b8cc-39a1-48ec-be7e-0bcfa8aba723/720x720
276,https://usercontents-c.styleshare.io/images/7332bfbc-bd41-43eb-9939-99077805604c/720x720
277,https://usercontents-c.styleshare.io/images/7332bfbc-bd41-43eb-9939-99077805604c/720x720
278,https://usercontents-c.styleshare.io/images/7332bfbc-bd41-43eb-9939-99077805604c/720x720
279,https://usercontents-c.styleshare.io/images/8152eaeb-bc91-42b8-9fdd-ae5deb6051f6/720x720
280,https://usercontents-c.styleshare.io/images/8152eaeb-bc91-42b8-9fdd-ae5deb6051f6/720x720
281,https://usercontents-c.styleshare.io/images/8152eaeb-bc91-42b8-9fdd-ae5deb6051f6/720x720
282,https://usercontents-c.styleshare.io/images/c7badf44-2e60-40c7-a4d9-93446ef60b29/720x720
283,https://usercontents-c.styleshare.io/images/c7badf44-2e60-40c7-a4d9-93446ef60b29/720x720
284,https://usercontents-c.styleshare.io/images/c7badf44-2e60-40c7-a4d9-93446ef60b29/720x720
285,https://usercontents-c.styleshare.io/images/5bc6c902-451e-49fa-aab6-fc173dd8ee5a/720x720
286,https://usercontents-c.styleshare.io/images/5bc6c902-451e-49fa-aab6-fc173dd8ee5a/720x720
287,https://usercontents-c.styleshare.io/images/5bc6c902-451e-49fa-aab6-fc173dd8ee5a/720x720
288,https://usercontents-c.styleshare.io/images/e2d9d13d-8c7f-45ae-9028-44e75be94b7d/720x720
289,https://usercontents-c.styleshare.io/images/e2d9d13d-8c7f-45ae-9028-44e75be94b7d/720x720
290,https://usercontents-c.styleshare.io/images/e2d9d13d-8c7f-45ae-9028-44e75be94b7d/720x720
291,https://usercontents-c.styleshare.io/images/1c19de90-a0ce-41ce-9726-66534d6877b1/720x720
292,https://usercontents-c.styleshare.io/images/1c19de90-a0ce-41ce-9726-66534d6877b1/720x720
293,https://usercontents-c.styleshare.io/images/1c19de90-a0ce-41ce-9726-66534d6877b1/720x720
294,https://usercontents-c.styleshare.io/images/f01907bd-167b-450f-90c3-e364d79ef095/720x720
295,https://usercontents-c.styleshare.io/images/f01907bd-167b-450f-90c3-e364d79ef095/720x720
296,https://usercontents-c.styleshare.io/images/f01907bd-167b-450f-90c3-e364d79ef095/720x720
297,https://usercontents-c.styleshare.io/images/9b27a811-84e6-46a4-822d-f36e2d66486a/720x720
298,https://usercontents-c.styleshare.io/images/2548cc1f-4cc8-4352-85b9-e19e65dc42e4/720x720
299,https://usercontents-c.styleshare.io/images/94530298-0bad-4287-af90-0c61f20ac3dc/720x720
300,https://usercontents-c.styleshare.io/images/9c2d24ef-0200-48d8-b090-f7ceea7d5dd7/720x720
301,https://usercontents-c.styleshare.io/images/ac2b71f8-9a9c-47cc-873d-35ea94c5be98/720x720
302,https://usercontents-c.styleshare.io/images/9986057d-44ea-4704-9ddd-89fbcea3cc6b/720x720
303,https://usercontents-c.styleshare.io/images/db0c720d-854e-4cee-b008-77625cee3b4c/720x720
304,https://usercontents-c.styleshare.io/images/17551b29-d6b8-47da-8513-5f555cfbc9a4/720x720
305,https://usercontents-c.styleshare.io/images/e06cfa2b-6af1-493b-8622-3a3dc277c251/720x720
306,https://usercontents-c.styleshare.io/images/9560d988-e4f5-42ae-8cee-c18f37be83c5/720x720
307,https://usercontents-c.styleshare.io/images/7fb31388-523f-4d9d-93c9-ae1f68b2a450/720x720
308,https://usercontents-c.styleshare.io/images/36d0414f-39a4-436c-9f0b-81675be55f66/720x720
309,https://usercontents-c.styleshare.io/images/c4e5e103-826c-47b6-a745-e38002c66fb8/720x720
310,https://usercontents-c.styleshare.io/images/7f44e5b3-c7fb-4258-afef-92fb2a169c67/720x720
311,https://usercontents-c.styleshare.io/images/77855f19-b75a-4063-9d36-6ec36fcea411/720x720
312,https://usercontents-c.styleshare.io/images/d43257a4-a077-4234-aaf2-5e92341e521d/720x720
313,https://usercontents-c.styleshare.io/images/7f43a646-9991-437c-9c55-7aed48faa267/720x720
314,https://usercontents-c.styleshare.io/images/03189ea2-4ab8-4769-921a-5e98271dbb68/720x720
315,https://usercontents-c.styleshare.io/images/293c2cf9-2217-4e7c-9b6f-e1fc86297425/720x720
316,https://usercontents-c.styleshare.io/images/805a0ea9-fdb6-49be-9849-369eeea0c005/720x720
317,https://usercontents-c.styleshare.io/images/a97d4a46-18db-46b8-a4d4-16a82480c384/720x720
318,https://usercontents-c.styleshare.io/images/9a2e246b-01bb-41a8-b92b-e6df0e47b592/720x720
319,https://usercontents-c.styleshare.io/images/5b821359-c0ec-4128-afd6-9f47265e94eb/720x720
320,https://usercontents-c.styleshare.io/images/ef16902f-7e8b-4745-baad-c01dc411a9d0/720x720
321,https://usercontents-c.styleshare.io/images/a5f73901-d4c2-478e-bcb9-701d7eacd829/720x720
322,https://usercontents-c.styleshare.io/images/102d1854-b786-4a90-98cf-ff1b99dd2ed3/720x720
323,https://usercontents-c.styleshare.io/images/dac5c0b2-b063-40cd-9ceb-270bf6bd4be1/720x720
324,https://usercontents-c.styleshare.io/images/d8573c53-b10a-466b-bfd6-b87209f2439a/720x720
325,https://usercontents-c.styleshare.io/images/41b2b0ae-2196-496f-b3aa-c2f901186c95/720x720
326,https://usercontents-c.styleshare.io/images/7ecf595a-bec1-45bd-8c3a-2e176f3bef5f/720x720
327,https://usercontents-c.styleshare.io/images/15ce2064-57a7-4cc4-bd27-f55a1822a72e/720x720
328,https://usercontents-c.styleshare.io/images/bea06101-f5ef-4b0d-9355-de7afdfeb1d3/720x720
329,https://usercontents-c.styleshare.io/images/6d0f39bd-dc9a-438d-8407-af48d7aedbd0/720x720
330,https://usercontents-c.styleshare.io/images/988bb15a-f8d7-4a0a-a2ad-3298759ab7d2/720x720
331,https://usercontents-c.styleshare.io/images/2ba71523-7003-4faf-b8c7-1cddd331859c/720x720
332,https://usercontents-c.styleshare.io/images/9e94c9e6-36c4-43e3-bdba-c1f549346ce3/720x720
333,https://usercontents-c.styleshare.io/images/46718851-1569-4aee-9953-e0ddeefcb222/720x720
334,https://usercontents-c.styleshare.io/images/4c893d0c-67c6-48ef-9cea-ca9edbf8861c/720x720
335,https://usercontents-c.styleshare.io/images/2284cfd0-474f-43a0-977f-2ec6196dc74f/720x720
336,https://usercontents-c.styleshare.io/images/5c1b51d5-f551-4a6c-a1f8-301e0a9d2bc8/720x720
337,https://usercontents-c.styleshare.io/images/a3541cba-493d-4174-af83-86c98ac3ef56/720x720
338,https://usercontents-c.styleshare.io/images/17039402-7173-4b4b-8ad6-5aed9b07a4aa/720x720
339,https://usercontents-c.styleshare.io/images/bc8cbd70-3f71-4c70-a006-1ad7b31959a1/720x720
340,https://usercontents-c.styleshare.io/images/880cf1d7-e9b7-4c19-bad4-61ee709b1793/720x720
341,https://usercontents-c.styleshare.io/images/f8208903-8f4b-49e5-9183-01df94866a5c/720x720
342,https://usercontents-c.styleshare.io/images/35ec526c-6080-4209-9eca-7c33ca9cfbd0/720x720
343,https://usercontents-c.styleshare.io/images/21d70111-1c17-4880-b4fd-e4ad2c932589/720x720
344,https://usercontents-c.styleshare.io/images/740e69d8-af3b-4d2d-9e6a-961864f97a01/720x720
345,https://usercontents-c.styleshare.io/images/f70b8007-ac77-4732-8ac3-4e5e8f2d7eab/720x720
346,https://usercontents-c.styleshare.io/images/eee88bf3-0ef3-421a-8167-566191b39046/720x720
347,https://usercontents-c.styleshare.io/images/1ed99568-d773-4a4f-8e87-9ae51f3189fa/720x720
348,https://usercontents-c.styleshare.io/images/10fa1f92-3f1c-4b11-aa10-9ed6c5d9dfbe/720x720
349,https://usercontents-c.styleshare.io/images/896584d2-4797-4994-9939-bfc8c018c346/720x720
350,https://usercontents-c.styleshare.io/images/792c3f61-764d-4a98-8cd4-394b9a8c371c/720x720
351,https://usercontents-c.styleshare.io/images/5305f341-c286-4103-8466-624f2bdff6f3/720x720
352,https://usercontents-c.styleshare.io/images/71aa0397-1caf-4d80-9e89-1436013116b4/720x720
353,https://usercontents-c.styleshare.io/images/207dc0cb-f2eb-4e4c-bec2-fb9b8992678f/720x720
354,https://usercontents-c.styleshare.io/images/b26d96cb-4d65-4f1a-bdf8-6cb509156130/720x720
355,https://usercontents-c.styleshare.io/images/039277d1-b20e-4529-8176-81c18b3c3ef8/720x720
356,https://usercontents-c.styleshare.io/images/039277d1-b20e-4529-8176-81c18b3c3ef8/720x720
357,https://usercontents-c.styleshare.io/images/ba1ee342-a90f-4096-a0e2-b751513fde4a/720x720
358,https://usercontents-c.styleshare.io/images/ba1ee342-a90f-4096-a0e2-b751513fde4a/720x720
359,https://usercontents-c.styleshare.io/images/07dc4189-cfb6-4e91-a524-9a00882297d1/720x720
360,https://usercontents-c.styleshare.io/images/73e6c4d6-37f8-4fe2-8f95-ffb503926aa2/720x720
361,https://usercontents-c.styleshare.io/images/69919c02-7cf4-46f0-b4f6-3350f516771b/720x720
362,https://usercontents-c.styleshare.io/images/f3076b74-8038-4be4-8733-4d20982f3db3/720x720
363,https://usercontents-c.styleshare.io/images/028fda00-14ef-4c9c-b4fe-484f44fc5593/720x720
364,https://usercontents-c.styleshare.io/images/28536e9d-2212-4673-bae5-5451835c9cd8/720x720
365,https://usercontents-c.styleshare.io/images/bb2e3c58-ebbc-4aa5-9e93-8217a2e07bfb/720x720
366,https://usercontents-c.styleshare.io/images/0036f87d-c9a5-4f30-90a5-ea930c8c16fc/720x720
367,https://usercontents-c.styleshare.io/images/302681a6-7a2a-4732-84b9-1d5830b5f4af/720x720
368,https://usercontents-c.styleshare.io/images/aac48a5d-1946-45cb-9154-a4876a6cfb54/720x720
369,https://usercontents-c.styleshare.io/images/f3021a42-b666-4fe5-8f1f-084c4228347f/720x720
370,https://usercontents-c.styleshare.io/images/8f791014-b8a6-4ef8-8691-ead576f60382/720x720
371,https://usercontents-c.styleshare.io/images/fdcf04ed-56d2-4043-a502-3130576552a4/720x720
372,https://usercontents-c.styleshare.io/images/e7e81b19-a7c1-4734-82af-b6adb5fbe5df/720x720
373,https://usercontents-c.styleshare.io/images/d7ae48b1-e78f-429b-b0e9-10507584ced4/720x720
374,https://usercontents-c.styleshare.io/images/f34f620f-2a04-442c-94ea-99c090d2edb1/720x720
375,https://usercontents-c.styleshare.io/images/627db6e5-4bf8-4bfb-b239-90ef5cb5cefe/720x720
376,https://usercontents-c.styleshare.io/images/28af2540-a65b-40a6-958d-733d03b78947/720x720
377,https://usercontents-c.styleshare.io/images/fa843a97-a022-48bd-a1eb-7bf4b2277054/720x720
378,https://usercontents-c.styleshare.io/images/0d508745-4059-4358-9dae-561c7004ce5a/720x720
379,https://usercontents-c.styleshare.io/images/5c8a01d4-1e8c-456f-befd-2edcea0ccb2c/720x720
380,https://usercontents-c.styleshare.io/images/11e58a4c-c755-4296-a492-286c2505f7cb/720x720
381,https://usercontents-c.styleshare.io/images/c4d37738-3224-4393-a2c0-eabecece02ce/720x720
382,https://usercontents-c.styleshare.io/images/97d73b54-d2f5-49b9-ae40-92fc08431f2a/720x720
383,https://usercontents-c.styleshare.io/images/45054338-2e06-4990-aa7f-03f121e7c48e/720x720
384,https://usercontents-c.styleshare.io/images/8273cfdf-26c5-4f7d-820a-155e3a048cfe/720x720
385,https://usercontents-c.styleshare.io/images/39f27f06-39a2-45e3-8960-2b69d6438734/720x720
386,https://usercontents-c.styleshare.io/images/9b36179b-9bfd-4934-8b02-1428131d627b/720x720
387,https://usercontents-c.styleshare.io/images/c493a0c9-e768-4331-a09c-4130c9483c08/720x720
388,https://usercontents-c.styleshare.io/images/81fd417a-46db-420e-a9ca-0c25ad063619/720x720
389,https://usercontents-c.styleshare.io/images/43331dcf-9195-464b-9106-e291721e5275/720x720
390,https://usercontents-c.styleshare.io/images/67b18b64-d0fd-43cf-9b7c-6cebd0e6cdf4/720x720
391,https://usercontents-c.styleshare.io/images/5081ab0b-6729-405e-9822-67286717eeca/720x720
392,https://usercontents-c.styleshare.io/images/73bb5bb1-3513-4672-89fd-f795ed5dbb4f/720x720
393,https://usercontents-c.styleshare.io/images/fc5f6641-6263-45c9-bb81-cc78daf66e39/720x720
394,https://usercontents-c.styleshare.io/images/e5913eb0-919e-483f-8e2f-ed847e1fb927/720x720
395,https://usercontents-c.styleshare.io/images/2e03e7c9-f03d-4497-9db8-c2963bcf76e5/720x720
396,https://usercontents-c.styleshare.io/images/46334e0f-94e5-4e4a-9256-3b5f4a03af66/720x720
397,https://usercontents-c.styleshare.io/images/77363839-dff3-44b1-950a-21cf06de8717/720x720
398,https://usercontents-c.styleshare.io/images/4340b16f-a6e9-4f48-b31d-30fed51bd9ce/720x720
399,https://usercontents-c.styleshare.io/images/51e47f30-6723-411d-b2db-5d5d7ab1b03a/720x720
400,https://usercontents-c.styleshare.io/images/584c1d6f-a3bd-461b-ab89-4ba6eae43e4b/720x720
401,https://usercontents-c.styleshare.io/images/6adf1fb8-4b64-4e17-998f-2f971f84740c/720x720
402,https://usercontents-c.styleshare.io/images/063bf80e-8c13-46f9-bfca-c5fb67e0d5ec/720x720
403,https://usercontents-c.styleshare.io/images/4e3074bc-ab45-445b-9b4d-36b5fa73bc22/720x720
404,https://usercontents-c.styleshare.io/images/61e4cba1-270c-4b6d-98cd-43ac75d91d9e/720x720
405,https://usercontents-c.styleshare.io/images/a9cbb6be-35e4-4e7c-b822-b235fcfcaf4d/720x720
406,https://usercontents-c.styleshare.io/images/e26492d4-608f-453a-a918-5c49c79aed70/720x720
407,https://usercontents-c.styleshare.io/images/4202ce16-f6cc-4ad4-b5f7-98b019697a16/720x720
408,https://usercontents-c.styleshare.io/images/9d42d257-f25f-4307-afe8-9e73816b80d6/720x720
409,https://usercontents-c.styleshare.io/images/39252956-62e9-4d99-bc10-deae63116057/720x720
410,https://usercontents-c.styleshare.io/images/61a085f8-d1df-4618-be87-048b21d8de08/720x720
411,https://usercontents-c.styleshare.io/images/6695b491-8837-40af-bad4-7ba279f35cbd/720x720
412,https://usercontents-c.styleshare.io/images/77310cb5-82d7-4216-8c71-78f8c83469a8/720x720
413,https://usercontents-c.styleshare.io/images/63c412c9-3f44-42e2-b42f-682d07b79984/720x720
414,https://usercontents-c.styleshare.io/images/ac776425-0bcd-46f3-85cd-f392ab950a94/720x720
415,https://usercontents-c.styleshare.io/images/93b92144-90b0-450b-81a3-e338e6c60673/720x720
416,https://usercontents-c.styleshare.io/images/1b44106b-ad35-4861-82be-a17a7914b68c/720x720
417,https://usercontents-c.styleshare.io/images/ea181073-f315-4517-82e6-5cc934d6c120/720x720
418,https://usercontents-c.styleshare.io/images/6c925085-be97-4553-a7c3-8503664f50d0/720x720
419,https://usercontents-c.styleshare.io/images/35d68dee-de6d-411b-9251-4fa63bc54f59/720x720
420,https://usercontents-c.styleshare.io/images/1f10e149-4cac-4cfb-bd29-093d3d7f54d7/720x720
421,https://usercontents-c.styleshare.io/images/7ca27ad1-6f9a-4cc7-861d-9382395e6a55/720x720
422,https://usercontents-c.styleshare.io/images/02a4ae59-bab3-4f2f-a4da-1a943321f346/720x720
423,https://usercontents-c.styleshare.io/images/9f0df241-6844-471a-9320-e0f35dd427c5/720x720
424,https://usercontents-c.styleshare.io/images/14fc7059-db85-44e9-b89c-811d26944462/720x720
425,https://usercontents-c.styleshare.io/images/69d9e466-1a14-43ee-9e1a-6d85e59ca53f/720x720
426,https://usercontents-c.styleshare.io/images/4f3ae2a9-b606-4c7a-9727-63786032a746/720x720
427,https://usercontents-c.styleshare.io/images/5a5ae46f-feef-4d3c-bb51-a8eff1b4a5d8/720x720
428,https://usercontents-c.styleshare.io/images/8be9db96-66dd-453d-90a3-d30ff96354e4/720x720
429,https://usercontents-c.styleshare.io/images/0410465d-88c1-481f-bd35-a70fd3563d7e/720x720
430,https://usercontents-c.styleshare.io/images/5c968df1-8d9c-4c21-a2e1-c9f61c59a631/720x720
431,https://usercontents-c.styleshare.io/images/5b858372-df4a-4f17-9413-07db1fe816c6/720x720
432,https://usercontents-c.styleshare.io/images/290c5ea5-274b-4821-88a7-b5525e2d5ce2/720x720
433,https://usercontents-c.styleshare.io/images/698ab05e-2762-43a3-b11c-9e59c861feb3/720x720
434,https://usercontents-c.styleshare.io/images/bc6708d3-d67c-41ee-abf3-284551d68b37/720x720
435,https://usercontents-c.styleshare.io/images/61600ef2-41fa-4c0f-ab15-84b9486c8c0b/720x720
436,https://usercontents-c.styleshare.io/images/0eb8d013-0c48-495f-a871-b8fc469a33e3/720x720
437,https://usercontents-c.styleshare.io/images/56a3467a-7524-4f22-94dd-1beccc925d84/720x720
438,https://usercontents-c.styleshare.io/images/28cab753-bd71-449f-a4af-5677a000b98a/720x720
439,https://usercontents-c.styleshare.io/images/afe8feb7-99a2-45d1-afc1-ad6cab44b60f/720x720
440,https://usercontents-c.styleshare.io/images/4107d28b-9003-45d6-857b-52ca21f3f56b/720x720
441,https://usercontents-c.styleshare.io/images/d621a980-8a47-47bf-bf3a-12dff1bfcd4c/720x720
442,https://usercontents-c.styleshare.io/images/24703c45-3e60-4cd4-b93b-9db4b5b245d0/720x720
443,https://usercontents-c.styleshare.io/images/3f8e6265-6207-4fd4-b0f2-28ab1dad052a/720x720
444,https://usercontents-c.styleshare.io/images/4d4bcf61-5b82-4be8-a106-b08d462094e8/720x720
445,https://usercontents-c.styleshare.io/images/e37d1242-9702-405d-9580-e70f0318e1b6/720x720
446,https://usercontents-c.styleshare.io/images/fed869a3-6a76-4ac0-9336-999f66832ac3/720x720
447,https://usercontents-c.styleshare.io/images/a21309fa-8669-40fb-81e8-1b53d487e023/720x720
448,https://usercontents-c.styleshare.io/images/8a282bbc-3be3-442f-a241-d78eed885202/720x720
449,https://usercontents-c.styleshare.io/images/6f9ac426-46f5-4227-87e1-cf2d5b5ee0ae/720x720
450,https://usercontents-c.styleshare.io/images/c827da6d-0e19-4f8d-ae1b-37ca09c5dd10/720x720
451,https://usercontents-c.styleshare.io/images/c6abb55c-470f-4198-b2ea-d725df4d4d52/720x720
452,https://usercontents-c.styleshare.io/images/fc24ff5a-9411-4a0c-9440-c1d0c35d14a7/720x720
453,https://usercontents-c.styleshare.io/images/4879a249-78a6-4162-8bce-d572779d642d/720x720
454,https://usercontents-c.styleshare.io/images/20533983-9a3f-4ea1-aa98-4b4f1e6d7b3d/720x720
455,https://usercontents-c.styleshare.io/images/29891ae3-f858-47e4-8090-01615c1f5578/720x720
456,https://usercontents-c.styleshare.io/images/9cfb71a9-c052-4d68-89bc-795f85a397e7/720x720
457,https://usercontents-c.styleshare.io/images/2dfdf572-2bc4-40cb-956c-254de90d52c7/720x720
458,https://usercontents-c.styleshare.io/images/93f0c3b6-ac1e-4353-b84a-883e54b23a32/720x720
459,https://usercontents-c.styleshare.io/images/3354e3a4-9000-433f-b3fa-1562ac7e2eeb/720x720
460,https://usercontents-c.styleshare.io/images/f5c7f2d2-ab99-4e9b-97c7-2cb688c71477/720x720
461,https://usercontents-c.styleshare.io/images/8ca8c099-d02f-45c7-8a0e-f31d0b40c08b/720x720
462,https://usercontents-c.styleshare.io/images/0e4072af-8503-4592-abef-92fef3d64632/720x720
463,https://usercontents-c.styleshare.io/images/ef8178ce-2201-4e13-91bd-d5cefd749d73/720x720
464,https://usercontents-c.styleshare.io/images/8d93c0eb-d121-4777-adb0-f7128116fba6/720x720
465,https://usercontents-c.styleshare.io/images/08715379-7b9a-4106-a0b7-23dbb21b9c60/720x720
466,https://usercontents-c.styleshare.io/images/c44ad604-68b6-4249-881f-01763e1e4619/720x720
467,https://usercontents-c.styleshare.io/images/d4f41d48-30d9-4075-929b-408f965ab3b5/720x720
468,https://usercontents-c.styleshare.io/images/51b0e1be-3862-40c5-84b0-7248cfdb64d2/720x720
469,https://usercontents-c.styleshare.io/images/84533596-ac30-41a1-8122-b3e07e39fa3f/720x720
470,https://usercontents-c.styleshare.io/images/f05c7043-69f0-4975-b8da-5b2eed492fad/720x720
471,https://usercontents-c.styleshare.io/images/ca483c96-39f1-4ee0-9713-8765da06ea9a/720x720
472,https://usercontents-c.styleshare.io/images/93f6fd6b-b970-48c3-8527-e24abfd5c3c8/720x720
473,https://usercontents-c.styleshare.io/images/b7bf3434-ffc1-4085-b81a-a578bf2398a4/720x720
474,https://usercontents-c.styleshare.io/images/ea4e1298-77e6-4210-95bb-19afd313c40b/720x720
475,https://usercontents-c.styleshare.io/images/6c845bd9-f2f7-44f9-910c-f32e817e6bc0/720x720
476,https://usercontents-c.styleshare.io/images/2c64087b-5644-4097-9044-0b61f0b2dfea/720x720
477,https://usercontents-c.styleshare.io/images/8530e2fe-9b67-4105-8f28-9d26aba9a61e/720x720
478,https://usercontents-c.styleshare.io/images/d10bc48e-27f9-497e-ba1b-d3c11b889583/720x720
479,https://usercontents-c.styleshare.io/images/1e683855-aecf-4586-9e2d-a8fc04278128/720x720
480,https://usercontents-c.styleshare.io/images/d903c815-490a-4197-bdda-136e4c827b98/720x720
481,https://usercontents-c.styleshare.io/images/614392d9-375a-4b5b-9e0f-ef0bdf95ba61/720x720
482,https://usercontents-c.styleshare.io/images/45aa8db5-c54b-4d1c-9879-b006c59f8f15/720x720
483,https://usercontents-c.styleshare.io/images/11953686-6563-4c1d-b2f9-a4dff5b4db52/720x720
484,https://usercontents-c.styleshare.io/images/7556ef76-c35f-42ea-9533-c46a13e66f68/720x720
485,https://usercontents-c.styleshare.io/images/29d56195-2d79-4121-9896-d821bd063f52/720x720
486,https://usercontents-c.styleshare.io/images/f7927e8d-5c9d-4eda-9a8b-99813c67c714/720x720
487,https://usercontents-c.styleshare.io/images/065b02eb-737b-495e-9a26-949f200fea06/720x720
488,https://usercontents-c.styleshare.io/images/5460beaf-1b8d-4082-9fcc-f9f8547861ef/720x720
489,https://usercontents-c.styleshare.io/images/2220a6c0-e373-4f12-a930-eb1759beda17/720x720
490,https://usercontents-c.styleshare.io/images/331d8b3f-5a8d-473d-9354-63d65a3a4c40/720x720
491,https://usercontents-c.styleshare.io/images/8181c389-cfb3-4cfb-9f87-e24f768c09a7/720x720
492,https://usercontents-c.styleshare.io/images/027c7b96-6e80-40ff-975b-bfae7daeb4c2/720x720
493,https://usercontents-c.styleshare.io/images/82a039ea-8055-401c-b06c-5e958d12c27b/720x720
494,https://usercontents-c.styleshare.io/images/d13c71ff-de5a-4f08-9d19-72dcf684e3f0/720x720
495,https://usercontents-c.styleshare.io/images/9bfdc8cc-ecbe-43f8-95ef-288c03c70f90/720x720
496,https://usercontents-c.styleshare.io/images/6953a7aa-5033-41b4-aaa6-ac3bcf4b6ac1/720x720
497,https://usercontents-c.styleshare.io/images/c95992b7-f33b-40db-9b92-2f582dc1f057/720x720
498,https://usercontents-c.styleshare.io/images/391a9993-5193-44e5-8f1c-bdc2f7c541b7/720x720
499,https://usercontents-c.styleshare.io/images/d3306f32-606c-4a83-802a-f7dfcfcaa7ca/720x720
500,https://usercontents-c.styleshare.io/images/ca1dd661-c96e-447a-b258-3ae346c95854/720x720
501,https://usercontents-c.styleshare.io/images/592bf421-a047-494b-9ce2-854dbac74920/720x720
502,https://usercontents-c.styleshare.io/images/f8a873bc-e252-4392-ab3f-a528ef45733c/720x720
503,https://usercontents-c.styleshare.io/images/a5a236ae-8c3e-49bd-8004-de1eef45cae4/720x720
504,https://usercontents-c.styleshare.io/images/683a2f01-cd9d-437e-84e2-47e0ed3c96d5/720x720
505,https://usercontents-c.styleshare.io/images/f15caaef-e5fa-4c41-8ffd-da0234ab16bc/720x720
506,https://usercontents-c.styleshare.io/images/59004992-a005-46d8-8305-93b612326fca/720x720
507,https://usercontents-c.styleshare.io/images/9f56fcbc-1d8d-4bba-b94c-aeb456dd07b7/720x720
508,https://usercontents-c.styleshare.io/images/10227712-6ab7-443e-917c-1aca2ae6269a/720x720
509,https://usercontents-c.styleshare.io/images/9b8e522e-46fa-4068-ae94-368aaaf37120/720x720
510,https://usercontents-c.styleshare.io/images/c614c5b8-eef0-405f-86f7-ea5177db3297/720x720
511,https://usercontents-c.styleshare.io/images/e0e1a101-cccb-45f9-a0e2-2d122d094366/720x720
512,https://usercontents-c.styleshare.io/images/39391b30-90d9-4060-b4f8-2d441a5f4694/720x720
513,https://usercontents-c.styleshare.io/images/e6f343ee-28a3-4e23-8bc2-977c2e74dc76/720x720
514,https://usercontents-c.styleshare.io/images/58aa4c33-6d94-4c92-9b8b-825f1fb27b70/720x720
515,https://usercontents-c.styleshare.io/images/7f9ca681-616a-46f5-8a17-ebad44319a15/720x720
516,https://usercontents-c.styleshare.io/images/80155588-fa0e-4369-862b-8279c5b64c35/720x720
517,https://usercontents-c.styleshare.io/images/0573c856-4a92-4fcd-8b5c-b9e1095f6446/720x720
518,https://usercontents-c.styleshare.io/images/0b589d66-894d-41c5-943b-3f3a3c59041d/720x720
519,https://usercontents-c.styleshare.io/images/07e26a6c-cea7-449e-8b12-d44a533cb3f8/720x720
520,https://usercontents-c.styleshare.io/images/dbed6844-d21b-473b-8bdc-7e4385e68cac/720x720
521,https://usercontents-c.styleshare.io/images/289f7e53-1fa5-461d-84ce-0668d6c99b6a/720x720
522,https://usercontents-c.styleshare.io/images/9efbd5ad-37df-48aa-8775-913989401ce2/720x720
523,https://usercontents-c.styleshare.io/images/24007940-8c33-46cf-a535-81afccc1d692/720x720
524,https://usercontents-c.styleshare.io/images/c763c228-3961-4a61-9cdb-6f8856f91d42/720x720
525,https://usercontents-c.styleshare.io/images/ea5933b1-b054-4002-9e01-852691c2b0e7/720x720
526,https://usercontents-c.styleshare.io/images/dbaa84b4-eac5-4a94-bb17-dac74a94538e/720x720
527,https://usercontents-c.styleshare.io/images/79b0f506-a644-48cd-92ff-1cd4d8627565/720x720
528,https://usercontents-c.styleshare.io/images/73fa57e6-afa3-4feb-a31e-0a3f14b85cd0/720x720
529,https://usercontents-c.styleshare.io/images/dc908c04-fd28-4153-9942-bc365f846f5d/720x720
530,https://usercontents-c.styleshare.io/images/0a1d3044-a221-4777-b062-125ec882f36f/720x720
531,https://usercontents-c.styleshare.io/images/fb69d869-ae02-4306-8bbc-fb04ff579d28/720x720
532,https://usercontents-c.styleshare.io/images/3883e7cf-759a-4f8a-89ef-e3a467a5a741/720x720
533,https://usercontents-c.styleshare.io/images/55ce7be8-3ae8-42ea-b172-b397ad9431bf/720x720
534,https://usercontents-c.styleshare.io/images/7b36ff77-6dad-4b5e-98bc-e12b816e4a64/720x720
535,https://usercontents-c.styleshare.io/images/b6aa5b9f-0be2-402d-b16a-9fd6d6f93976/720x720
536,https://usercontents-c.styleshare.io/images/c5ae36e9-99cd-4d8d-afa7-5035ccf459fd/720x720
537,https://usercontents-c.styleshare.io/images/4f8c40d8-f292-4804-a7a7-a05c73423ed5/720x720
538,https://usercontents-c.styleshare.io/images/6e9d800d-ea6d-4474-ab5b-9630a5ed8df7/720x720
539,https://usercontents-c.styleshare.io/images/55640ec8-e4f2-4ce9-899a-1283a795e092/720x720
540,https://usercontents-c.styleshare.io/images/9bd113a9-822e-4686-ad05-5475756460d1/720x720
541,https://usercontents-c.styleshare.io/images/676a63d5-8e11-4689-97e6-1df998a2c71d/720x720
542,https://usercontents-c.styleshare.io/images/5a9b6021-d5e4-45dd-827b-f7df87d9cb5b/720x720
543,https://usercontents-c.styleshare.io/images/db9e8c7d-c8d9-43cd-87d3-fff6d94fe08a/720x720
544,https://usercontents-c.styleshare.io/images/69fcce80-ba66-42aa-a760-d4c91e7d26b8/720x720
545,https://usercontents-c.styleshare.io/images/94705934-7869-4d16-a322-3aca823ca8c0/720x720
546,https://usercontents-c.styleshare.io/images/b6d55374-2649-4c46-b32e-dc1780486091/720x720
547,https://usercontents-c.styleshare.io/images/31a570a5-934f-43a1-b7af-d7c65474fcd1/720x720
548,https://usercontents-c.styleshare.io/images/c512cc1a-be0b-4f43-9c4f-5d7460f5a5fa/720x720
549,https://usercontents-c.styleshare.io/images/09334b3b-82a0-4c71-a62d-cf57da6fe66e/720x720
550,https://usercontents-c.styleshare.io/images/89402103-a044-42cf-a128-07c93342e015/720x720
551,https://usercontents-c.styleshare.io/images/65ca860c-d621-4500-ad39-69a620e3c03d/720x720
552,https://usercontents-c.styleshare.io/images/7e3a32e6-7841-4282-8ab5-e1c7920512e4/720x720
553,https://usercontents-c.styleshare.io/images/20abdc2e-dbf3-4f88-b674-e57d22f5a8cb/720x720
554,https://usercontents-c.styleshare.io/images/2d202446-7eca-4513-b466-eed44484ad1b/720x720
555,https://usercontents-c.styleshare.io/images/249ca0b1-515d-4f7b-bad9-816a160f3dfd/720x720
556,https://usercontents-c.styleshare.io/images/1c48a9be-5635-4b30-ac65-5458e5e40be2/720x720
557,https://usercontents-c.styleshare.io/images/931e848f-ac9c-4696-b472-8c96c7787fe4/720x720
558,https://usercontents-c.styleshare.io/images/bf04bafa-fb13-4a84-8dc4-90a53ad50bbe/720x720
559,https://usercontents-c.styleshare.io/images/ef48acf9-9469-4259-81c6-f3680ad5aa8c/720x720
560,https://usercontents-c.styleshare.io/images/16330b77-e54e-46a3-8fbf-93080ecf775f/720x720
561,https://usercontents-c.styleshare.io/images/dd25c4ce-2513-4161-a2ee-ff25b4ba49a4/720x720
562,https://usercontents-c.styleshare.io/images/e55d0454-e032-4392-aa1d-a66529ad83b3/720x720
563,https://usercontents-c.styleshare.io/images/25552c51-deed-4d19-a91e-287d1bed9f46/720x720
564,https://usercontents-c.styleshare.io/images/886e9eab-5272-4e82-b7f6-2f922f9e66b7/720x720
565,https://usercontents-c.styleshare.io/images/aba61a2d-fe01-40cc-8bd5-896859a55b46/720x720
566,https://usercontents-c.styleshare.io/images/507d0aeb-5380-4cb6-a99f-6044645aca23/720x720
567,https://usercontents-c.styleshare.io/images/d4c88a90-ed85-44fc-b99e-7853afdc02e9/720x720
568,https://usercontents-c.styleshare.io/images/6d83ee75-2ab0-4153-b5b5-f48c995e4d9c/720x720
569,https://usercontents-c.styleshare.io/images/39753a69-f2a9-48c2-a250-58dc0ceb03ff/720x720
570,https://usercontents-c.styleshare.io/images/a9c4e7c6-55f0-4143-aa0d-d86d091733f0/720x720
571,https://usercontents-c.styleshare.io/images/ba9f4b86-1095-4cca-9a82-918c52a3e199/720x720
572,https://usercontents-c.styleshare.io/images/3e50da7f-de5c-4570-8eb2-7cc9b38e1706/720x720
573,https://usercontents-c.styleshare.io/images/41b90095-19f3-4d59-a852-1bd1dee06c1e/720x720
574,https://usercontents-c.styleshare.io/images/d653cdd9-385f-4b59-b530-b7a31f2b71cb/720x720
575,https://usercontents-c.styleshare.io/images/60603776-1ae6-4c1d-b3bb-b19c30976271/720x720
576,https://usercontents-c.styleshare.io/images/00fd0225-7210-415f-9970-d7e9a9ae3e8b/720x720
577,https://usercontents-c.styleshare.io/images/bbbf5882-f5aa-4c2e-8bcb-c664a34e318d/720x720
578,https://usercontents-c.styleshare.io/images/7fefda84-0774-48d0-b247-63337e3a17ac/720x720
579,https://usercontents-c.styleshare.io/images/7fef657e-02f9-4441-953d-4c886159f34f/720x720
580,https://usercontents-c.styleshare.io/images/56c3b308-6cb3-4561-bd2e-3c20af8d8819/720x720
581,https://usercontents-c.styleshare.io/images/8df9a91d-4d28-4de0-bf67-4d2cf867ffd4/720x720
582,https://usercontents-c.styleshare.io/images/255c2b63-5966-46e6-9a20-5cb48828353f/720x720
583,https://usercontents-c.styleshare.io/images/88b42695-93e4-407d-8956-fb21130a2561/720x720
584,https://usercontents-c.styleshare.io/images/87d6c9bd-979f-48ec-9296-38c5b5c78f10/720x720
585,https://usercontents-c.styleshare.io/images/3effb388-1988-4753-a1f3-6c62b72898b8/720x720
586,https://usercontents-c.styleshare.io/images/cdaa47d2-69d0-4404-b11f-dc73ec6c61c2/720x720
587,https://usercontents-c.styleshare.io/images/ab6b44d8-d1a6-46e0-9ce1-29f73095b7a1/720x720
588,https://usercontents-c.styleshare.io/images/13ed91a2-427b-4d97-b803-d374b62bd273/720x720
589,https://usercontents-c.styleshare.io/images/ad0d86e3-323f-4b6a-9cd0-75dcdf3af62b/720x720
590,https://usercontents-c.styleshare.io/images/a1805c59-11c4-48c4-9ac8-6dce0e827c98/720x720
591,https://usercontents-c.styleshare.io/images/3b9d4e73-683a-4b4f-b88c-c2375a1154ec/720x720
592,https://usercontents-c.styleshare.io/images/1a70479c-b295-4927-abd8-88cebae989a7/720x720
593,https://usercontents-c.styleshare.io/images/e377fc91-1271-4227-8aaa-94d978211796/720x720
594,https://usercontents-c.styleshare.io/images/ef17d980-d41c-47e7-b02c-7579def25ea3/720x720
595,https://usercontents-c.styleshare.io/images/33bcd9f5-6640-4b85-b84f-d5548aea9221/720x720
596,https://usercontents-c.styleshare.io/images/44888bd5-a421-40b7-bea7-0f20216dc474/720x720
597,https://usercontents-c.styleshare.io/images/5e091d8b-6669-4ba2-8c84-a9047a268412/720x720
598,https://usercontents-c.styleshare.io/images/515d4991-d63f-434d-a52e-d2300b60c41e/720x720
599,https://usercontents-c.styleshare.io/images/7e034941-d692-4c84-8bcc-d5e5a6864e0f/720x720
600,https://usercontents-c.styleshare.io/images/e8e074a5-790a-4c32-a33f-6627cff643d0/720x720
601,https://usercontents-c.styleshare.io/images/3c2960d1-f068-4d09-b63c-88557bf057e0/720x720
602,https://usercontents-c.styleshare.io/images/c3c8f353-9832-4b92-8be3-56d7b1377d76/720x720
603,https://usercontents-c.styleshare.io/images/28b9b094-d306-4af1-9f29-b4c10e0557ef/720x720
604,https://usercontents-c.styleshare.io/images/18f314c4-4a5c-4bb8-945f-bb3cf7a8c96c/720x720
605,https://usercontents-c.styleshare.io/images/8cfb096f-420e-4cf8-a880-0b3ec9f992e9/720x720
606,https://usercontents-c.styleshare.io/images/85dec6d4-01a7-4b6b-a1e8-903201dff62f/720x720
607,https://usercontents-c.styleshare.io/images/e77b649e-da50-4199-8b67-edde9c7f12a5/720x720
608,https://usercontents-c.styleshare.io/images/e1d430cb-89d7-4439-a3de-909d4b04f920/720x720
609,https://usercontents-c.styleshare.io/images/acfdb934-3594-40e1-9fa3-be7740d0c7fe/720x720
610,https://usercontents-c.styleshare.io/images/573854c6-0e04-4aae-920e-26bc6f0f8fa6/720x720
611,https://usercontents-c.styleshare.io/images/530645a4-443b-407e-a54d-2c16241babb8/720x720
612,https://usercontents-c.styleshare.io/images/1d8d22e8-c349-496f-9f6e-9537f0eeb1d2/720x720
613,https://usercontents-c.styleshare.io/images/fa0550eb-ebe7-405d-b643-6c4c8ede2ef1/720x720
614,https://usercontents-c.styleshare.io/images/1c0ba488-9813-4d09-a09f-b72d72c55e40/720x720
615,https://usercontents-c.styleshare.io/images/8f67248d-eea4-42fd-88cf-7bbc4c07704d/720x720
616,https://usercontents-c.styleshare.io/images/f49b23f9-b6f5-43f4-a8e6-ae830f7abbdc/720x720
617,https://usercontents-c.styleshare.io/images/b34cffe5-9487-4078-adaa-cac124566763/720x720
618,https://usercontents-c.styleshare.io/images/6be9d240-f915-4359-aa80-2ad15cab8295/720x720
619,https://usercontents-c.styleshare.io/images/i5beccef50cd34/720x720
620,https://usercontents-c.styleshare.io/images/i5beccefc936e9/720x720
621,https://usercontents-c.styleshare.io/images/4bded990-a2b1-4883-b330-8f30d54788a4/720x720
622,https://usercontents-c.styleshare.io/images/bf25b3d3-eb4a-4ddc-96c6-1f4a13ebbefc/720x720
623,https://usercontents-c.styleshare.io/images/1bd99bed-e5be-4866-82b5-a3aaac20fcf3/720x720
624,https://usercontents-c.styleshare.io/images/cee2c49c-addd-4943-a0a0-546006fa6730/720x720
625,https://usercontents-c.styleshare.io/images/b4f1b7e5-be60-4441-9cb5-c191515136f5/720x720
626,https://usercontents-c.styleshare.io/images/79337131-aa94-4e37-86c4-4706d057d400/720x720
627,https://usercontents-c.styleshare.io/images/4e977ac9-96c1-4990-8815-0756d8f649b7/720x720
628,https://usercontents-c.styleshare.io/images/980fe8e0-1485-45e1-bf84-13528257c9c4/720x720
629,https://usercontents-c.styleshare.io/images/947e688b-987b-4457-822d-9e6824e33c2f/720x720
630,https://usercontents-c.styleshare.io/images/4d921cce-0640-4b40-8ca9-34190a05dce2/720x720
631,https://usercontents-c.styleshare.io/images/bb4f2a61-070d-4850-a94b-8e17e115d036/720x720
632,https://usercontents-c.styleshare.io/images/ea031754-71f4-4a80-b551-9c54d8f44b82/720x720
633,https://usercontents-c.styleshare.io/images/3dc9cdbf-6b23-4b5b-828b-6be4b85b45b9/720x720
634,https://usercontents-c.styleshare.io/images/cd03bee8-f211-41f9-8892-69a3badd7306/720x720
635,https://usercontents-c.styleshare.io/images/d45d09e2-f0f2-4649-9505-4aac8aa77b64/720x720
636,https://usercontents-c.styleshare.io/images/0a45041b-2c09-4dd2-b274-2f2c5f833852/720x720
637,https://usercontents-c.styleshare.io/images/c1cf3d65-19f9-49d8-a374-ace77fc7ebb7/720x720
638,https://usercontents-c.styleshare.io/images/0c50b62d-d417-4d5f-bb28-3307f0ab60ad/720x720
639,https://usercontents-c.styleshare.io/images/b5b5f944-9689-412a-97a1-bb91f23f83c6/720x720
640,https://usercontents-c.styleshare.io/images/2b32ceef-60e7-4a41-9a02-b8e92d5fb61c/720x720
641,https://usercontents-c.styleshare.io/images/ededa244-6285-4faf-b53f-8fdf7eaab8e1/720x720
642,https://usercontents-c.styleshare.io/images/38818ef9-025c-4254-b3d2-2e1628573950/720x720
643,https://usercontents-c.styleshare.io/images/80d679ba-df6d-48a6-91a8-1eef1217aa28/720x720
644,https://usercontents-c.styleshare.io/images/3650d6eb-143d-4e2d-b342-0ac498539946/720x720
645,https://usercontents-c.styleshare.io/images/8fcada23-6da5-4067-9641-5eeb35a489af/720x720
646,https://usercontents-c.styleshare.io/images/b54927b2-0671-4a5b-8c5e-7320acbeb510/720x720
647,https://usercontents-c.styleshare.io/images/f12909dc-37ec-41ce-af38-c6c8f3c23d03/720x720
648,https://usercontents-c.styleshare.io/images/c2c23dad-466f-4f0a-baa3-03f1fa76c293/720x720
649,https://usercontents-c.styleshare.io/images/e0997163-a6fc-4d96-8570-f5ca13b53dd9/720x720
650,https://usercontents-c.styleshare.io/images/883a882a-3f32-4169-b97e-2e70ecbd53e8/720x720
651,https://usercontents-c.styleshare.io/images/4ce568c4-7ade-4bfd-ac42-51e09794b99e/720x720
652,https://usercontents-c.styleshare.io/images/5d518203-60eb-4181-a371-bec6cc8e6722/720x720
653,https://usercontents-c.styleshare.io/images/7b2e4259-7eb2-4f6c-b32d-4eaf0a78af40/720x720
654,https://usercontents-c.styleshare.io/images/af079a6c-8dcc-4ac5-a7e2-fe1b12ce73c1/720x720
655,https://usercontents-c.styleshare.io/images/c081837b-65a3-4ac9-a3e9-5f72838f44e1/720x720
656,https://usercontents-c.styleshare.io/images/debf51a1-2b61-4d98-bfb3-bc65900ce1f3/720x720
657,https://usercontents-c.styleshare.io/images/bb2b8016-8240-48dc-9ae2-7179ba974d81/720x720
658,https://usercontents-c.styleshare.io/images/c9bdf11e-f591-4b2b-a50f-c79b03adf753/720x720
659,https://usercontents-c.styleshare.io/images/00a0d0d9-72d6-4f5f-be4a-029e450b796e/720x720
660,https://usercontents-c.styleshare.io/images/04cc18dc-22fa-409f-b16f-ff420ba5b62a/720x720
661,https://usercontents-c.styleshare.io/images/1d83497c-83d7-4616-83c0-0c5e6bd6bbcd/720x720
662,https://usercontents-c.styleshare.io/images/aa755078-f31b-4391-80d3-5d04fb0978a1/720x720
663,https://usercontents-c.styleshare.io/images/83851aed-5b65-4fa8-938b-70af82d8c4d7/720x720
664,https://usercontents-c.styleshare.io/images/d2304f1d-b01a-479d-bc0d-d1c4c9eb57b5/720x720
665,https://usercontents-c.styleshare.io/images/5961b505-5f0b-4c63-b66b-4c21121639cc/720x720
666,https://usercontents-c.styleshare.io/images/13918576-1eb2-4984-833d-4e1d039c6598/720x720
667,https://usercontents-c.styleshare.io/images/57627e0e-3c46-4f7e-8bf0-2dba27089c24/720x720
668,https://usercontents-c.styleshare.io/images/85d325bb-201d-4d08-ba25-3575d17e5fa2/720x720
669,https://usercontents-c.styleshare.io/images/af562a02-7182-4033-8a62-b93f6d69b14d/720x720
670,https://usercontents-c.styleshare.io/images/f2730852-9be2-4e44-a621-e3dd901f6cb0/720x720
671,https://usercontents-c.styleshare.io/images/f1a7f1b0-d6c5-4625-8ad1-6a1fe5e4bf7a/720x720
672,https://usercontents-c.styleshare.io/images/2b4558c8-8c14-441a-8923-9c94aa508c22/720x720
673,https://usercontents-c.styleshare.io/images/d1d15445-aefc-4c39-bef0-f56dcd21987a/720x720
674,https://usercontents-c.styleshare.io/images/93246c92-662a-4ecc-9273-859c36f0ff12/720x720
675,https://usercontents-c.styleshare.io/images/6fe62562-8294-45e2-8811-c0ef0b2120ac/720x720
676,https://usercontents-c.styleshare.io/images/b6818e7e-dc09-47f6-a405-979cb7c7fcc7/720x720
677,https://usercontents-c.styleshare.io/images/98b79e45-28b3-49e3-bd19-9e58c0d4da35/720x720
678,https://usercontents-c.styleshare.io/images/7049f33e-42b7-47b5-84e7-7b9b232d2802/720x720
679,https://usercontents-c.styleshare.io/images/5c4fa931-17da-4ae3-a42a-6503c5495c2b/720x720
680,https://usercontents-c.styleshare.io/images/64f9937a-7590-410e-ad96-c7cede511c25/720x720
681,https://usercontents-c.styleshare.io/images/023b6624-2b68-431d-8938-cac24058275b/720x720
682,https://usercontents-c.styleshare.io/images/8df1f8f8-a473-4705-a5c7-b745ea420baa/720x720
683,https://usercontents-c.styleshare.io/images/f543df2b-8911-4cfd-a32f-c15be0978bcf/720x720
684,https://usercontents-c.styleshare.io/images/3e5a2cef-7d57-4aee-bc73-b5b38baa4134/720x720
685,https://usercontents-c.styleshare.io/images/6b5b4ad2-cff6-4b9e-9f70-6b043ece6f81/720x720
686,https://usercontents-c.styleshare.io/images/cb7d1bf9-c228-4aa6-a775-b7bd52cb19ac/720x720
687,https://usercontents-c.styleshare.io/images/0db1d500-a4a1-455d-8a54-b875e2e1d242/720x720
688,https://usercontents-c.styleshare.io/images/cfab504e-08f9-4fe0-8772-b2ac267cf10a/720x720
689,https://usercontents-c.styleshare.io/images/795fb562-6125-45fb-862f-8e07b7d50e48/720x720
690,https://usercontents-c.styleshare.io/images/2e3ed480-c045-49f1-a1db-c3bba8291584/720x720
691,https://usercontents-c.styleshare.io/images/ae63f14a-07bc-4dd2-bc4e-94f091ef0545/720x720
692,https://usercontents-c.styleshare.io/images/6d22338f-4abf-4206-8f2f-23d675a19a9b/720x720
693,https://usercontents-c.styleshare.io/images/97a0db2a-2f9d-4a66-9236-1a06eaaee143/720x720
694,https://usercontents-c.styleshare.io/images/03795e62-e769-4eb4-8235-3ac26e8954a4/720x720
695,https://usercontents-c.styleshare.io/images/72b5240c-2fff-43ae-8e3f-ddbc5562d31a/720x720
696,https://usercontents-c.styleshare.io/images/f27d3e84-d79c-4aa3-8155-378038506fde/720x720
697,https://usercontents-c.styleshare.io/images/e63c1487-f7af-445b-9446-22b6a471863d/720x720
698,https://usercontents-c.styleshare.io/images/59a706c2-9202-46f1-b54d-9b8690a47baf/720x720
699,https://usercontents-c.styleshare.io/images/796b7ed6-e2b1-4900-8bb6-1e3520a7db18/720x720
700,https://usercontents-c.styleshare.io/images/8fe99d3b-e553-4886-b47b-d62d6ab1dd16/720x720
701,https://usercontents-c.styleshare.io/images/ebf394c3-bd0f-4b3a-a774-48ec06a7835c/720x720
702,https://usercontents-c.styleshare.io/images/0a722a5e-2b0b-44b1-a91c-9f187bd20e1f/720x720
703,https://usercontents-c.styleshare.io/images/c10ea5f5-cbda-4c05-bb35-ebbc9d6bb4d4/720x720
704,https://usercontents-c.styleshare.io/images/5419aef2-8c80-4b31-899d-3750d898b1d0/720x720
705,https://usercontents-c.styleshare.io/images/860417f7-a57f-49c7-8082-3f3ed1033fcd/720x720
706,https://usercontents-c.styleshare.io/images/f41a9e27-d1e9-46e8-b37f-694864372be0/720x720
707,https://usercontents-c.styleshare.io/images/2db99f1d-9992-426c-8185-6c644ccac662/720x720
708,https://usercontents-c.styleshare.io/images/89249c7c-ab54-4d73-b7c7-ff2002a3e0bc/720x720
709,https://usercontents-c.styleshare.io/images/51baa105-033a-4972-bdaa-834bde933725/720x720
710,https://usercontents-c.styleshare.io/images/d3491020-d4cb-464c-a102-fa1489318521/720x720
711,https://usercontents-c.styleshare.io/images/8c12fcaa-03c3-4151-bcf3-4d12ea5480c4/720x720
712,https://usercontents-c.styleshare.io/images/9ab8e86c-e276-425f-9fbb-29af6dc1a23b/720x720
713,https://usercontents-c.styleshare.io/images/4394da6a-e3e2-4261-83a3-7c2bd81943cc/720x720
714,https://usercontents-c.styleshare.io/images/5cd2ebfc-d710-4c20-808a-8728a011d1f7/720x720
715,https://usercontents-c.styleshare.io/images/6910d7d8-be44-4380-b020-43fd2e3f5fb5/720x720
716,https://usercontents-c.styleshare.io/images/0da7c045-96cc-4e16-ae05-3363634c7212/720x720
717,https://usercontents-c.styleshare.io/images/eddf2866-4c34-48c3-9539-f4e32f574d16/720x720
718,https://usercontents-c.styleshare.io/images/e1b89995-8556-458a-a423-1b1338686b19/720x720
719,https://usercontents-c.styleshare.io/images/454bf80b-2b4f-4c9c-8675-d5ccafdac2fa/720x720
720,https://usercontents-c.styleshare.io/images/60eb5991-09b2-4610-b793-6fcae69fb380/720x720
721,https://usercontents-c.styleshare.io/images/dee269d0-0005-4247-b527-9b195dbba4b0/720x720
722,https://usercontents-c.styleshare.io/images/90b4a8d2-7e33-4f07-a9d9-cb12ffee4301/720x720
723,https://usercontents-c.styleshare.io/images/f63963bc-16a0-4d63-8dd3-21e596a70ffd/720x720
724,https://usercontents-c.styleshare.io/images/7fd43f11-60fd-4493-9892-df2dfc1ed8a1/720x720
725,https://usercontents-c.styleshare.io/images/98a47343-74a0-467c-bc7e-bc5ff1b07d54/720x720
726,https://usercontents-c.styleshare.io/images/21f66bf2-a42e-43db-b92e-dbf9ebf644cd/720x720
727,https://usercontents-c.styleshare.io/images/83d13688-2055-414b-8200-e51dd0b53305/720x720
728,https://usercontents-c.styleshare.io/images/b71e1272-09cb-4f28-87e1-4a8fe5a0446e/720x720
729,https://usercontents-c.styleshare.io/images/89e4cea8-9e76-4185-8507-e94e5d75fe4f/720x720
730,https://usercontents-c.styleshare.io/images/05251e37-fb46-41ff-8365-0d640511b70d/720x720
731,https://usercontents-c.styleshare.io/images/4ff34fac-7868-4b99-bfa5-0d2d76cd1058/720x720
732,https://usercontents-c.styleshare.io/images/0a465082-55b3-4766-aca5-329f18494118/720x720
733,https://usercontents-c.styleshare.io/images/45e0bec9-3f49-4e4f-a550-eeacf16bcac6/720x720
734,https://usercontents-c.styleshare.io/images/dbd33d34-38b1-4177-ab9e-93d91a9973aa/720x720
735,https://usercontents-c.styleshare.io/images/45a1a9e6-b632-4753-8d38-74143faf3c4e/720x720
736,https://usercontents-c.styleshare.io/images/d68b711a-f5a6-4a25-bb7b-e10d9a132dd9/720x720
737,https://usercontents-c.styleshare.io/images/436e780e-f255-48dd-bb53-ea8a03f398bc/720x720
738,https://usercontents-c.styleshare.io/images/27cbd9a0-3021-4e4b-bdea-d225b14e71a2/720x720
739,https://usercontents-c.styleshare.io/images/9e930f5a-fe57-4e1c-8a34-526c07c1f0a1/720x720
740,https://usercontents-c.styleshare.io/images/1c7b30a1-d5bf-44bb-aef4-81a8bed8b99d/720x720
741,https://usercontents-c.styleshare.io/images/3dd99bd4-68aa-4fa8-a92b-4348f9b85ca3/720x720
742,https://usercontents-c.styleshare.io/images/525b759e-e41d-48d8-9e3d-1ad784d43e1c/720x720
743,https://usercontents-c.styleshare.io/images/d2c5ba76-bb5e-405f-90d1-8192cfd28a97/720x720
744,https://usercontents-c.styleshare.io/images/783093b3-2d35-4e6d-bd1e-0df151b4c9ce/720x720
745,https://usercontents-c.styleshare.io/images/4f0a0afb-5d64-4f99-a966-85d44ba0929d/720x720
746,https://usercontents-c.styleshare.io/images/d03eb154-9b1b-4fb2-99ef-365b073342c6/720x720
747,https://usercontents-c.styleshare.io/images/d96beb3f-3b26-4eea-8807-77ab7f77b0e3/720x720
748,https://usercontents-c.styleshare.io/images/d84d473b-973b-4e06-992f-52619dc81768/720x720
749,https://usercontents-c.styleshare.io/images/a2dc0324-c097-4050-86c3-66007a0282a2/720x720
750,https://usercontents-c.styleshare.io/images/8d5f1aa9-84d0-4362-9b08-7cbae26770ce/720x720
751,https://usercontents-c.styleshare.io/images/fe9c0f66-efae-4bad-a83e-8e9493d0521d/720x720
752,https://usercontents-c.styleshare.io/images/907c062a-a895-4b7a-87a2-84f1da21cc29/720x720
753,https://usercontents-c.styleshare.io/images/f04650e7-fcc0-47c1-87e3-017a449bd8f1/720x720
754,https://usercontents-c.styleshare.io/images/7221e944-2ce3-4743-9df8-9090800a3e61/720x720
755,https://usercontents-c.styleshare.io/images/7221e944-2ce3-4743-9df8-9090800a3e61/720x720
756,https://usercontents-c.styleshare.io/images/c58a59db-5d3c-46ad-a1dc-634a1062b068/720x720
757,https://usercontents-c.styleshare.io/images/56349bcf-b7df-4efe-a413-1e820e22f365/720x720
758,https://usercontents-c.styleshare.io/images/a2661849-4b64-4cdc-acbe-ef1609c8fb01/720x720
759,https://usercontents-c.styleshare.io/images/ffeeb7d4-53c6-4dd0-b17e-fa52e7af5af0/720x720
760,https://usercontents-c.styleshare.io/images/63b1ea6d-faec-4d4e-82eb-c5c9f9279e9f/720x720
761,https://usercontents-c.styleshare.io/images/9e588ec5-a43d-4f24-bcd7-15edb3b06d2c/720x720
762,https://usercontents-c.styleshare.io/images/4df983bc-3ca3-4a56-9001-7252828fcdda/720x720
763,https://usercontents-c.styleshare.io/images/d149f66f-7177-4761-b8f7-9623a2f9ebe9/720x720
764,https://usercontents-c.styleshare.io/images/c480dfc9-e995-4f32-b66c-ffa58319ddd7/720x720
765,https://usercontents-c.styleshare.io/images/cf1962a0-7329-4050-956f-dc91f7ed86f1/720x720
766,https://usercontents-c.styleshare.io/images/3f8fe56c-caac-41d7-ab43-9b41aeb2634d/720x720
767,https://usercontents-c.styleshare.io/images/d3c34fb1-19cb-4234-a324-1dfff930f1eb/720x720
768,https://usercontents-c.styleshare.io/images/25ffde79-84ad-4e58-9483-32a22a24f58f/720x720
769,https://usercontents-c.styleshare.io/images/07822995-c629-422e-8b0e-8ee6a7cf3a12/720x720
770,https://usercontents-c.styleshare.io/images/7141b0e7-65cf-4376-b6be-e19f9602a610/720x720
771,https://usercontents-c.styleshare.io/images/fc2312f2-b533-446e-93cf-a3d0cfa4a833/720x720
772,https://usercontents-c.styleshare.io/images/6ac5b723-b894-40e4-8a62-dae57bcee0f3/720x720
773,https://usercontents-c.styleshare.io/images/d66d43e3-f6d0-4d67-a386-77c5e36c4118/720x720
774,https://usercontents-c.styleshare.io/images/a705111d-eefe-455a-b58e-1583df8b2950/720x720
775,https://usercontents-c.styleshare.io/images/013b413e-d8f3-4789-8a70-ff236d5c1087/720x720
776,https://usercontents-c.styleshare.io/images/89be7fc9-608d-4671-bd33-970200fbce4d/720x720
777,https://usercontents-c.styleshare.io/images/f0da7868-709c-4d3a-a0be-464d242a2e20/720x720
778,https://usercontents-c.styleshare.io/images/0f31b17d-febc-4245-9a33-ea41f6faeae2/720x720
779,https://usercontents-c.styleshare.io/images/ab6c46b8-9eb7-4b39-bb82-32e6ce7845ef/720x720
780,https://usercontents-c.styleshare.io/images/a585629a-d0ef-4a99-93ab-d254b6085b51/720x720
781,https://usercontents-c.styleshare.io/images/26a6e27a-dbbe-4efc-a31f-83562bab6140/720x720
782,https://usercontents-c.styleshare.io/images/47502ca9-dbd9-40e4-9890-3f89e823e83b/720x720
783,https://usercontents-c.styleshare.io/images/61e7a38c-e270-49f5-9162-2c8886f9ca59/720x720
784,https://usercontents-c.styleshare.io/images/30b53109-e564-41ec-953c-c023d3a0337f/720x720
785,https://usercontents-c.styleshare.io/images/ffe02efc-9986-446b-bb1c-f310c484c0a1/720x720
786,https://usercontents-c.styleshare.io/images/3f848716-c8ab-4e9c-b847-143dd11d1ba7/720x720
787,https://usercontents-c.styleshare.io/images/ddf60b4f-38d5-4f64-bf6d-4af1797dc3e1/720x720
788,https://usercontents-c.styleshare.io/images/7cdcb212-6db7-419d-9704-43cb083980ab/720x720
789,https://usercontents-c.styleshare.io/images/77216c32-06be-4a4b-8622-f3633aa309d3/720x720
790,https://usercontents-c.styleshare.io/images/27f7decd-78bc-4a39-860d-e31f46839168/720x720
791,https://usercontents-c.styleshare.io/images/d4c09520-5d42-4167-84ae-9f1876d28dd2/720x720
792,https://usercontents-c.styleshare.io/images/d17d4eb4-f047-4a96-8773-5ae3541321ba/720x720
793,https://usercontents-c.styleshare.io/images/1e76fabb-7950-4959-a0a2-057df252265b/720x720
794,https://usercontents-c.styleshare.io/images/9b95210e-75ae-4313-89bb-dabbf08ba4e3/720x720
795,https://usercontents-c.styleshare.io/images/369c6d4b-7043-419d-b7de-4b8c6df63357/720x720
796,https://usercontents-c.styleshare.io/images/afe88c9c-d91b-4cde-b3f6-60d3219256bb/720x720
797,https://usercontents-c.styleshare.io/images/998da6b7-1933-4705-9a55-cef8e5cbadca/720x720
798,https://usercontents-c.styleshare.io/images/5363a278-dbae-40ff-8847-f247fea0fdb0/720x720
799,https://usercontents-c.styleshare.io/images/1e3cf987-f650-4f83-8146-1f2822f7883b/720x720
800,https://usercontents-c.styleshare.io/images/ddd1a961-b705-4cf3-9a96-5b7fc1b0d3b7/720x720
801,https://usercontents-c.styleshare.io/images/c35bb608-ee22-4822-8951-50464fda3e71/720x720
802,https://usercontents-c.styleshare.io/images/8d1659d2-7f72-455c-8c27-b3760d636617/720x720
803,https://usercontents-c.styleshare.io/images/cd21707f-13cc-4b15-806b-7239e55645c2/720x720
804,https://usercontents-c.styleshare.io/images/1ce47d3f-4b60-4c6b-afeb-8ff200c55bd9/720x720
805,https://usercontents-c.styleshare.io/images/63b7a8e0-4258-46c2-9faa-59abf12e961f/720x720
806,https://usercontents-c.styleshare.io/images/65564ff9-d800-4783-8b90-c9c0af6cf8b2/720x720
807,https://usercontents-c.styleshare.io/images/89538772-f68c-4ad8-9f07-80df3f8bb76f/720x720
808,https://usercontents-c.styleshare.io/images/e35530c1-b8e4-4abe-9790-b8ab70ed29e1/720x720
809,https://usercontents-c.styleshare.io/images/16fda883-2189-4eb3-ac5a-6a50295d26f2/720x720
810,https://usercontents-c.styleshare.io/images/03005b6b-5466-4820-8337-db547393e52e/720x720
811,https://usercontents-c.styleshare.io/images/e9fc1ac3-76a2-48f7-857a-280d2d5eb8fc/720x720
812,https://usercontents-c.styleshare.io/images/e9f91e82-3160-46a2-8d71-2ab70a2aba5d/720x720
813,https://usercontents-c.styleshare.io/images/9eac390a-6831-4a7b-97e1-0bbdeb8758d5/720x720
814,https://usercontents-c.styleshare.io/images/258883f4-d10e-4c21-ac9c-3d2c444bc7bb/720x720
815,https://usercontents-c.styleshare.io/images/1d155c48-3a3d-4890-8530-455761b1b299/720x720
816,https://usercontents-c.styleshare.io/images/7de2edde-1c2f-46fd-900e-9fd1a1cd25b2/720x720
817,https://usercontents-c.styleshare.io/images/b60a747d-4c52-47f8-9d64-c9f47a9bd840/720x720
818,https://usercontents-c.styleshare.io/images/19f0917b-8cba-493d-b0c5-df98d13b1249/720x720
819,https://usercontents-c.styleshare.io/images/f13f579f-f1a9-42fb-b819-eacefcfecf42/720x720
820,https://usercontents-c.styleshare.io/images/5e1f3cb8-cdea-4dc1-99cd-dff6633c53c8/720x720
821,https://usercontents-c.styleshare.io/images/3e5e6bf8-fb16-40ae-99dc-b0318a8e64ed/720x720
822,https://usercontents-c.styleshare.io/images/9bacd7e3-9c02-4e33-8b2c-c6bd48510de0/720x720
823,https://usercontents-c.styleshare.io/images/9001fc2f-449e-46f8-af48-801e83ac2392/720x720
824,https://usercontents-c.styleshare.io/images/9d4191aa-5a46-4638-8e61-ac4eee845ab0/720x720
825,https://usercontents-c.styleshare.io/images/3c9eb826-9796-49bc-8770-4b795be459e7/720x720
826,https://usercontents-c.styleshare.io/images/49abd1c4-fe17-473f-8659-7e98d5fdc509/720x720
827,https://usercontents-c.styleshare.io/images/f2289f28-8918-4ddf-8370-62e238729cfd/720x720
828,https://usercontents-c.styleshare.io/images/16cfa54b-7678-4d13-b14b-f2056ae39fcd/720x720
829,https://usercontents-c.styleshare.io/images/0fc5922d-e70d-490f-969b-7bfbba91e7d5/720x720
830,https://usercontents-c.styleshare.io/images/7cb7630b-2586-4e13-b2fb-a2793ff8c113/720x720
831,https://usercontents-c.styleshare.io/images/cd2e6a95-b2da-46de-9ad2-bd46bad5bb75/720x720
832,https://usercontents-c.styleshare.io/images/cdf3099c-8d3c-496e-9122-d08f37dd1afc/720x720
833,https://usercontents-c.styleshare.io/images/fcae0058-6815-48d6-930c-355eead9e9e5/720x720
834,https://usercontents-c.styleshare.io/images/fe91283a-b18a-40ec-89cb-1a439724021a/720x720
835,https://usercontents-c.styleshare.io/images/cf6261dd-570a-493c-b674-129068a33180/720x720
836,https://usercontents-c.styleshare.io/images/961e61c2-d3fb-4665-a2cf-ea81d25fb2d1/720x720
837,https://usercontents-c.styleshare.io/images/73a49ec4-6960-49cc-a230-f456255127be/720x720
838,https://usercontents-c.styleshare.io/images/2f23f46d-7dd9-4032-ae2f-66532cf457ce/720x720
839,https://usercontents-c.styleshare.io/images/eea0eaf2-836b-4839-a426-5c6794751a57/720x720
840,https://usercontents-c.styleshare.io/images/24dd9746-925f-47d0-8ac6-d5920d0d492d/720x720
841,https://usercontents-c.styleshare.io/images/08b76343-a462-4793-9322-0dedf6e811d2/720x720
842,https://usercontents-c.styleshare.io/images/4043ec62-3c49-4680-ae21-8526d1a87e46/720x720
843,https://usercontents-c.styleshare.io/images/0d9a0735-7857-47f0-ba44-577d237e3c66/720x720
844,https://usercontents-c.styleshare.io/images/d4618c38-190b-4bb9-a502-083ec53b05cb/720x720
845,https://usercontents-c.styleshare.io/images/341c8233-4536-4fb0-9062-0dae0fe44dfb/720x720
846,https://usercontents-c.styleshare.io/images/dde7e692-9ce1-4147-8c18-7dc41de5ced7/720x720
847,https://usercontents-c.styleshare.io/images/4ace1ee8-e0b2-47c6-947e-61b2fe5d0229/720x720
848,https://usercontents-c.styleshare.io/images/ef5a6bcd-5e21-40cd-8e48-efed5a8cf22d/720x720
849,https://usercontents-c.styleshare.io/images/70bdc6b0-5791-4523-868d-37afcd840aaa/720x720
850,https://usercontents-c.styleshare.io/images/97fdf400-d7cd-4391-bf50-389962e20945/720x720
851,https://usercontents-c.styleshare.io/images/48024629-1db0-4c53-8cee-4c171256c828/720x720
852,https://usercontents-c.styleshare.io/images/5aa6cf35-9650-432f-9da2-be7696cbd5ca/720x720
853,https://usercontents-c.styleshare.io/images/d260ef9c-9956-481e-ba65-860a67772caa/720x720
854,https://usercontents-c.styleshare.io/images/afe72201-9f23-4f0b-93c9-3f3dff4a64bb/720x720
855,https://usercontents-c.styleshare.io/images/e887a738-587e-4f70-9022-c7c1da62472f/720x720
856,https://usercontents-c.styleshare.io/images/88242fa6-c3bc-4a40-a8d8-df653cc23c8d/720x720
857,https://usercontents-c.styleshare.io/images/fe946ee5-b8c0-4758-ad82-8eea03969177/720x720
858,https://usercontents-c.styleshare.io/images/e32543f2-c01a-4f61-9b8d-d0d87255abf8/720x720
859,https://usercontents-c.styleshare.io/images/f95623c4-3b10-4c46-bd18-d599261b8871/720x720
860,https://usercontents-c.styleshare.io/images/07baca47-8e51-48ab-84fb-9d7279681040/720x720
861,https://usercontents-c.styleshare.io/images/d4732f25-8c9c-462a-b1e0-dd46b8c73479/720x720
862,https://usercontents-c.styleshare.io/images/2e4f0b3b-1b41-47bc-b92d-e131eaa504b0/720x720
863,https://usercontents-c.styleshare.io/images/b14d1a0e-b698-43b3-add5-6bf60a8b71bd/720x720
864,https://usercontents-c.styleshare.io/images/188a90df-fe9f-4f35-9821-7b6ba04a0bd6/720x720
865,https://usercontents-c.styleshare.io/images/7abcdfb3-687d-4a9b-959a-13cdf72bedaa/720x720
866,https://usercontents-c.styleshare.io/images/7502a6ff-4a68-4c5a-890d-2598abe79ea6/720x720
867,https://usercontents-c.styleshare.io/images/436feb70-7c5b-413a-8716-55aaa4873936/720x720
868,https://usercontents-c.styleshare.io/images/b102db7c-4664-4eaa-bafe-34d3bd49845a/720x720
869,https://usercontents-c.styleshare.io/images/a4ea8491-9db9-4050-a644-3b48ba7e0af3/720x720
870,https://usercontents-c.styleshare.io/images/9b604a65-0cdc-4d4c-8990-33c13b36834e/720x720
871,https://usercontents-c.styleshare.io/images/bf199efe-c9f7-49e7-9121-b3bd99eb778d/720x720
872,https://usercontents-c.styleshare.io/images/996e9061-231d-4ef8-bc23-090eac7df018/720x720
873,https://usercontents-c.styleshare.io/images/8abb8034-76ae-49dd-b411-27d46f8ddef2/720x720
874,https://usercontents-c.styleshare.io/images/0aad2d05-b659-4ea3-b90b-1a51c2b262b8/720x720
875,https://usercontents-c.styleshare.io/images/2cf00b73-ca56-4535-b63e-fd4f5ce081de/720x720
876,https://usercontents-c.styleshare.io/images/07b23216-d2e7-4d07-a32d-5309778c788c/720x720
877,https://usercontents-c.styleshare.io/images/df550529-1a3b-46a8-9378-c3890c0333d1/720x720
878,https://usercontents-c.styleshare.io/images/fc39bc17-8370-4f89-ae77-6a3149c2e485/720x720
879,https://usercontents-c.styleshare.io/images/45bbae10-763a-485f-8a4b-c5b32030271b/720x720
880,https://usercontents-c.styleshare.io/images/000c9283-fd83-46fd-871d-9a3714083192/720x720
881,https://usercontents-c.styleshare.io/images/e33409f9-2545-4797-8620-513650aaee92/720x720
882,https://usercontents-c.styleshare.io/images/8f70a4c7-e5e0-4267-af85-5f8a4dfcdb18/720x720
883,https://usercontents-c.styleshare.io/images/fcbba987-db87-47cf-ba3d-12e28b2f15e0/720x720
884,https://usercontents-c.styleshare.io/images/31b31fce-5c3f-437e-b2b3-d67ebf26c8b2/720x720
885,https://usercontents-c.styleshare.io/images/b0818bb5-827a-4d13-a251-589f5622b791/720x720
886,https://usercontents-c.styleshare.io/images/96fd40b5-088a-4197-be8f-8befa7a35715/720x720
887,https://usercontents-c.styleshare.io/images/5651c2a4-7e8e-4474-9290-bdb2fb3ebde6/720x720
888,https://usercontents-c.styleshare.io/images/91c4f414-643c-4f2f-9f04-3c3825741ba2/720x720
889,https://usercontents-c.styleshare.io/images/548545b3-99bc-4ce2-8297-5d94d243524c/720x720
890,https://usercontents-c.styleshare.io/images/53350f0b-8133-44c8-a4f4-72367620e6a6/720x720
891,https://usercontents-c.styleshare.io/images/d509cad6-4335-4eb8-9e04-f3788b9e5432/720x720
892,https://usercontents-c.styleshare.io/images/886bbfb1-a205-4c65-8e71-ec60f48a5f8c/720x720
893,https://usercontents-c.styleshare.io/images/48b690d4-b5ec-440c-ac86-80fee415fd1f/720x720
894,https://usercontents-c.styleshare.io/images/dd35dde0-cc04-424e-8c4d-9e7757b805a6/720x720
895,https://usercontents-c.styleshare.io/images/d4b4b8c4-161b-452c-a1c6-d172180fed40/720x720
896,https://usercontents-c.styleshare.io/images/66e6f1b1-5323-44d8-aebc-bca36e0be253/720x720
897,https://usercontents-c.styleshare.io/images/d7ec3bf2-9cbc-4eec-b088-449b4100e4fe/720x720
898,https://usercontents-c.styleshare.io/images/54bdf825-4aa5-41dd-9490-55c9d2268e2f/720x720
899,https://usercontents-c.styleshare.io/images/134937cc-cb02-44f9-845b-8c45c24c37c2/720x720
900,https://usercontents-c.styleshare.io/images/88f92202-0d2a-4629-92ac-7f669a07d0bd/720x720
901,https://usercontents-c.styleshare.io/images/4ceb81e2-c72c-4f30-99b3-922797494f68/720x720
902,https://usercontents-c.styleshare.io/images/eac17837-4b13-4057-92ff-23052f2484a1/720x720
903,https://usercontents-c.styleshare.io/images/df623787-a95a-44b4-a18c-d5f614b5f3ff/720x720
904,https://usercontents-c.styleshare.io/images/2c51a258-c55d-4648-b0b5-85616d2cc4f6/720x720
905,https://usercontents-c.styleshare.io/images/aa8915b4-6441-4dc9-af46-01d0baf97b40/720x720
906,https://usercontents-c.styleshare.io/images/d7a70b99-3fe7-4ba8-8984-d37e194b5961/720x720
907,https://usercontents-c.styleshare.io/images/882384ed-47e5-4c96-b3ea-b486d634b50a/720x720
908,https://usercontents-c.styleshare.io/images/2df5ca39-8358-403e-85f0-cee7ec8a094b/720x720
909,https://usercontents-c.styleshare.io/images/45e025b1-f2fb-461f-a122-2727fbb0553a/720x720
910,https://usercontents-c.styleshare.io/images/c856fae4-a416-4463-b8be-ca9dcfc78610/720x720
911,https://usercontents-c.styleshare.io/images/632627e9-6346-48d2-b939-cdfa81b85e41/720x720
912,https://usercontents-c.styleshare.io/images/916cf40f-cdb1-4d69-ae72-44bbc4b67aaf/720x720
913,https://usercontents-c.styleshare.io/images/5e0f35ee-610e-4677-a4b4-90c407cf3e6c/720x720
914,https://usercontents-c.styleshare.io/images/af0a0ebe-2dc2-4af0-8b03-b39d321a8dff/720x720
915,https://usercontents-c.styleshare.io/images/84a5b908-1158-488e-9b97-f6e5935bad6d/720x720
916,https://usercontents-c.styleshare.io/images/d13da6d5-d61b-44cb-96b9-9091019b1f67/720x720
917,https://usercontents-c.styleshare.io/images/ba2d06ae-ee37-440b-bc28-95358bacea17/720x720
918,https://usercontents-c.styleshare.io/images/4077ffdb-e54f-4a54-92f9-53cddfb179bb/720x720
919,https://usercontents-c.styleshare.io/images/a1499cf7-7852-4cb6-b64f-ea423778edf5/720x720
920,https://usercontents-c.styleshare.io/images/bd7c5738-d992-470e-983d-ad94143978ac/720x720
921,https://usercontents-c.styleshare.io/images/b846e0f1-dc95-4e09-8b17-9d02a081e2ec/720x720
922,https://usercontents-c.styleshare.io/images/045afe05-dc9d-4a7f-ba03-9e3c31534513/720x720
923,https://usercontents-c.styleshare.io/images/cc1be84e-5d2a-4b7e-b016-05dcb84391bd/720x720
924,https://usercontents-c.styleshare.io/images/cb8629ac-3b7b-4081-83c5-a42b5000bec0/720x720
925,https://usercontents-c.styleshare.io/images/def6387f-c923-46b4-aae0-6eb8c8a0c5f4/720x720
926,https://usercontents-c.styleshare.io/images/d4e1e0bd-96dc-4d1f-954c-bc50438537fe/720x720
927,https://usercontents-c.styleshare.io/images/996eb9ee-f779-4ada-bebe-3611d38f6bb6/720x720
928,https://usercontents-c.styleshare.io/images/313797fb-5d31-48ac-98b5-e972093387a8/720x720
929,https://usercontents-c.styleshare.io/images/8e8d6758-651d-43d2-b52c-d64d980e6c35/720x720
930,https://usercontents-c.styleshare.io/images/9f9fca35-0430-498b-8c39-d522d8569c57/720x720
931,https://usercontents-c.styleshare.io/images/4798298b-7406-4051-a386-a3cc1ad08492/720x720
932,https://usercontents-c.styleshare.io/images/16c74d9b-697e-4c4f-a10d-8e2dea9b5c83/720x720
933,https://usercontents-c.styleshare.io/images/17b4a8b0-7bb0-406e-b75f-8c29901d14dc/720x720
934,https://usercontents-c.styleshare.io/images/0aa9781a-604f-4d64-9114-1fcb6acf05b8/720x720
935,https://usercontents-c.styleshare.io/images/9459a654-445e-4dd4-8e68-8b8f6e6adad9/720x720
936,https://usercontents-c.styleshare.io/images/43ac0d38-3671-4e46-86f5-f55b8509ab57/720x720
937,https://usercontents-c.styleshare.io/images/2a74adc1-6967-4547-bb74-f5de2ef3e8a1/720x720
938,https://usercontents-c.styleshare.io/images/e418ce96-4fd6-4b69-95ec-958553fe2087/720x720
939,https://usercontents-c.styleshare.io/images/c6b97a68-f47b-47d7-bfb2-8bf941e2f0c7/720x720
940,https://usercontents-c.styleshare.io/images/595dfbe5-f450-4d19-b9dc-7780fb7868bd/720x720
941,https://usercontents-c.styleshare.io/images/b3c8434a-48bf-4512-b030-6d2b9b2590bb/720x720
942,https://usercontents-c.styleshare.io/images/a26dd7f0-ffc2-4e3c-b062-9dac929a20b8/720x720
943,https://usercontents-c.styleshare.io/images/dde086d7-ebab-4f0d-89c5-2c552c5be659/720x720
944,https://usercontents-c.styleshare.io/images/eeeb3f6c-03c1-4d4e-9c1c-c07ec93fd338/720x720
945,https://usercontents-c.styleshare.io/images/cdd830d0-bfea-46c5-9102-1af318b5f65b/720x720
946,https://usercontents-c.styleshare.io/images/43807e3f-67b8-45ba-9919-7f4e4888a97a/720x720
947,https://usercontents-c.styleshare.io/images/614fc56e-60f1-4871-9148-f8cb5d0a0990/720x720
948,https://usercontents-c.styleshare.io/images/a62b9776-7843-4016-8e11-50ff338a9c82/720x720
949,https://usercontents-c.styleshare.io/images/e640fbbd-3250-4356-a979-319b23b4fd8b/720x720
950,https://usercontents-c.styleshare.io/images/18dcd4bf-9045-4bc9-a283-f04160dcf396/720x720
951,https://usercontents-c.styleshare.io/images/18dcd4bf-9045-4bc9-a283-f04160dcf396/720x720
952,https://usercontents-c.styleshare.io/images/666b55ee-cfdb-4238-9d46-54538a46fdc0/720x720
953,https://usercontents-c.styleshare.io/images/cfc13ca7-9713-42bd-a22e-388bae4bf15f/720x720
954,https://usercontents-c.styleshare.io/images/3ce4d80f-2678-46e7-b039-4ba1013ddb9d/720x720
955,https://usercontents-c.styleshare.io/images/2bc46178-053b-4c60-95f7-16526ccdb4bd/720x720
956,https://usercontents-c.styleshare.io/images/de13577b-61cf-4c25-96a1-3184217e522d/720x720
957,https://usercontents-c.styleshare.io/images/19024dcb-2ed4-4980-80ac-e969b6cc1204/720x720
958,https://usercontents-c.styleshare.io/images/f9059c15-2054-4107-87cb-7f81751a79f5/720x720
959,https://usercontents-c.styleshare.io/images/ed5b17d1-6f11-4edc-8d8e-72223c543c42/720x720
960,https://usercontents-c.styleshare.io/images/6534774a-670c-4318-8a6e-3be6a7135ed0/720x720
961,https://usercontents-c.styleshare.io/images/9ae2d2f0-5cf9-4fbb-9f61-eb0eaf2d6e4f/720x720
962,https://usercontents-c.styleshare.io/images/7f93f321-7582-419b-82c0-9005a973c132/720x720
963,https://usercontents-c.styleshare.io/images/4f6ffa24-f861-40db-8574-0cb84b0423c7/720x720
964,https://usercontents-c.styleshare.io/images/3adb677f-9ef7-4d9f-b093-3bb2567ba0aa/720x720
965,https://usercontents-c.styleshare.io/images/fdbb99e6-2ffe-442b-9ebb-a5d554919a50/720x720
966,https://usercontents-c.styleshare.io/images/9c5a296f-a040-4921-a201-169bfdffa318/720x720
967,https://usercontents-c.styleshare.io/images/7f68ce36-a959-48cb-b0f8-0fca26438fe5/720x720
968,https://usercontents-c.styleshare.io/images/8908eb5a-90ef-44d7-aca3-7d1b65944efd/720x720
969,https://usercontents-c.styleshare.io/images/5644af24-0766-4555-834a-0a0a03f568bc/720x720
970,https://usercontents-c.styleshare.io/images/927ca7f3-67a4-4337-bd0e-ffc7724b2bed/720x720
971,https://usercontents-c.styleshare.io/images/5dfb58c6-e847-48e0-ae3b-f4099f7919c1/720x720
972,https://usercontents-c.styleshare.io/images/2d57bd7e-5a09-4680-adab-7a037ffb05ae/720x720
973,https://usercontents-c.styleshare.io/images/4ff3b2a4-7051-4498-8b5e-8eec384b1c99/720x720
974,https://usercontents-c.styleshare.io/images/6fe69c65-c14e-4543-87ee-1307df822023/720x720
975,https://usercontents-c.styleshare.io/images/6bf05329-6b93-42ca-a655-144a15fe26d1/720x720
976,https://usercontents-c.styleshare.io/images/6ef1dfc0-1f64-470f-b5f8-8de2903a2e7e/720x720
977,https://usercontents-c.styleshare.io/images/795ae3cd-af94-4768-870e-6ed547db6c37/720x720
978,https://usercontents-c.styleshare.io/images/dff18ab1-7dd8-46bf-a3d4-26d21f35da28/720x720
979,https://usercontents-c.styleshare.io/images/00c6b0bd-818e-4968-b20f-025ee3b18a81/720x720
980,https://usercontents-c.styleshare.io/images/3c40a6f5-51ea-4714-b2cb-731223d3b6c1/720x720
981,https://usercontents-c.styleshare.io/images/70d6e765-9421-4221-9688-ba872009662c/720x720
982,https://usercontents-c.styleshare.io/images/0ff2f842-c91c-4669-8b67-b424ec782c96/720x720
983,https://usercontents-c.styleshare.io/images/e27890f3-c1ad-453f-a1f3-55c713cf6987/720x720
984,https://usercontents-c.styleshare.io/images/178be8b2-d38a-4d37-af61-3ede213ee43c/720x720
985,https://usercontents-c.styleshare.io/images/a43523de-1468-4b1a-8e55-f46e381b3abc/720x720
986,https://usercontents-c.styleshare.io/images/c597f453-7b8e-4517-a749-9b4477070078/720x720
987,https://usercontents-c.styleshare.io/images/i5d9b08152cedf/720x720
988,https://usercontents-c.styleshare.io/images/i5d78d1b22c4e7/720x720
989,https://usercontents-c.styleshare.io/images/i5daee6e4a25fd/720x720
990,https://usercontents-c.styleshare.io/images/i5d09e92029c0a/720x720
991,https://usercontents-c.styleshare.io/images/i5d09e9189385f/720x720
992,https://usercontents-c.styleshare.io/images/i5d09e910ec9aa/720x720
993,https://usercontents-c.styleshare.io/images/i5cb7106195245/720x720
994,https://usercontents-c.styleshare.io/images/i5954725abf69f/720x720
995,https://usercontents-c.styleshare.io/images/4577dac9-af94-4200-9855-831a87fa8cf7/720x720