가까이,https://usercontents-c.styleshare.io/images/41100303/700x394,'가까이(GAKKA2)'는 펭귄처럼 귀엽고 더욱 사랑스러운 스포츠 캐주얼 브랜드입니다.
가로(GARO),https://usercontents-c.styleshare.io/images/34605824/700x394,"가로(길거리를 뜻합니다.) 라는 브랜드는 이름 답게 스트릿 의류를 기반으로 하여 항상 과하지 않음 과 깔끔한 스트릿을 중점으로 두고 한국의 라이프 스타일의 영향을 받아
매 시즌 색다른 시도와 로고, 컬러, 그래픽, 패러디 등을 활용한 디자인을 선보이고 equals로고 처럼 
[평등]을 옷에 표현하고자 노력하는 브랜드 입니다."
가르니르,https://usercontents-c.styleshare.io/images/23178177/700x394,"가르니르(GARNIR)는 다양한 예술작품에 담긴 이야기를 향기로움으로 전달합니다.
이 향기가 당신에게 스며들어 가슴 속 짙은 울림으로 남길 바랍니다."
가발매니아,https://usercontents-c.styleshare.io/images/25101147/700x394,"Enjoy wig life♪♬ 예쁜머리 만들어 줄게요♥ 자체디자인,국내생산,고퀄리티,최신트랜드"
가이거,https://usercontents-c.styleshare.io/images/42206624/700x394,"알프스 소녀,모차르트,영세중립국하면 연상되는
Austria의 100년 전통의 토탈 패션 명품 브랜드 가이거
가이거는 현재 전세계 37개국에서 수출되며
뉴욕,파리,런던,홍콩,일본 등 패션을 리드하는 
대도시에서 단독매장을 운영하고 있습니다.
한국은 Geiger Shop이 가장 많으며 가장 인기가 높은 국가로
Geiger GmBH에서도 중요시 하는 시장으로 꼽고 있습니다.
최근 트랜드의 다양화 및 자연주의 성향에 높은 관심으로 
Geiger의 인기가 높아지고 있습니다."
간소,https://usercontents-c.styleshare.io/images/42370648/700x394,"현대인의 간소한 생활 소품 브랜드       
일상의 모든 것들이 더 간소해집니다."
갑질,https://usercontents-c.styleshare.io/images/42394430/700x394,가성비갑 좋을 질의 의미를 두어 직접 제작한 가성비 좋고 질도 좋은 상품을 만나볼 수 있는 브랜드입니다.
게인스보로(gainsboro),https://usercontents-c.styleshare.io/images/34864275/700x394,GAINSBORO(게인스보로)는 “superior garment”에 기본을 둔 채 우리가 가지고 있는 특별함을 문화 전반에 걸쳐 다양하게 표현하고 전달하며 기억되게 합니다. 현대적이며 실용적인 CASUAR WEAR을 지향하며 의복 제작의 기본 틀을 존중하여 오래도록 놔두고 입을 수 있는 옷을 만들어갑니다.
게타,https://usercontents-c.styleshare.io/images/18817042/700x394,"GETTA(게타)는 ""가지다""의 get과 ""다르다""라는 뜻의 한자어 타(他)와의 합성어로 ""다름을 가지다""라는 뜻을 가지고 있습니다. getta의 감성을 공유하여 ""다름""을 가지고, 자신만의 색깔을 보여줄 수 있는 High Quality 매개체를 제공하는 컨템포러리 브랜드입니다."
겐조,https://usercontents-c.styleshare.io/images/20238582/700x394,겐조만의 독특한 정체성과 문화에 대한 미학으로 동서양의 매력을 담다.
겐지,https://usercontents-c.styleshare.io/images/18816977/700x394,"GENZIE(겐지)는 스트릿 문화의 감성을 이해하는 젊은 소비자들을 위한 브랜드입니다. 합리적인 가격, 독특하지만 어디에나 어울리는 디자인 튼튼한 내구성, 삼박자가 갖추어진 가장 기본적인 아이웨어 입니다."
고세,https://usercontents-c.styleshare.io/images/33686796/700x394,"'GO-CCE HAND BAG' 은 디자인과 실용성, 좋은 품질, 합리적인 가격으로 고객만족을 실현하고 있습니다.
고세핸드백 컨셉은 트렌디한 문화와 패션을 융합한 디자인, 합리적인 가격, 다양한 소재의 perfection my style 제품입니다."
고운머리,https://usercontents-c.styleshare.io/images/25123079/700x394,"내가 찾던 티안나는 패션가발!
만족후기! 높은 재구매율! 분위기변신! 
패션가발 및 헤어악세사리 전문 기업 고운머리"
골든구스,https://usercontents-c.styleshare.io/images/25512237/700x394,현대적이고 세련되지만 단기간의 유행에 좌우되지 않는 NEW CLASSIC
골라클래식,https://usercontents-c.styleshare.io/images/21793206/700x394,
과일나라,https://usercontents-c.styleshare.io/images/21184569/700x394,"싱그러운 바람과 건강을 품은 땅, 햇살의 아름다움을 담은 자연의 선물 과일나라가 추구하는 아름다움의 원천은 자연입니다.
과일나라는 남녀노소 모두에게 어울리는 웰코스의 대표 브랜드입니다."
구달,https://usercontents-c.styleshare.io/images/42715078/700x394,"'구달'은 Good All Natural Remedy, 즉 자연의 힘으로 피부를 이롭게 한다는 슬로건을 가지고, 자연의 생명력과 에너지를 모던 테크놀로지로 이끌어내 투명하고 맑은 피부를 제공하는 브랜드입니다."
구찌,https://usercontents-c.styleshare.io/images/21186503/700x394,"Gucci는 혁신적이고 진취적인 자세로 패션의 현대적 감성을 극대화하는 영향력 있는 브랜드입니다. 크리에이티브 디렉터 알레산드로 미켈레의 창의적인 비전 아래에서 21세기 명품 시장에 새로운 변혁을 일으키며, 누구나 꿈에 그리는 패션 하우스로서의 높은 명성을 강화하고 있습니다. 절충적이면서도 현대적인 로맨티시즘이 반영되어 있는 Gucci 제품은 이탈리아의 장인 정신과 더불어 작은 디테일 하나까지도 놓치지 않는 탁월한 품질을 대표하는 아이콘과도 같습니다."
굿나잇데이브,https://usercontents-c.styleshare.io/images/38447067/700x394,"굿나잇데이브는 ""잠이 인생을 바꾼다""고 믿고 다양하고 재미있는 홈웨어 그리고 수면제품을 기획하는 브랜드입니다"
굿딜,https://usercontents-c.styleshare.io/images/43027679/700x394,Good Deal은 다양한 상품을 공장에서 원도매로 소싱하여 중간 거품없이 고객님들에게 가성비 있는 제품들을 소개해드리고 있습니다.
굿라이프웍스,https://usercontents-c.styleshare.io/images/42271548/700x394,GOOD LIFE WORKS 는 좋은 인생이란 뜻으로 거기에 어울리는 합리적인 가격의 디자인 상품을 만듭니다.
굿햄프,https://usercontents-c.styleshare.io/images/42170352/700x394,"복잡한 피부 고민을 해결하는
최적의 데일리 스킨케어 솔루션"
권도영알로에,https://usercontents-c.styleshare.io/images/43096426/700x394,"1994년에 설립된 ‘권도영 알로에’는 알로에 사포나리아를 직접 재배 및 가공하여 건강한 알로에 제품을 생산하는 농업회사법인입니다.

알로에 농장은 청정지역인 울산 울주군에 위치하고 있으며 그 규모는 국내 최대 규모인 약 35,000평이며, 생산 공장은 경북 문경에 위치하고 있습니다. 농약이나 화학성분 등을 일절 사용하지 않는 유기농법의 원칙을 고수하여 알로에를 재배하고 있으며, 엄격한 품질관리 시스템을 기반으로 국내 및 해외 시장에서 믿을 수 있는 안전한 제품을 연구 및 생산하고 있습니다."
그라비스,https://usercontents-c.styleshare.io/images/43007170/700x394,"GRAVIS(그라비스)는 버튼 산하의 풋 웨어 브랜드입니다. 왕성한 홍보활동과 다양한 제품 군을 출시하며 전세계 익스트림 스포츠 마니아들로부터 찬사를 받고 있습니다. 특히 매년 품절사례를 기록하는 가방 류와 그라비스에서만 만날 수 있는 타막, 로다운 등의 스니커들은 그라비스의 위상을 더욱 공고히 하는 스테디셀러 모델입니다."
그라빈,https://usercontents-c.styleshare.io/images/21573500/700x394,
그라인더스,https://usercontents-c.styleshare.io/images/35899776/700x394,
그라펜,https://usercontents-c.styleshare.io/images/25299987/700x394,"BE CREATIVE & ACT
그루밍의 기준을 바꾸다 GRAFEN"
그라함스,https://usercontents-c.styleshare.io/images/19533290/700x394,"제프 그라함의 3개월 된 아들은 호주 멜버른의 Royal 소아 병원에서 피부 문제가 가장 심한 케이스였습니다. 제프는 더 이상 두고 볼 수만은 없어 무언가 대책을 세워야겠다 다짐했습니다. ""몇 년 동안 수많은 의사와 피부과 전문의들을 만나봤습니다. 그리고 현재 나와있는 모든 제품을 다 써봤습니다. 수많은 시도와 실패를 거듭해 우리는 피부 습진, 아토피, 마른 버짐을 위한 칼렌둘리스 플러스 크림을 만들어 냈고, 우리는 나 자신 그리고 제 아들 라이언에게서도 엄청난 결과를 가져올 수 있었습니다."" 제프와 쉐넌은 지금도 깨끗하고 건강한 피부를 위한 제품을 만들고 있으며, 지속적으로 연구개발 중입니다."
그랜드피날레,https://usercontents-c.styleshare.io/images/19558130/700x394,GRAND FINALE(그랜드 피날레)는 다양한 문화에서 영감을 받아 극적인 색감과 섬세한 실루엣을 중심가치로 전개되는 유니섹스 브랜드입니다.
그램,https://usercontents-c.styleshare.io/images/22296863/700x394,"GRAM은 2005년 스웨덴 스톡홀름에서 두명의 디자이너, ALEXES HOLM과 ANNA STENVI가 만든 브랜드 입니다.

GRAM을 짧게 표현한다면 '예술적이고 세련된 스니커즈' 라고 정의 할 수 있습니다.
스칸디나비아 특유의 감성을 담은 디자인은 미학적이고 절제되어 있으며, 클래식을 새롭게 해석한 스니커즈를 지향합니다.

GRAM의 모든 제품은 그 첫 번째 프로토타입의 무게를 기준으로 네이밍 됩니다.

도시의 안목있는 셀럽(celeb) 이 되고 싶다면     'Enjoy your GRAM!'"
그램(GRAM),https://usercontents-c.styleshare.io/images/40867721/700x394,"그램, 피부에 필요한 부분을 신박하고 합리적이게 만들겠습니다."
그레고리,https://usercontents-c.styleshare.io/images/43096150/700x394,"""가방은 메는것이 아니라 입는 것이다""

14세인 1962년부터 배낭을 만들어 미국의 역사적인 아웃도어 매장 'Adventure 16""과 협업을 했던

Wayne Gregory가 배낭에 대해 가지고 있는 명제였으면 철학입니다."
그레이멜린,https://usercontents-c.styleshare.io/images/24739032/700x394,"자연에서 답을 찾다, 자연유래 성분 천연화장품 전문업체 GRAYMELIN"
그레이베리,https://usercontents-c.styleshare.io/images/22283400/700x394,"그레이베리(GrayBerry)는 또 다른 행성의 개념으로 기존의 고정관념을 탈피하고 모두의 개성을 존중하는 유토피아입니다.
컬렉션 컨셉은 그레이베리의 브랜드스토리를 바탕으로 이루어지며, 스토리에 따라 독특한 방식으로 전개됩니다."
그레이즈문,https://usercontents-c.styleshare.io/images/37982873/700x394,"'그레이즈문(Gray is moon)' 회색은 달이다.
평범한 단어를 조합했지만 평범하지 않은 브랜드 '그레이즈문'에 걸맞도록 그레이즈문에서는 노멀한 듯 특별한 상품에 가치를 두고 있습니다. 그레이즈문은 한밤중 칠흑같은 어둠을 밝히는 수많은 별 사이에 군림한 여왕인 '달처럼' 당신의 일상에 스포트라이트를 가져다줄 것입니다."
그레이지,https://usercontents-c.styleshare.io/images/18295963/700x394,"GRAZY(그레이지)는 각박한 일상에서 지쳐 벗어나고 싶은 당신의 메마른 감성 충전을 위한 감성여정의 길잡이가 되고자 합니다. 중성적이고 정돈된 실루엣, 불필요한 디테일을 최소화 하여 패턴의 심플함과 유니크함을 강조 하였고, 그레이지만의 DRYCOATEX 원단을 사용하여 여행에 적함한 생활방수와 가벼움을 추구합니다."
그레이티스트,https://usercontents-c.styleshare.io/images/19558151/700x394,"THE GREATEST(그레이티스트)는 독립형 디자인 브랜드입니다. 현대적인 예술(modern art), 현대의 스트릿 패션(modern street fashion)을 그레이티스트의 색으로 새롭게 해석해 높은 퀄리티로 새로운 일상적인 스타일을 추구합니다."
그레잇오프,https://usercontents-c.styleshare.io/images/23395489/700x394,그레잇 오프는 자연/초자연의 다양한 장면에서 영감을 얻고 머릿속에 컬러를 규정하여 스트라이프 원단을 디자인/제작하는 패션 회사입니다.
그루비씬,https://usercontents-c.styleshare.io/images/25123926/700x394,"하나의 인생은 기억속에서 바라 볼 때, 단편적인 장면 장면들이 모여 이루어집니다.
GroovyScene은 '멋진 장면' 이라는 뜻으로, 여러분이 만들어 갈 일생속  개별적인 장면들에 '멋'을 책임지고자 만든 브랜드입니다.
브랜드 최우선가치인 '멋'과 함께 여러분만의 'Groovy Scene'들을 만들어가며 기억 속 자신의 삶 전체를 멋지게 만들어 보세요.
'You always have to be gorgeous in your own memory ; Groovy Scene'"
그뤼너씨,https://usercontents-c.styleshare.io/images/39978997/700x394,아름다운 호수의 신비로움과 깨끗함을 담은 초자연브랜드
그리쉬,https://usercontents-c.styleshare.io/images/34221670/700x394,그리쉬는 YOUNG & FRESH 한 무드를 기반으로 다양한 디자인을 FRESH한 컬러감으로 표현하는 브랜드입니다.
그린코디,https://usercontents-c.styleshare.io/images/41898333/700x394,그린코디는 미용기기전문업체로 LED 마스크 및 필링기 등 다양한 페이스 관리 전문 브랜드입니다.
글램폭스,https://usercontents-c.styleshare.io/images/21192241/700x394,글램폭스는 원래 타고난 것처럼 자신만의 매력적인 여자가 되길 원하는 여성들의 니즈를 만족시키기 위한 해결책으로 탄생된 브랜드입니다.
글레이즈드,https://usercontents-c.styleshare.io/images/23112860/700x394,
글로리아덴,https://usercontents-c.styleshare.io/images/18817279/700x394,GLORY ARDEN(글로리아덴)은 스와로브스키를 주 소재로 한 유니크하면서도 여성적인 감성을 지향하는 커스텀 주얼리 브랜드입니다.
글로스턴,https://usercontents-c.styleshare.io/images/32392822/700x394,"""글로스턴은 클래식을 기반으로한 아이웨어 브랜드입니다. 항상 본질을 먼저 생각하며 눈의건강을 위해 최상의 퀄리티를 유지하고아울러, 오래써도 질리지않는 디자인을 소개하는 브랜드입니다."""
글로우라우디,https://usercontents-c.styleshare.io/images/32167320/700x394,다이아몬드가루가 함유되어 피부에 품격있는 아름다움의 스펙트럼을 선사하는 프리미엄 기초브랜드 글로우라우디
글로우베리,https://usercontents-c.styleshare.io/images/42782702/700x394,"20,000시간이 넘는 긴 시간 동안 스킨케어를 연구한 전문가에 의해 만들어진 GLOWBERRY"
글륵,https://usercontents-c.styleshare.io/images/25512178/700x394,"Viel Gluck! 독일인들이 일상에서 서로의 행복과 성공을 기원하는 인사, '글륵(Gluck)'. 글륵은 세계 최초 모던 디자인의 시발점인 독일의 클래식컬하고 우아한 디자인과 행운을 기원하는 메시지를 시계에 담은글로벌 트렌드 패션와치 브랜드입니다."
글리티어,https://usercontents-c.styleshare.io/images/39915524/700x394,자연스럽고 빛나는 피부를 위한 스킨케어와 트렌디한 감성을 담아낸 힙한 코스메틱 브랜드입니다.
기브유,https://usercontents-c.styleshare.io/images/27f9c7d2-3b06-40a9-8e7a-55b91f3fb3c6/700x394,"러블리하고, 심플한 20대룩 심플&베이직한
의류부터 슈즈&ACC까지 무료배송으로 만나보세요"
기키,https://usercontents-c.styleshare.io/images/21686441/700x394,
길단,https://usercontents-c.styleshare.io/images/19558191/700x394,"GILDAN(길단)은 북미점유율 최고수준에 달하며 톱셀러 메이커로 전세계적으로 판매가 이루어지고 있는 세계 최대 규모의 베이직 의류 브랜드 입니다. 2013 슈퍼볼 광고 스폰서로 액티브웨어로서도 인기가 높으며 베이직 티셔츠부터 포켓티,스웻셔츠,가장 인기상품인 후드 제품까지 가격대비 최상의 품질을 자랑합니다."
길라에잇,https://usercontents-c.styleshare.io/images/42358019/700x394,"비건 화장품 길라에잇은 식물의 발아, 성장, 개화의 과정을 ‘Beauty’ 의 순환과정으로 수용하여, 
식물성 원료를 사용하여 지속 가능한 환경과 자연의 생명력을 담은 화장품 브랜드 입니다."
깅엄버스,https://usercontents-c.styleshare.io/images/18816846/700x394,"GINGHAMBUS(깅엄버스) 2015년 5월에 창업한 신진 디자이너 브랜드 이며, 위트있고 독창적인 아이템을 직접 디자인하여 국내생산으로 제작 하고 있습니다."
까르뱅,https://usercontents-c.styleshare.io/images/43110895/700x394,"카르맨 드 토마조에 의해 1945년 설립된 오뜨쿠띄르 하우스 까르뱅 으로 키가 작은 여성들을 위한 브랜드로 런칭하여 다른 브랜드와 차별적인 페미닌한 장식과 현실적인 디자인으로 시작 하게된 브랜드로 50년대 스카프와 지금까지 이어지는 향수를 선보이며 현재 이태리,벨기에,미국,일본,홍콩 등에서 판매가 이루어지고잇다"
까스텔바작,https://usercontents-c.styleshare.io/images/42283587/700x394,독특한 예술 감각과 현대적인 감성으로 유명한 프랑스의 명품 브랜드
까트린(cattline),https://usercontents-c.styleshare.io/images/33689147/700x394,"브랜드 네임이자 브랜드 뮤즈인 CATTLINE 은
소녀가 여성으로 성장해가는 과정을 디자인으로 풀어 해석한 브랜드입니다.
귀엽고 사랑스러운 소녀의 감성과 고급스럽고 성숙한 여성의 감성을 믹스하여
매시즌 새롭고 다양한 컬렉션을 선보입니다."
꼬달리,,"브랜드 네임이자 브랜드 뮤즈인 CATTLINE 은
소녀가 여성으로 성장해가는 과정을 디자인으로 풀어 해석한 브랜드입니다.
귀엽고 사랑스러운 소녀의 감성과 고급스럽고 성숙한 여성의 감성을 믹스하여
매시즌 새롭고 다양한 컬렉션을 선보입니다."
꼬미엔조,https://usercontents-c.styleshare.io/images/18816964/700x394,"COMIENZO(꼬미엔조)는 스페인어로 ""시작""이라는 뜻을 가지고 있습니다. 시작은 언제나 처음을 말하는 단어이긴 하지만, 디자이너가 추구하고자 하는 부분은 열정을 뜻합니다. 시작과 열정으로 재해석하여 꼬미엔조 만의 색을 표현한 브랜드입니다."
꼼데가르송,https://usercontents-c.styleshare.io/images/38817561/700x394,"일본의 디자이너 레이 가와쿠보가 설립한 아방가르드 패션 브랜드.
뜻은 프랑스어로 '소년들처럼' 이라는 의미이다. 
브랜드의 시그니처 아이템으로는 연미복 스타일의 재킷과 물방울 무늬의 셔츠가 있다.
꼼데가르송은 1969년에 첫 출시되었고, 첫 남성복 라인인 꼼데가르송 옴므는 1978년에
처음으로 출시되었으나 전 세계적인 주목을 받기 시작 한 것은 1981년 파리컬렉션
진출부터이다."
꼼데가르송 플레이,https://usercontents-c.styleshare.io/images/39175499/700x394,"꼼데가르송(COMME DES GARCONS)은 프랑스어로 '소년처럼'을 뜻한다.
1969년 일본 디자이너 레이 가와쿠보가 만든 일본브랜드로 흔히 알고있는 하트와펜이달린 브랜드는
'꼼데가르송'이 아닌 '꼼데가르송 플레이'로 레이 가와쿠보의 캐쥬얼 라인인데
가장 편하면서도 '위트'있는 디자인이 특징이다.튀지않는 디자인에 하트와펜으로 포인트를 주어
상위 라인보다 비교적 쉽게 접할수있다."
꼼므꼼므,https://usercontents-c.styleshare.io/images/23895555/700x394,"'꼼므꼼므'는 2014년 7월에 런칭한 생활 및 뷰티 소품 브랜드입니다. 어디서도 볼 수 없는 유니크한 아이템을 소개하고자 하는 '꼼므꼼므'는, 20대와 30대 여성을 타깃으로 화사하고 귀여운 디자인의 제품들을 전개하고 있습니다."
꼼파뇨,https://usercontents-c.styleshare.io/images/18817345/700x394,"COMPAGNO(꼼파뇨)는 남녀노소, 세대 구분 없이 빠르게 변화하는 유행에 상관없이 한결같이 입을 수 있는 의류를 전달하기 위해 론칭된 브랜드입니다."
꽃샘,https://usercontents-c.styleshare.io/images/42693124/700x394,
꾸미까,https://usercontents-c.styleshare.io/images/42640682/700x394,
꾸비올로,https://usercontents-c.styleshare.io/images/35448585/700x394,"핀란드어로 kuvio는 패턴을, ilo는 즐거움을 뜻하는 단어입니다.
두 단어의 합성어인 꾸비올로는 패턴의 즐거움을 전하고자 하는 마음에서 비롯된
패턴베이스의 라이프스타일 브랜드입니다.
이 작은 패턴이 평범한 일상 속 유쾌한 즐거움이 되길 바라며,"
끌라삐엘,https://usercontents-c.styleshare.io/images/43010429/700x394,언제나 기분 좋은 브랜드
나나츄,https://usercontents-c.styleshare.io/images/25512259/700x394,"everybody wants to get NANACHU!
모두가 원하는, 모두가 갖고싶어하는 악세사리를 만들자는 슬로건을 바탕에 두고 있으며,
항상 고객님의 입장이 되어 합리적인 가격으로 심플한 디자인부터 사랑스러우면서도 키치한 디자인까지, 새로운 디자인을 제공하기위해 끊임없이 노력하고 있습니다."
나나크루,https://usercontents-c.styleshare.io/images/21940446/700x394,
나다,https://usercontents-c.styleshare.io/images/22274514/700x394,"""My First Skin Solution""

SHE IT! 감추고 싶은 나만의 비밀! 나다"
나뚜리아,https://usercontents-c.styleshare.io/images/1d47b577-7637-45c0-a12a-a1fa22cfcfc7/700x394,향기롭고 감각적인 디자인으로 지친 일상에 위로가 되어주는 바디 케어 브랜드입니다.
나르시소 로드리게즈,https://usercontents-c.styleshare.io/images/42283595/700x394,쿠바계 미국인 유명 디자이너인 나르시소 로드리게즈의 향수 브랜드
나스,,쿠바계 미국인 유명 디자이너인 나르시소 로드리게즈의 향수 브랜드
나우왓,https://usercontents-c.styleshare.io/images/23021258/700x394,"나우왓(now what)은 '뭘 더해야되?' '또 뭐야?' 라는 반항적인 의미로 계속해서 더 높은 인생의 벽을 넘어야 하는 우리의 일상을 표현하려고 했으며, cheeky한 이미지로 트렌디한 디자인을 일상속에서 편안하게 입을 수 있도록 풀어내는 유니섹스 브랜드입니다."
나이쇼,https://usercontents-c.styleshare.io/images/42694703/700x394,너와 나만아는 비밀이라는 의미의 한국 도매스틱 브랜드입니다
나이키,https://usercontents-c.styleshare.io/images/21126903/700x394,"NIKE(나이키)는 토탈 라이프스타일 브랜드로 이미 세계 1위 브랜드로 자리 잡았으며, 다양한 아티스트와 브랜드들과의 컬래버레이션으로 많은 분야에서 활동하며 압도적인 신발 판매량과 더불어 두터운 마니아층을 갖고 있는 브랜드입니다."
나이팅게일,https://usercontents-c.styleshare.io/images/21375249/700x394,피부과 시술의 강력한 효과를 간단한 홈케어로! 내 손안의 작은 피부과 나이팅게일
나인어클락,https://usercontents-c.styleshare.io/images/25167929/700x394,"부드러운 슬라이딩과 듀얼레이어 방식의 튼튼한 카드슬롯, 디자인을 살리고 감각적인 스킨으로 빛을 발하는 라이트업! 일상에 특별함을 더해주는 감각적인 스마트폰 케이스입니다."
나인옥토퍼스,https://usercontents-c.styleshare.io/images/37911355/700x394,"오버사이즈 블랙웨어를 기반으로, 다양한 스타일을 추구하며, 유니크하지만 데일리로 입기 편한 옷을만듭니다.
덩치큰사람들을위한 블랙웨어 브랜드입니다."
나인웨스트,https://usercontents-c.styleshare.io/images/43133147/700x394,"나인 웨스트(Nine West)는 현대적인 감각의 세련된 슈즈를 창조합니다. 샌들부터 펌프스, 사보를 비롯하여 역동적인 라이프스타일을 즐기는 여성을 위해 고안된 다양하게 활용 가능한 컬렉션을 선보이는 뉴욕 브랜드입니다. Nine West 슈즈는 오피스 데이 룩이나 이브닝 룩에도 완벽하게 매치할 수 있습니다."
나잇러브솔트,https://usercontents-c.styleshare.io/images/25512267/700x394,
나체,https://usercontents-c.styleshare.io/images/35446412/700x394,"브랜드 나체는 단순한 형태에 입체적인 디테일을 추구하며 이는 소재본연의 특성을 살리고 옷의 형태를 결정합니다.
찰나의 순간에 결정되는 옷의 실루엣은 그 자체로 자연스러움을 나타냅니다. 
기존 브랜드에서 보기 힘들었던 변형 가능한 디자인을 보여주며 다양한 텍스쳐를 활용하여 가능성을 보여줍니다."
낫띵베럴,https://usercontents-c.styleshare.io/images/42522155/700x394,당신을 바꾸는 이너뷰티 습관
낫띵이즈베럴댄미,https://usercontents-c.styleshare.io/images/34979876/700x394,"NOTHING IS BETTER THAN ME '나보다 나은 것은 아무것도 없다'는 뜻으로 'confidence'를 다양한 디자인으로 표현한 유니섹스 스트릿 브랜드 입니다

항상 좋은 원단 사용과 새로운 디자인으로 다가가며 최고가 될 수 있는 브랜드로 발전해 가겠습니다"
낫소,,"NOTHING IS BETTER THAN ME '나보다 나은 것은 아무것도 없다'는 뜻으로 'confidence'를 다양한 디자인으로 표현한 유니섹스 스트릿 브랜드 입니다

항상 좋은 원단 사용과 새로운 디자인으로 다가가며 최고가 될 수 있는 브랜드로 발전해 가겠습니다"
낫쉬,https://usercontents-c.styleshare.io/images/41541700/700x394,"당신을 위한 24시간 탈모 리커버 솔루션
착한 성분과 엄선된 원료 선택을 통해 탈모와 두피의 문제점을 개선하고자하는 차별화된 두피케어 프리미엄 브랜드입니다."
낫파운드프로젝트,https://usercontents-c.styleshare.io/images/25512152/700x394,
내로우마인드,https://usercontents-c.styleshare.io/images/34405048/700x394,"내로우마인드는 narrowmind(편협,강단)로 natural talent(재능)을 표출한다는 의미로 
narrowmind는 브랜드로서의 내로우마인드를, natural talent는 재능을 가진 모든이들을 나타냅니다.
 
시즌별로 매력적인 이미지와 형태에 주목하여 감각적이고 개성있는 형상으로 재구성합니다. 

""세미 스트릿패션 브랜드""라는 컨셉으로 정돈된 디자인, 절제된 디자인속의 장식을 추구합니다."
내셔널지오그래픽,https://usercontents-c.styleshare.io/images/42852181/700x394,"내셔널지오그래픽 어패럴은 지금 이순간에도 지구와 인류를 위한 끊임없는 모험과 탐험을 이어가고 있는 내셔널지오그래픽 탐험가들과 그들이 이뤄낸 업적을 모티브로 하고 있습니다. 
의류, 여행 캐리어, 백팩, 캠핑 및 등산용품 등 다양한 제품을 통해 도시와 자연, 일상과 모험을 넘나드는 여러분의 특별한 여정을 함께합니다."
너튜브 PICK,https://usercontents-c.styleshare.io/images/43095289/700x394,일요일의 너튜브에서 만나는 너튜브PICK
너트앤볼트,https://usercontents-c.styleshare.io/images/41400648/700x394,"NUTANDBOLT(너트앤볼트)는 단순한 기계의 부품 이름으로 쓰이지만 무엇의 기본,요점 이라는 뜻으로도 많이 사용 되고 있습니다. NUTANDBOLT는 그 뜻에서 영감을 받아 우리 주변에서 다가갈수 있는 기본적인 요소들을 재해석하여 미니멀리즘과 유니크의 조화로움을 지향하는 브랜드입니다."
널스디,https://usercontents-c.styleshare.io/images/39617971/700x394,"Nursdy 는 태경코리아의 고품격 프리미언 브랜드로서, 다양한 라이프 스타일을 추구하며 고객들의 수요 만족도를 충족시키는 동시중간 도매 과정을 제거하여 가격 경쟁력에 강점을 보이고 있습니다. 
또한 Nursdy 는 소비자들이 선호하는 디자인 시장의 트렌드에 대한 정보 수집을 핵심으로 하여 보다 트렌디한 제품들을 ""합리적이고 즐겁게"" 런칭 시키기위해 많은 노력을 기하고 있습니다."
네버에버,https://usercontents-c.styleshare.io/images/22826395/700x394,"NEVEREVER(네버에버)는 ""강한 부정은 곧 긍정""이라는 모순적인 의미로 해석하여, 스트릿 팝아트 기반의 Bright & Positive 이미지들로 리디렉팅하는 디자이너 브랜드입니다."
네스티킥,https://usercontents-c.styleshare.io/images/24928204/700x394,"2015년 네스티팜을 통해 처음 선보여진 네스티킥은 지난 시즌 동안 많은 대중들에게 사랑을 받는 시그니쳐 디자인중 하나로 2017년 네스티팜으로 부터 별개로 독립 전개 되는 브랜드이다.
스케이트 보드를 탈때 앞으로 나아가기 위해 발을 차는 용어 킥에서 모티브를 따 이름 지어진 네스티킥은 네스티팜과는 또 다른 방향을 지향한다. 스케이트 컬쳐를 비롯한 다양한 서브컬쳐를 근간으로 삼으며, 그로부터 비롯된 다양한 영감을 디자인에 반영하고자 하는 브랜드이다."
네스티팜,https://usercontents-c.styleshare.io/images/422e1a8a-f7e1-4580-8ade-6d7d916e8e06/700x394,"NASTY PALM(네스티팜)은 ""더러운 손에서 예술은 탄생한다""라는 모토로 강렬한 그래픽을 바탕으로 2010년 여름 한국에서 론칭한 스트리트 웨어 브랜드입니다. 그동안 여러 시즌을 거치면서 네스티팜만의 유니크한 컬렉션을 전개하여 한국에 많은 매니아 층을 확보하고 있으며, 단순한 컬렉션 전개뿐만 아니라 여러 서브 컬처 크루들 과의 협업을 통하여 문화의 다양성과 새로움을 추구하고 있습니다."
네스티팬시클럽(NASTY FANCY CLUB),https://usercontents-c.styleshare.io/images/37910117/700x394,"NASTY FANCY CLUB(네스티팬시클럽)은 네스티킥의 여성라인으로 FANCY를 생각하면 떠오르는 자신감 넘치고 매력적인 친구들을 위한 브랜드 입니다.
미원할 수 없는 매력적인 아이템들과 활동성 있는 다양한 제품들로 구성되어 있습니다."
네시픽,https://usercontents-c.styleshare.io/images/39534029/700x394,"진실된 자연스러움을 표현하는
자연주의 코스메틱 브랜드
네시픽(NACIFIC)"
네오라인,https://usercontents-c.styleshare.io/images/24570604/700x394,NEO(네오)는 New Economic Order의 약자이며 글로벌 시대의 새로운 가치를 지향하는 이들을 위한 유니섹스 스트리트 브랜드입니다.
네온더스트,https://usercontents-c.styleshare.io/images/24390652/700x394,"NEONDUST. 는 NEONMOON에서 파생된 유니섹스(혹은 남성복) 브랜드다.

달을 이루고 있는 달먼지에서 착안하여

NEONMOON을 형성하고 있는 NEONMOON먼지를 형상화, NEONDUST. 로 이름 지었다.


NEONDUST. is a menswear label derived from NEONMOON.

We got a hint from moondust floating around the moon.

The NEONDUST. symbolizes luminous particles from NEONMOON."
네온문,https://usercontents-c.styleshare.io/images/24390647/700x394,"NEONMOON(네온문)은 70-80년대 미국 레트로스타일을 컨셉으로 잡화, 토이, 빈티지북, 제작의류를 판매하는 레트로 라이프 스타일 숍 이다. 처음에는 좋아하는 물건을 판매하는 작은샵으로 시작되었고, 하나 둘 씩 가지고 싶은 물건을 제작하고 판매하게되었다. 그것을 시작으로 네온문에 매니아층이 꽤 형성되어 지금은 하나의 브랜드로 자리잡았다."
네이처리퍼블릭,https://usercontents-c.styleshare.io/images/25438221/700x394,"네이처리퍼블릭은 세계 곳곳의 청정자연에서 생명 에너지를 찾아 나누는 자연주의 브랜드입니다.
(세계 청정 자연에서 찾은 뷰티 에너지를 통해 고객의 삶에 건강함과 즐거움을 주는 자연주의 브랜드 네이처리퍼블릭의 지구와 삶이 주는 아름다운 스토리를 만나보세요.)"
네이처캔들,,"네이처리퍼블릭은 세계 곳곳의 청정자연에서 생명 에너지를 찾아 나누는 자연주의 브랜드입니다.
(세계 청정 자연에서 찾은 뷰티 에너지를 통해 고객의 삶에 건강함과 즐거움을 주는 자연주의 브랜드 네이처리퍼블릭의 지구와 삶이 주는 아름다운 스토리를 만나보세요.)"
네이처톡,https://usercontents-c.styleshare.io/images/31867547/700x394,(주)네이처톡은 식품/잡화 도소매 등 그외 가타 가정용품을 판매하는 도매업체입니다.
네이크업페이스,https://usercontents-c.styleshare.io/images/34429516/700x394,"스스로를 자랑하다
나를 드러내고 사랑하는 것 
아름다움의 시작입니다.
-네이크업페이스-"
네이키드니스,https://usercontents-c.styleshare.io/images/42943167/700x394,"NEIKIDNIS(네이키드니스)는 ""무방비의"" 혹은 ""있는 그대로의"" 의미대로 사물의 기본에 충실하지만, 그 안에서 꼭 필요한 실용성과 디테일 그리고 네이키드니스만의 특별한 디자인 요소의 가미를 시도하며 마음에서 시작된 디자인과 메세지를 많은 사람들에게 전달하고 공감하고자 노력합니다."
넥시,https://usercontents-c.styleshare.io/images/42694301/700x394,NEXI는 (주)리버네트워크의 네트워크 장비 및 컴퓨터 주변기기가 주를 이룬 자체 브랜드 입니다.
넬로,https://usercontents-c.styleshare.io/images/40083002/700x394,매일 특별하게 즐기는 프리미엄 젤 네일스티커
노네임,https://usercontents-c.styleshare.io/images/43003280/700x394,1992년 프랑스에서 Maison Rautureau에 의해 시작된 스니커즈 브랜드 입니다. 최근 전세계적으로 이슈가 되고 있는 여성 플랫폼 스니커즈의 원조격인 NO NAME은 매 시즌마다 변화를 거듭하며 그들의 주력 아이템인 플랫폼 스니커즈의 다양한 컬렉션을 선보이고 있습니다.
노델,https://usercontents-c.styleshare.io/images/21401431/700x394,
노베스타,https://usercontents-c.styleshare.io/images/18816866/700x394,NOVESTA(노베스타)는 1938년 슬로바키아의 유서깊은 BATA 공업단지에서 시작 되었습니다. 이후 반세기가 넘는 기간동안 유럽 전역 및 이외의 국가들에 유럽산 생고무와 캔버스를 사용한 신발을 생산 공급하여 오던 중 1992년 자체 브랜드 로 발전하게 됩니다.
노벰버 화이트,https://usercontents-c.styleshare.io/images/41659581/700x394,
노블클로즈(novelclothes),https://usercontents-c.styleshare.io/images/31868067/700x394,"""A NOVELOST""
""NOVELCLOTHES"" 는 소설가가 글을 쓰듯 다양한 주제와 상상력을 옷이라는 매개체를 통해 구현하는 것을 의미합니다.
우리의 옷을 통해 당신만의 특별함을 찾기 바랍니다."
노비스,https://usercontents-c.styleshare.io/images/42282150/700x394,"40개 이상의 국가에서 10년 동안 근무한 노비스는 의류, 신발, 액세서리에 대한 성능 및 기술 혁신을 가져와서 적용했다. 산에서 도시 거리로 이동하여 황무지를 탐험하거나 새로운 시도를 하십시오. 언제 어디서나 세련되고 편안한 마음으로 걷고, 운전하고, 자전거를 타거나 뛰어다닌다. 우리는 당신이 당신의 열정을 받아들이고 역동적인 삶을 살기를 원한다. 자신의 위치를 차지하고, 요소를 수용하십시오."
노비스,,"40개 이상의 국가에서 10년 동안 근무한 노비스는 의류, 신발, 액세서리에 대한 성능 및 기술 혁신을 가져와서 적용했다. 산에서 도시 거리로 이동하여 황무지를 탐험하거나 새로운 시도를 하십시오. 언제 어디서나 세련되고 편안한 마음으로 걷고, 운전하고, 자전거를 타거나 뛰어다닌다. 우리는 당신이 당신의 열정을 받아들이고 역동적인 삶을 살기를 원한다. 자신의 위치를 차지하고, 요소를 수용하십시오."
노스페이스,https://usercontents-c.styleshare.io/images/43012705/700x394,"THE NORTH FACE(노스페이스)는 산의 가장 춥고 혹독한 '북면' 을 따서 이름 붙여졌습니다. 그러나 역설적으로 노스페이스의 전설은 미국 샌프란시스코의 North beach에서 시작되었습니다. 1966년 샌프란시스코에서 첫 시작을 알린 노스페이스는 당초 작은 규모의 등산용품 소매점으로 시작했으나, 얼마 지나지 않아 발매한 침낭이 고객으로부터 큰 신뢰를 얻게 되면서 고기능 등산장비와 배낭 소매점인 ""THE NORTH FACE""로 알려지게 되었습니다."
노이지컴퍼니,https://usercontents-c.styleshare.io/images/23113023/700x394,"We have no idea just making cool clothes.
(우리는 생각없이 그냥 단지 멋진 옷을 만들 뿐이다.)"
노이커먼,https://usercontents-c.styleshare.io/images/21149131/700x394,"NOYCOMMON(노이커먼)은 유니섹스 캐주얼 브랜드로서 모던하고 간결한 실루엣을 바탕으로, 아트웍, 레터링 등을 통해 다양한 메시지를 표현해 나갑니다. 매 시즌 콘셉트와 트렌드를 반영한 노이커먼만의 해석으로, 웨어러블함과 동시에 진부하지 않은 디자인을 이어갈 것입니다."
노타모,https://usercontents-c.styleshare.io/images/42946580/700x394,
논논(NONENON),https://usercontents-c.styleshare.io/images/42307646/700x394,
논앤논,https://usercontents-c.styleshare.io/images/35726078/700x394,"""동시대의 우리"" 의 타이틀로  같은 시간을 보내는 우리는, 각자의 다른 모습으로 같은 길을 가고 있다. 

이렇게 다른듯 같은 우리의 모습들을 표현하며 브랜드 로고에서도 표현되듯 ""데칼코마니""를 상징 하는 

NON AND NON 만의 도형, 색감으로 브랜드를 전개한다."
누누핑거스,https://usercontents-c.styleshare.io/images/25512279/700x394,"현대와 과거를 넘나드는 다양한 문화의 팝아트와 리얼리즘 미학에서 재해석된 
누누핑거스의 독특한 제품은 웨어러블한 아이템을 바탕으로 
흥미로운 디테일과 위트있는 무드를 결합하여 컨템포러리하게 표현되어 집니다."
누니,https://usercontents-c.styleshare.io/images/21186551/700x394,누니(nooni)는 좋은 물을 찾아 로컬을 여행하는 스킨케어 브랜드입니다.
누드본즈,https://usercontents-c.styleshare.io/images/22316722/700x394,"NUDEBONES(N.D.B.S)는 2010년부터 시작된 남자의 강인함을 표현하고 있는 브랜드리입니다.
또한, 대한민국 수도 서울의 모습을 모티브로 삼고 있으며 특유의 거친 느낌과 컬러감을 앞세운 스트리트 웨어 브랜드입니다."
누리숲,https://usercontents-c.styleshare.io/images/31668924/700x394,누리숲은 숲의 이로움과 활기찬 기운을 피부에도 누리고자 하는 천연 화장품 브랜드입니다.
누이슈,https://usercontents-c.styleshare.io/images/20832834/700x394,"NUISSUE(누이슈)는 이슈를 기반으로 제한을 두지 않은 다양한 작업을 합니다.제작되는 모든 제품들이 하나로 어우러질 수 있는 브랜드입니다. 질 좋은 소재의 사용, 까다로운 제작과정을 걸쳐 제품을 만들며, 간결한 실루엣에 위트있는 디테일을 추구합니다."
누톤,https://usercontents-c.styleshare.io/images/33371143/700x394,nouv tone은 내츄럴 하면서도 유니크한 감성 무드를 표현하는 패션 브랜드 From Beginning에서 런칭한 색조 브랜드입니다.
누트,https://usercontents-c.styleshare.io/images/42796240/700x394,"세상에 없던 새로운 노트, 누트."
누퍼,https://usercontents-c.styleshare.io/images/34727737/700x394,한국문화를 기반으로 우리문화에서 볼수있는 다양하고 의미있는 스토리를 매 시즌 컨셉으로 정하여 캐주얼하게 풀어내는 브랜드
눅스,,한국문화를 기반으로 우리문화에서 볼수있는 다양하고 의미있는 스토리를 매 시즌 컨셉으로 정하여 캐주얼하게 풀어내는 브랜드
뉴발란스,https://usercontents-c.styleshare.io/images/18862059/700x394,NEW BALANCE(뉴발란스)는 1906년 미국 매사추세츠 주 보스턴에서 발에 장애가 있거나 경찰 소방관 우체부 등 하루 종일 서서 일하는 발에 무리가 가는 사람들을 위해 아치 서포트(Arch Support : 지지대가 있는 신발 깔창) 만드는데서부터 시작되었습니다. 닭의 세 개의 발톱이 만드는 균형 (Balance)에서 영감을 얻어 아치 서포트와 신발을 개발하였습니다.
뉴에라,https://usercontents-c.styleshare.io/images/21140469/700x394,"NEW ERA(뉴에라)는 미국 버팔로에서 1920년 에르하르트 코흐(Ehrhardt Koch)에 의해 설립된 스포츠 용품 제조업체로 그 시작은 신사복용 모자를 생산하는데 그쳤으나, 1934년 MLB 클리블랜드 인디언스의 야구모자를 생산하며 그 이름을 널리 알리게 되었습니다.. 뉴에라는 스포츠용품 제조 업체로 시작하여 음악과 문화를 아우르는 브랜드로 성장하여 많은 팬덤을 양산하고 있습니다."
뉴해빗,https://usercontents-c.styleshare.io/images/34242748/700x394,"NU jazz장르의 기존 재즈형식에 댄스음악을 결합한 신개념 음악장르처럼
NU(새로운)HABIT(습관) 기존의 옷을입는 방식에서 새로운 옷을 입는 습관을 들인다는 표현
트렌드 하면서 미니멀리즘한 디자인으로 매시즌 적극 반영하여 새로운 스타일을
자연스럽게 내옷장에 옷들과 녹아들게 합니다."
느와,https://usercontents-c.styleshare.io/images/43131938/700x394,"NOIR 느와는 컨템포러리 영캐쥬얼 여성복 브랜드입니다. 미니멀한 디자인을 기반으로 매시즌 새로운 이야기와 디자인을 제안하고자 합니다. NOIR 느와는 2010년 2월 런칭한 디자이너 레이블로 다양한 편집매장과 에이전시, 프로젝트를 통해 국내외에 브랜드를 꾸준히 소개해왔으며 디자이너의 감성이 담긴 다양한 아이템들을 좋은 품질과 합리적인 가격으로 선보이기위해 노력하고 있습니다."
니까,https://usercontents-c.styleshare.io/images/fc9593bf-198b-41e1-bac3-7f3adbb29866/700x394,"10대부터 20대까지 즐겨찾는 쇼핑몰
트렌드한 봄 신상 만나보세요"
니드 (niid),https://usercontents-c.styleshare.io/images/41703881/700x394,"niid 는 나와 내 공간에 필요한 모든것이라는 모토로 소비자의 라이프 스타일을 고려한 가정용 안마기, 스팀다리미 등을 개발하였습니다. 어느 공간에나 어우러지는 세련된 디자인과 합리적인 가격으로 소비자의 need를 만족시킬 것을 약속 드립니다."
다니엘웰링턴,https://usercontents-c.styleshare.io/images/25512293/700x394,
다다슈프림,https://usercontents-c.styleshare.io/images/23608174/700x394,1995년 런칭된 미국 스트릿 힙합 브랜드로 유니크 스트릿 신발 브랜드 입니다.
다비도프,https://usercontents-c.styleshare.io/images/21186853/700x394,
다소울,https://usercontents-c.styleshare.io/images/21566077/700x394,
다온아토,https://usercontents-c.styleshare.io/images/39380848/700x394,"DAONATO(다온아토)는 순수 우리말입니다.
다온은 ""좋은 일들이 다오는""과 아토는 ""선물""의 합성어입니다.
선물을 받을 때의 감동처럼, 모든 좋은 일이 함께 전해질 수 있도록 다온아토는 제품에 감동을 담겠습니다."
다이나핏,https://usercontents-c.styleshare.io/images/42767241/700x394,"- 다이나핏은 운동 선수들을 위해, 운동 선수들에 의해 만들어진 브랜드 입니다.
- 365일, 24시간 동안 자기와의 싸움에서 포기하지 않고 끝까지 최선을 다하는 사람들을 위해 집중적으로 그들을 위한 연구를 하고 그들을 위한 제품을 만들기 위해 전념하고 있습니다."
다이안,https://usercontents-c.styleshare.io/images/21206249/700x394,다이안(Diane)은 2014년 기준 일본 무실리콘 헤어샴푸 1위를 차지한 저자극 헤어케어 브랜드 입니다.
다이클레즈,https://usercontents-c.styleshare.io/images/ab90b7bd-02ff-4b57-89bf-bccd7cfb7367/700x394,
닥터뉴엘,https://usercontents-c.styleshare.io/images/18817570/700x394,"피부과학에서 찾은 당신의 가장 건강한 피부, 닥터뉴엘에서 만나보세요."
닥터닥터,,"피부과학에서 찾은 당신의 가장 건강한 피부, 닥터뉴엘에서 만나보세요."
닥터리브,https://usercontents-c.styleshare.io/images/24290707/700x394,"건강한 몸에서부터 시작되는 아름다움. 
이것이 닥터리브가 생각하는 가장 궁극적인 아름다움입니다.

저칼로리 곤약젤리, 지방및탄소화물흡수를 최소화하는 살찌기전에 시리즈등
이너뷰티 브랜드로 자리매김 하겠습니다."
닥터마인드,https://usercontents-c.styleshare.io/images/25153783/700x394,소중한 피부를 생각하는 마음으로 시작한 신뢰할 수 있는 기능성 화장품
닥터마틴,https://usercontents-c.styleshare.io/images/18371536/700x394,"DR.MARTENS(닥터마틴)은 한국뿐 아니라 전세계적으로 널리 사랑 받는 영국 브랜드입니다. 닥터마틴은 군인의 발을 편하게 할 수 있는 의도에서 출발하여, 현재는 많은 패션 피플에게 사계절 내내 인기 있는 아이템으로 자리잡았습니다. 편안한 착화감과 다양하고 폭넓은 스타일을 자랑하며, 신을 수록 자신만의 스타일을 연출 할 수 있습니다."
닥터미네랄,,"DR.MARTENS(닥터마틴)은 한국뿐 아니라 전세계적으로 널리 사랑 받는 영국 브랜드입니다. 닥터마틴은 군인의 발을 편하게 할 수 있는 의도에서 출발하여, 현재는 많은 패션 피플에게 사계절 내내 인기 있는 아이템으로 자리잡았습니다. 편안한 착화감과 다양하고 폭넓은 스타일을 자랑하며, 신을 수록 자신만의 스타일을 연출 할 수 있습니다."
닥터배,https://usercontents-c.styleshare.io/images/41168062/700x394,
닥터버블,,
닥터슈라클,https://usercontents-c.styleshare.io/images/41782858/700x394,피부 본연의 힘을 되살려 아름답고 건강한 피부로 재탄생되는 경이로운 기적을 의미하는 피부과 화장품
닥터시드,https://usercontents-c.styleshare.io/images/33370803/700x394,닥터시드는 매일 아침 저녁으로 사용하는 워시류 및 화장품이 조금 더 자연 친화적이며 본연의 기능을 잃지 않고 제 역할을 할 수 있도록 다양한 자연 친화적 씨앗 원료를 토대로 합리적이고 정직한 제품을 제안하는 에코프랜드리 라이프 스타일 브랜드입니다.
닥터에스,https://usercontents-c.styleshare.io/images/38284677/700x394,미세먼지 철벽방어 세상에서 제일가벼운 3그램 공기청정기 Dr.s+
닥터엔디에스,https://usercontents-c.styleshare.io/images/41558534/700x394,"신개념 필수템! 홈케어 인생팩
마스크팩, 어떤 종류까지 써봤니?
요즘 핫한 뷰티인싸템!"
닥터영,https://usercontents-c.styleshare.io/images/38332579/700x394,
닥터오라클,https://usercontents-c.styleshare.io/images/42285086/700x394,건강하게 숨쉬는 피부를 위해 오라클 피부과 전문의 40여명이 주주로 참여한 피부 고민 해결 브랜드 입니다.
닥터오킴스,https://usercontents-c.styleshare.io/images/38917899/700x394,"피부과학(Dermatology)와 코스메틱(Cometic)의 융합으로 피부에 과학적 해결책을 제시하는 
더마 코스메틱 브랜드"
닥터자르트,https://usercontents-c.styleshare.io/images/38557306/700x394,피부에 대한 오랜 경험과 노하우를 가진 피부 전문의들의 자문을 바탕으로 제품을 개발하고 과학적으로 엄선된 원료를 기반으로 만들기에 그 효능과 안정성이 뛰어납니다.
닥터제이준,https://usercontents-c.styleshare.io/images/37332232/700x394,
닥터지,https://usercontents-c.styleshare.io/images/42707073/700x394,"피부 고민, 바르게 답하다. 피부 고민을 가진 이들의 마음을 알기에, 단 하나의 제품도 가볍게 만들지 않겠습니다."
닥터틸즈,https://usercontents-c.styleshare.io/images/21086369/700x394,
닥터프로그,https://usercontents-c.styleshare.io/images/38484448/700x394,DR.FROG(닥터프로그): 바른 성분·빠른 개선 민감 피부 전문 브랜드 닥터프로그
닥터피지,https://usercontents-c.styleshare.io/images/23687673/700x394,"닥터피지는 『Doctor Fish』가 사람의 각질,노폐물을 제거해주듯 피지가 말끔하게 케어됨을 표현한 브랜드입니다."
닥터홀스,https://usercontents-c.styleshare.io/images/41896097/700x394,
단순생활,https://usercontents-c.styleshare.io/images/fec6154d-147e-4f4f-955b-932236b36631/700x394,
달라이티,https://usercontents-c.styleshare.io/images/21080109/700x394,달라이티(Dallaiti)는 투스카니아의 컬러와 디테일을 담은 핸드메이드 패션 브랜드입니다.
달리샵,https://usercontents-c.styleshare.io/images/15bece87-3586-4198-b719-3a482e213132/700x394,"모던한 데일리룩을 지향하는
2~30대 대표 쇼핑몰 달리샵"
달리아,https://usercontents-c.styleshare.io/images/32571681/700x394,"""사랑스러운 당신을 위해 오늘 Dahlia 하세요""
은은하고 달달한 달리아만의 향기가 여러분을 더욱 행복하게 만들어 줄것입니다."
달바,https://usercontents-c.styleshare.io/images/24033130/700x394,"[일상 속에 스며드는 뷰티 습관]

7년의 기다림에서 발견한, '화이트 트러플'

달바는 당신을 위한 가장 특별한 선물입니다."
달콤노리,https://usercontents-c.styleshare.io/images/23374112/700x394,"달콤한 감성충전 놀이터 '달콤노리' 입니다. 
패션잡화와 소품을 소개해 드려요."
달팡,,"달콤한 감성충전 놀이터 '달콤노리' 입니다. 
패션잡화와 소품을 소개해 드려요."
대두,https://usercontents-c.styleshare.io/images/22273681/700x394,"대한민국 남,녀 평균 머리둘레사이즈는 남자 59cm, 여자 57cm
하지만, 시중에 유통되고 있는 모자사이즈는 56cm 이다.
이제는 모자의 선별기준이 디자인이 아니라 사이즈가 되어야 합니다.

브랜드 모이브닝 대두는 편안함과 자연스러움을 추구하며 누구나 편하게 
착용할 수 있는 모든 사람들이 즐길 수 있는 라이프 아이템을 만듭니다."
댐굿라이프,https://usercontents-c.styleshare.io/images/37864939/700x394,"감당하기 힘들고 두려운 일들이 끊임없이 반복되는 일상.
그런 곤란한 상황도 가뿐히 웃어 넘기는 여유와 긍정의 자세를 지지합니다.
우리는 이 프로젝트를 통해 행복한 삶의 원동력, 희망에 대한 이야기를 유쾌하게 나누고자 합니다.
Life can sometimes feel like an endless series of difficult challenges and fears.
We advocate a broad-minded, positive attitude that enables people to smile and get through even the toughest times.
Through this project, we hope to share stories that make people's lives happier and bring them hope."
더글로우,https://usercontents-c.styleshare.io/images/18819085/700x394,THE GLOW(더글로우)는 악세서리를 통해 개개인의 조화롭고 균형있는 아름다움을 표현합니다.
더나인몰,https://usercontents-c.styleshare.io/images/40522402/700x394,"더나인몰은 유니크한 디자인으로 소비에 가치를 더하는 디자인 스토어입니다.
10~20대에 맞춘 다양한 디자인과 다양한 상품으로 유행을 이끌어갑니다."
더네프,,"더나인몰은 유니크한 디자인으로 소비에 가치를 더하는 디자인 스토어입니다.
10~20대에 맞춘 다양한 디자인과 다양한 상품으로 유행을 이끌어갑니다."
더노즈,https://usercontents-c.styleshare.io/images/25512302/700x394,"전세계 유명 청정 지역의 위대한 자연에서 영감을 얻어 탄생한 더노즈 프래그런스 하우스는 향의 장인이 수 년간 노력하여 얻어낸 기술력을 바탕으로 최고의 천연 향기를 구현하였습니다.
더노즈의 브랜드 이름처럼 인간의 후각에서 시작되어 온 몸에 전달되는 풍부하고 독특한 향취는 현대인의 지친 삶에 활력소가 되어줄 것입니다. 진정한 삶의 힐링을 더노즈와 함께 느껴보세요."
더라이크,https://usercontents-c.styleshare.io/images/2d99344c-9ea2-4c47-9b70-a246410ee5c0/700x394,데일리룩으로 만나는 심플&베이직 마켓 [더라이크]
더랩바이블랑두,https://usercontents-c.styleshare.io/images/37362006/700x394,더랩바이블랑두는 실험과 연구를 통해 피부에게 필요한 최적의 배합이 무엇인지 찾아냅니다.
더레드립,https://usercontents-c.styleshare.io/images/33399023/700x394,"뷰티디바이스 LED 전문기기 브랜드로서, 뷰티 관련한 LED 기기를 직접 제조하고, 입술모양의 포인트를 가지고 있어, 강렬하고 아름다움을 추구하는 브랜드입니다."
더마벨,https://usercontents-c.styleshare.io/images/36847393/700x394,에스테틱 전문 브랜드 DERMABELL의 홈케어라인 DERMABELLBASIC은 사전적 명의로  “기본적인 또는 모든 사람들에게 필수적인”이라는 뜻으로 고객의 니즈를 파악하고 원하는 방향으로 맞추어 정확한 관리를 하는 에스테틱의 기본을 담아 피부 본연의 건강함을 찾아주는 스킨케어 제품입니다.
더마비,https://usercontents-c.styleshare.io/images/38557312/700x394,
더마엘라비에,https://usercontents-c.styleshare.io/images/42483165/700x394,"아름다운 피부를 꿈꾸는 더마 엘라비에는
피부를 뜻하는 Derma와 탄력성을 뜻하는 Elasticity와
프랑스어로 생기, 활기 생명력을 뜻하는 Vie라는 단어르 합성하여
'피부에 생기와 탄력을 불어 넣는다'는 의미를 가지고 있습니다."
더마콜,https://usercontents-c.styleshare.io/images/36666933/700x394,세계 각국으로 진출하는 체코 국민브랜드 더마콜
더마토리,https://usercontents-c.styleshare.io/images/40034275/700x394,
더마토리,https://usercontents-c.styleshare.io/images/5fd22ab6-faed-4631-ae0f-054d15845d14/700x394,"눈치 빠른 피부 솔루션 '더마토리'
알러지,민감 피부를 위한 하이포알러제닉 더마 코스메틱"
더마트로프(thaumatrope),https://usercontents-c.styleshare.io/images/24256902/700x394,"더마트로프는 양면이 다른 종이를 회전시켜 하나로 보이게 하는 고전 애니메이션 기법을 뜻하며
'the creation of two worlds' 라는 슬로건을 바탕으로 영화나 음악 등 다양한 여러 문화활동을
더마트로프만의 방식으로 재해석하여 하나로 표현하는 브랜드입니다."
더모티브,https://usercontents-c.styleshare.io/images/36340321/700x394,"탈모 케어 No.1 저자극, 부드러움으로 빠지는 머리에 새로운 모티브가 됩니다"
더베리띵(theverything),https://usercontents-c.styleshare.io/images/31868062/700x394,"""EUROPEAN MINALISM""
""THE VERY THING"" 은 단순하고 절제된 형태를 추구하며 모던하고 심플한 디자인으로 
우아하면서 편안한 느낌을 주는 미니멀리즘 룩을 제안합니다."
더블낭,https://usercontents-c.styleshare.io/images/21146508/700x394,"DOUBLE NANG(더블낭)은 기본에 충실하며 새로움을 더하는 디자인, 다채로운 이야기들을 가방이라는 작은 사물에 조화롭게 담아내는 즐거운 작업은 2007년 <더블낭>이란 이름으로 시작되었습니다. 가장 베이직하면서 독창적인 제품으로 많은 이들과 공유할수있는 브랜드를 만들기위해 커스텀 가능한 제품생산에 시간과 정성을 아끼지 않았습니다. 소통과 공유는 앞으로도 더블낭이 추구해갈 목표이자 방향입니다."
더블리츠,https://usercontents-c.styleshare.io/images/25512315/700x394,"한국형 하우스브랜드 TheBlitz는 철저한 국내외 시장조사를 통해 트렌드를 주도하며, 양질의 소재와 정교한 기술력을 담은 하이퀄리티 아이웨어를 지향합니다."
더블아드레날린신드롬,https://usercontents-c.styleshare.io/images/21037545/700x394,DOUBLE ADRENALINE SYNDROME(더블 아드레날린 신드롬)은 스트릿 감성을 바탕으로 oversized fit에 다양한 포인트 컬러를 더하여 스트릿웨어와 캐주얼웨어의 구분없이 착용 가능한 daily wear를 지향하는 디자이너 브랜드입니다.
더블에이씨,https://usercontents-c.styleshare.io/images/42851588/700x394,"""Future""라는 키워드를 기반으로 다양한 미래의 산업화 현상에 대해 이야기하며 전개하고자 하는 브랜드"
더블유더블유더블유닷컴,https://usercontents-c.styleshare.io/images/20290462/700x394,WWW.COM(더블유더블유더블유닷컴)은 매 시즌 신나고 재미있는 것들을 찾아 위트 있는 컬러와 그래픽으로 새롭게 표현하는 액티브 브랜드입니다.
더블유드레스룸,https://usercontents-c.styleshare.io/images/25032952/700x394,"디자이너 최범석! 향기를 디자인하다.
패션의 완성은 향기로, 눈에 보이는 것만으로는 완성되는 것이 아닙니다. 지나간 추억이 향기로 기억되듯 그날의 패션과 감서에 어울리는 향기야 말로 진정한 패션의 완성이며 당신의 가치를 높여줍니다.

올리브영 1위 향기 브랜드 ""더블유드레스룸""으로 당신의 향기를 디자인 하세요!"
더블유랩,https://usercontents-c.styleshare.io/images/18296064/700x394,"이미 가지고 있는 수십종의 화장품으로도 피부가 달라지지 않는다면? 자신있게, 더블유랩을 추천합니다."
더블유브이프로젝트,https://usercontents-c.styleshare.io/images/cf7b2ec1-2732-497e-b38b-98ce1d7a067c/700x394,"WV PROJECT(더블유브이프로젝트)는 어린아이처럼 순수하고 천진한 속내를 드러내지 못한 채 세상의 시선 때문에 어른답게 살아가야 하는 요즘 사람들처럼 화려하고 순수한 이미지를 도형, 혹은 어른스러운 모티브를 갖고 있는 브랜드입니다."
더블콤보,https://usercontents-c.styleshare.io/images/21149185/700x394,"DOUBLE COMBO(더블콤보)는 합리적인 가격,그리고 뛰어난 퀄리티와 디자인 모두를 만족시키는 캐쥬얼 브랜드입니다."
더블쿼츠,https://usercontents-c.styleshare.io/images/38133728/700x394,"더블쿼츠 백은 평범한 일상을 아름답게 꽃피울 줄 아는 여성의 이미지를 담았다.
자연에서 영감을 얻는 자수, 가벼운 코튼백을 통해 더블쿼츠만의 내츄럴한 아이덴티티를 만나보자"
더샘,https://usercontents-c.styleshare.io/images/21216312/700x394,THESAEM(더샘)은 글로벌 자연주의 화장품 브랜드입니다.
더샤워부스,https://usercontents-c.styleshare.io/images/22202964/700x394,
더쇼즈낫오버,https://usercontents-c.styleshare.io/images/21825795/700x394,"더쇼즈낫오버는 일러스트 작품을 기반으로 패션과 접목시켜 또 하나의 감성과 문화를 만들어내는 스트릿 의류 브랜드입니다. 일러스트와 스트릿패션의 조화가 하나의 작품, 하나의 쇼가 되어 멈추지 않길 바라는 것. 그것이 THE SHOW'S NOT OVER가 추구하는 것입니다."
더쉴,https://usercontents-c.styleshare.io/images/25374330/700x394,"지친피부에 쉼표 더하기
더쉴은 피부쉼터를 의미합니다."
더완더,https://usercontents-c.styleshare.io/images/24738526/700x394,방황하는 사춘기 컨셉의 스토리텔링으로 시즌을 전개하는 유니크 캐주얼 브랜드.
더커넥트,https://usercontents-c.styleshare.io/images/22826412/700x394,THE CONNECT(더커넥트)는 얼반 스트릿 스타일을 지향하는 캐쥬얼 브랜드로 베이직 스타일과 고품질의 상품을 디자인 합니다. 고전적인 디자인을 도회적인 감성으로 가벼운 데일리룩에서 부터 커넥트만의 디자인을 매시즌 선사합니다.
더크림(The Cream),https://usercontents-c.styleshare.io/images/39010742/700x394,달달하고 사랑스럽게 여성스러운 색감을 담은 패션 액세서리와 데일리로 착용하기 좋은 시즌 패션주얼리를 선보입니다.
더티노프,https://usercontents-c.styleshare.io/images/38149959/700x394,
더페이스샵,https://usercontents-c.styleshare.io/images/40035956/700x394,
더플랜트베이스,https://usercontents-c.styleshare.io/images/24558282/700x394,"식물 추출수로 만든 자연주의 화장품
더플랜트 베이스"
덕다이브,https://usercontents-c.styleshare.io/images/21825329/700x394,
던롭,https://usercontents-c.styleshare.io/images/21184570/700x394,"DUNLOP(던롭)은 1988년 영국 버밍엄에서 시작돼 골프, 테니스 등 많은 스포츠 챔피언들에게 인정받으며 젝시오, 스릭슨 등 세계적인 스포츠 브랜드를 성장시켰습니다. 던롭 코스메틱은 자연 친화적인 원료와 과학적인 포뮬러의 결합으로 차별화된 제품과 기술력을 자랑하며 남성 피부 고민에 효과적인 해답을 제시합니다."
던스트,https://usercontents-c.styleshare.io/images/41040788/700x394,"'Dunst'는 패션, 건축, 사진, 그래픽, 컨텐츠 기획 등 다양한 분야에서 종사하는 2~30대의 젊은 아티스트들로 구성된 디자인 스튜디오 입니다. 
‘형체가 없는’을 의미하는 ‘Dunst’는 젠더의 경계를 넘어 현대문화 및 밀레니얼 세대와의 조화를 위한 감성적이고 합리적인 디자인에 중점을 두었습니다. 
일상 속에서의 특별함을 찾고, 리얼스트리트-신에서 영감을 얻고, Re-editing을 통해 Classy Streetwear를 전개합니다. 
우리는 당신의 감성을 자극할 준비가 되어 있습니다."
덤스모어,https://usercontents-c.styleshare.io/images/23374955/700x394,10대20대남녀의류 쇼핑몰 덤스모어내에서 자체적으로 10대가 10대의 눈으로 디자인하고 제작한 현실브랜드. 보다 좋은 옷을 보다 저렴하게.
덤퍼,https://usercontents-c.styleshare.io/images/24093876/700x394,"기본의 충실한 Original Footwear- 아메리카 감성브랜드 “ DUMPER “
유독 물질 무단 투기꾼’이라는 사전적 의미에서 시작하여“DUMPER”라는 고유명사로 새롭게 재창조 되었으며 정신적,육체적 유독물질의 배출을 도와주는 사람이나 도구 를 지칭하며 일상생활 속에서 다양하게 연출가능한 Fashion,Street,Sport,Life  풋웨어 전문 브랜드로써 스타일리쉬한 트랜드 메이커로써 패션 스포츠 문화를 선도합니다"
데드엔드,https://usercontents-c.styleshare.io/images/42783981/700x394,데드엔드는 트렌디한 감성을 추구하는 컨템포러리 스트릿 브랜드 입니다.
데메테르,https://usercontents-c.styleshare.io/images/19558244/700x394,"기억을 파는 향수 데메테르입니다. 180여가지의 향기 도서관에서 자신의 기억의 향기를 찾으세요.
simple,subtle,singular scents,each day, every where"
데비웨어,https://usercontents-c.styleshare.io/images/42127450/700x394,"흰두교 미의 여신의 이름인 '데비' 에서 브랜드영감을 얻게 되었고
데비웨어만의 스타일의 몸매 보정라인과 커버업제품으로 
라인의 아름다움을 표현할수 있도록 제작 되었습니다.  
다이어트시 가장 빠지기 힘든부분을 커버해주는 군살제로라인
샤베트 색감의 커버업 라인인 셔벗라인 등의 구성으로 되어있습니다."
데상트,https://usercontents-c.styleshare.io/images/34550553/700x394,"스포츠를 사랑하는 사람들의 원동력이 되는 것, 그것이 데상트라는 브랜드가 지닌 목표다.
데상트는 이러한 목표를 위해 디테일한 디자인을 추구하며, 이를 통해 기능적 아름다움이 창조된다."
데생,https://usercontents-c.styleshare.io/images/33373158/700x394,"Just Draw on your face!
본연의 모습 그대로 우리는 각자가 하나의 예술작품과 같습니다."
데싱디바,https://usercontents-c.styleshare.io/images/42383080/700x394,데싱디바는 네일을 사랑하는 프로페셔널들이 네일을 사랑하는 사람들을 위해 만든 네일전문브랜드입니다.
데어메스(DareMess),https://usercontents-c.styleshare.io/images/41780899/700x394,"DareMess(데어메스)는 엉망으로(Dare) 만들 수 있는 용기(Mess)를 의미합니다. 
해체주의를 기반으로 우리를 옭아매는 기존의 사회 규범을 뒤집고, 창조에 대한 새로운 도전을 추구합니다.
자유와 통제가 공존하는 FREE WAY와 억압1을 상징하는 TRAFFIC SIGN을 모티브로 전개하는 패션 브랜드입니다."
데얼쉬이즈,https://usercontents-c.styleshare.io/images/defd2261-5e87-43ef-81e6-dbe4c9aa5abe/700x394,"매일 새로운 신상을 만나세요!
데일리룩부터 유니크하고 페미닌한 감성룩 한~가득!"
데이라이프,https://usercontents-c.styleshare.io/images/37362033/700x394,"데이라이프는 2010년 대한민국 서울에서 시작된 가방 전문 브랜드입니다.
""당신의 꿈과 함께하는 가방""이란 슬로건 아래, 제품에 다양한 스토리와 메세지를 담고 있습니다.
데이라이프는 오늘도 보다 많은 사람들의 꿈과 함께 걷고 싶습니다."
데이지딕슨,https://usercontents-c.styleshare.io/images/42890220/700x394,"항상 최신의 가장 대담한 스타일을 찾으며 오뜨 꾸뛰르에서 영감을 받은 데이지딕슨은 그동안 알지 못했던 아름다움으로 이끌어줍니다.
모든 시계는 독창적이고 매번 다른 디자인들로 자신을 표현합니다."
데이하트,,"항상 최신의 가장 대담한 스타일을 찾으며 오뜨 꾸뛰르에서 영감을 받은 데이지딕슨은 그동안 알지 못했던 아름다움으로 이끌어줍니다.
모든 시계는 독창적이고 매번 다른 디자인들로 자신을 표현합니다."
데일리비,https://usercontents-c.styleshare.io/images/39943760/700x394,
데일리솔,https://usercontents-c.styleshare.io/images/19558269/700x394,
데일리스킨,https://usercontents-c.styleshare.io/images/24592654/700x394,어제보다 더 예뻐진 오늘 Dailyskin
데일리유니크,https://usercontents-c.styleshare.io/images/39977809/700x394,"저희 데일리유니크에서는 다양한 카테고리의 악세사리 제품들을 판매하고 있습니다.
10~20 연령층을 주 타켓으로 현재 12개의 마켓에 입점해 있으며, 높은 판매성장률을 보이고 있는 악세사리 판매 업체입니다.
정기적인 제품 사입을 통해 신상품 또한 꾸준히 업로드 중이며, 현재 다수의 마켓에 입점 신청 또한 진행하고 있습니다.
이에 따른 판매율 또한 더욱 높아질것이라고 생각됩니다.
또한 기획, 디자인, 배송, CS 의 각각의 전담 직원이 있어 전문적인 업무 처리가 가능합니다.
감사합니다."
데트클리어,https://usercontents-c.styleshare.io/images/6afa06db-8d39-462f-8c0a-30a399a1fcf0/700x394,"피부 속부터 반짝반짝!
매일 매일 손쉽게 셀프 각질 관리"
덴스,https://usercontents-c.styleshare.io/images/22826932/700x394,"THENCE[덴스] 는 덴스 디자인 스튜디오의 디자인 브랜드로 
‘일상의 작은 시작점’을 모토로, 우리가 쉽게 소비하거나 지나치는 일상을 디자인합니다.
 
매 시즌 새로운 테마로 의류와 가방, 디자인 문구와 액세서리를 아우르는 다양한 제품을 선보이고 있습니다."
델리리움,https://usercontents-c.styleshare.io/images/19718838/700x394,
뎁(DEBB),https://usercontents-c.styleshare.io/images/36035507/700x394,"뎁 특유의 사랑스럽고 귀여운 무드를 영캐주얼 감성에 집약된 스타일로 선보이는 뎁의 새로운 브랜드 카테고리

어떤 옷에도 매치하기 쉽고 편한, 경쾌하고 발랄한 캐주얼 라인업으로 에이지리스(ageless) 소비자를 타겟으로 전개되며, 데일리룩으로 선택하기 쉬운 스웻 시리즈, 후드 집업, 캐주얼 원피스 등을 통해 디자이너가 만드는 차별화된 
스트릿 룩을 전개한다."
뎃츠잇,https://usercontents-c.styleshare.io/images/37136256/700x394,"19SS시즌 론칭한 새로운 브랜드 ""THAT'S IT""은 ""바로 그것""이란 의미로
일상생활에서 부담없이 접할 수 있는 유니섹스 캐주얼 브랜드 입니다.
트랜디하고, 베이직한 아이템들을 통하여 편안하고 스타일리쉬한 라이프스타일을 지향하는 브랜드 입니다."
도름,https://usercontents-c.styleshare.io/images/22390044/700x394,"Do'LM(도름)은 기본적으로 '옷은 입었을때 편해야한다'라는 마인드를 가지고 있으며 누구나 착용하더라도 어울릴수있는 옷을 추구합니다. 

옷의 대부분은 오버사이즈를 기점으로 두고있으며 심지어 스포티한 의류도 오버사이즈로 제작하여 편하고 멋스럽게 입을수 있습니다."
도리스,https://usercontents-c.styleshare.io/images/43127950/700x394,도리스는 상품의 강한 내구성과 과하지 않으면서도 멋스러운 디자인으로 쉽게 변하지 않는 지속 가능함을 추구합니다. 오래 간직됨으로 진짜 필요한 것의 가치를 극대화함으로써 고객과 일상의 감동을 함께 하고자 합니다.
도미넌트,https://usercontents-c.styleshare.io/images/39163508/700x394,"DOMINANT(도미넌트)는 DONT MIND ANYTHING 이라는 함축적인 의미를 가지고 있으며,
남의 시선을 신경 쓰지 않고 DOMINANT의 감각과 색감만으로 매니아층을 성립하는 현대적인 캐주얼 스트릿브랜드 입니다."
돈애스크마이플랜,https://usercontents-c.styleshare.io/images/18819250/700x394,"DAMP(돈애스크마이플랜)은 2011년부터 시작한 스트리트 컬처 브랜드로 스케이트보드, 픽시 바이크처럼 활동적인 라이프 스타일의 디자인 의류를 제작합니다. 남들의 눈을 의식한 계획이 아닌 자신만의 계획을 간직한 사람들을 위해 판매 수입금을 독립영화, 익스트림 스포츠 등에 후원하고 있습니다."
돈키,https://usercontents-c.styleshare.io/images/37536165/700x394,"돈키(donkie)는  2019ss 런칭한 브랜드 이며, 슬로건  ""당신은 나의 귀한 손님""  의 의미를 두고 있습니다."
돌체앤가바나,https://usercontents-c.styleshare.io/images/42759176/700x394,"DOLCE & GABBANA (돌체앤가바나) 는 도미니코 돌체 (Domenico Dolce) 와 스테파노 가바나 (Stefano Gabbana) 두 사람 이름의 앞 자를 딴 'Dolce&Gabbana' 라벨을 탄생시키며, 밀라노 지중해의 여인 이미지를 바탕으로 남성과 여성의 조화를 도시풍 세련미로 선보이는 첫 여성 컬렉션을 밀라노에서 출시하면서 돌체 앤 가바나가 시작됩니다. 아이러니 속에서 독특한 조화를 찾아 내며, 관습과 인습에 얽매이지 않고, 그에 대한 도전과 혁신을 꿈꾸는 반항적 럭셔리 브랜드입니다."
돌핀,https://usercontents-c.styleshare.io/images/25512186/700x394,"1984년 탄생 때부터 2014년 현재까지 모든 개발계획에서 제조공정까지 대한민국에서 이루어지고 있고제조업에 OEM 생산이 만연한 분위기 속에서, 자국 안에서 제조공정을 모두 마치는 것은 품질면에 있어 큰 장점을 가지고 있는 브랜드입니다."
돔바,https://usercontents-c.styleshare.io/images/21124848/700x394,"DOMBA(돔바)는 1991년 미국 서부 캘리포니아 주에서 시작한 부담 없는 클래식한 스타일과 합리적인 가격을 추구하는 브랜드입니다. 멋진 스타일과 실용성을 추구하는 워크부츠 라인, 무난하고 편안함을 추구하는 스니커즈 라인으로 나뉘어 생산 및 판매되고 있습니다."
두발로,https://usercontents-c.styleshare.io/images/21086065/700x394,
두잇,https://usercontents-c.styleshare.io/images/24392240/700x394,"변화의 시작은 두잇에서 !
두잇은 잘못된 식습관과 무리한 다이어트로 지친 현대인들을 위해 '건강하게 먹을 수 있는 제품을 제공하자'는 사명감을 품고 만들어진 health care food 쇼핑몰입니다.
아름다움은 건강함에서 나옵니다.
식품을 통해 당신의 건강을 유지하고 아름다움을 뽐내세요"
뒤나미스,,"변화의 시작은 두잇에서 !
두잇은 잘못된 식습관과 무리한 다이어트로 지친 현대인들을 위해 '건강하게 먹을 수 있는 제품을 제공하자'는 사명감을 품고 만들어진 health care food 쇼핑몰입니다.
아름다움은 건강함에서 나옵니다.
식품을 통해 당신의 건강을 유지하고 아름다움을 뽐내세요"
뒤란,https://usercontents-c.styleshare.io/images/31959266/700x394,"뒤란은 심플하고 모던한 디자인과 이지웨어의 활동성을 고려하여 기능성 소재의 
엑티브웨어를 합리적인 가격으로 제시하는 브랜드입니다."
듀오,https://usercontents-c.styleshare.io/images/38815079/700x394,"퀵셋 속눈썹 접착제 브랜드.
편리한 사용을 위한 실리콘 어플리케이터로 뚜렷한 눈매를 연출할 수 있습니다."
듀왑,https://usercontents-c.styleshare.io/images/31841037/700x394,"메이크업 카테고리 최초! 립 플럼퍼의 원조 듀왑!!
호호바오일,아보카도오일, 듀왑만의 시크릿 에센셜 오일 함유로 촉촉하고 볼륨감 있는 아름다운 입술을 만들어 드립니다."
듀이트리,https://usercontents-c.styleshare.io/images/34162166/700x394,"피부 본연의 힘을 키우는
저자극 화장품 듀이트리"
듀퐁,https://usercontents-c.styleshare.io/images/42294679/700x394,"전 세계 엘리트를 위한 탁월한 품질의 제품과
144년이란 오랜 역사를 지닌 S.T. 듀퐁 장인은 예술가로 여겨지는데,
진귀한 소재를 사용해 예술품과 같은 우수한 품질의 제품을 선보이고 있습니다.
모든 제작 공정에는 브랜드 고유의 히스토리와 헤리티지가 깊숙히 스며들어 있습니다.
완벽한 제품을 만들고자 하는 열정.
상상속의 아이디어와 혁신이 현실로 구현되어 탄생하는 S.T. 듀퐁 디자인 아뜰리에입니다."
드라이프,https://usercontents-c.styleshare.io/images/40368974/700x394,"Drizzle(ː가랑비) + Life(ː생활)
Drife - 내리는 가랑비가 대지에 스며들 듯 사람들 일상에도 자연스레 스며들 수 
있는 브랜드가 되고자 하는 의류, 가방 및 잡화 브랜드 입니다."
드러그 위드아웃 사이드 이펙트,https://usercontents-c.styleshare.io/images/35582818/700x394,
드러머보이즈,https://usercontents-c.styleshare.io/images/22024619/700x394,"'DRUMMER BOYS'는 순은을 주 재료로 사용하는 쥬얼리 브랜드입니다. 금속공예 전공자의 섬세한 손길로 제작되며, 제품 하나하나 일상 속 작은 설렘을 담아 디자인합니다."
드레피소드,https://usercontents-c.styleshare.io/images/23375242/700x394,"디자이너 DNSWER와 Graffiti Street Artist Crew가 Collaboration을 통해 2010년도에 설립한 브랜드로 심플하며 간결한 라인, 세련된 컬러의 합리적인 가격대의 상품들로 구성되어 있습니다.
드레피소드는 다변화되는 마켓에서 브랜드 아이덴티티 및 상품에 포커스를 두고 High-Quality의 스피디한 제품을 출시하는 것을 목표로 끊임없이 노력하고 있습니다."
드리스반노튼,https://usercontents-c.styleshare.io/images/42787235/700x394,
드리오페,https://usercontents-c.styleshare.io/images/41287503/700x394,
드리프트아웃,https://usercontents-c.styleshare.io/images/21711496/700x394,
드리프트아웃(DRIFTOUT),https://usercontents-c.styleshare.io/images/32789041/700x394,DRIFTOUT(드리프트아웃)은 특유의 빈티지한 정체성이 잘 반영된 고어 한(GOTHIC) 스타일의 디자인 및 빈티지한 타이포그래피가 가장 큰 특징인 그래픽 티셔츠 브랜드입니다.
드망쉐,https://usercontents-c.styleshare.io/images/21853659/700x394,
드보체,https://usercontents-c.styleshare.io/images/42380425/700x394,"드보체(DeBouChe)는 Bio와 IT 융합테크놀러지를 기반으로 고객의 니즈 충족과 아울러 건강한 아름다움 유지를 위한 맞춤형 스마트 헬스케어 전문 브랜드입니다.
프랑스어 débouché에서 파생된 “새로운 시장 개척”이란 의미를 담고 있습니다 ."
디넥트,https://usercontents-c.styleshare.io/images/42982714/700x394,"브라켓프로젝트는 브라켓 [ ]이라는 무한한 공간에 다양한 프로젝트를 담는다는 의미를 갖고 있습니다. 우리는 디자인 오리지널리티 (design originality)가 있는 제품을 제조/ 유통하는 커머스 플랫폼으로 디자이너와 생산자, 소비자가 주인공인 패션 시장을 만들기 위해 노력합니다."
디디,https://usercontents-c.styleshare.io/images/25965564/700x394,"디디케이스는 Dope '마약'  중독되다"", 중독되어 Dance 춤, 춤추다.라는 의미를 내포하고 있습니다."
디디팝,https://usercontents-c.styleshare.io/images/18819299/700x394,DDPOP(디디팝)은 케이스가 아닌 패션을 만듭니다.
디랩,https://usercontents-c.styleshare.io/images/31841061/700x394,
디미트리블랙,https://usercontents-c.styleshare.io/images/41401422/700x394,"DIMITRI BLACK(디미트리블랙)은 미니멀 , 클레식 기반으로 구성되어 어떠한 룩에도 제한되지 않으며 실생활에 있어 실용성과 기능성을 추구하는 디자이너 브랜드 입니다."
디스커버리 익스페디션,https://usercontents-c.styleshare.io/images/42767669/700x394,세상은 즐거움으로 가득하다! 혁신적인 아웃도어를 통해 당신의 삶을 흥미진진한 탐험과 발견의 즐거움 속으로 안내해드립니다.
디스퀘어드2,https://usercontents-c.styleshare.io/images/42759307/700x394,
디쏘에이치,https://usercontents-c.styleshare.io/images/35446525/700x394,"D.XO.H
Differentness Xoxo Hilariousness
D 각양각색/다양함/색다름/특이함을 의미하며
XO Hugs and kiss의 약자이며 조화를 의미,
H 웃음/행복/재미/청춘을 뜻한다.

즉,'각양각색의 웃음과 색다른 재미가 함께 어우러진다.'
현실의 삶 속에서 청춘을 즐기는 이들을 뜻하기도 합니다."
디씬,https://usercontents-c.styleshare.io/images/21147340/700x394,
디아도라,https://usercontents-c.styleshare.io/images/21206630/700x394,
디아도라헤리티지,https://usercontents-c.styleshare.io/images/19587840/700x394,
디아이블랑,https://usercontents-c.styleshare.io/images/38400848/700x394,"디아이블랑(DIBLANC)은 트랜디하며 영한 스타일의 백을 

합리적인 가격을 통해 고객님들께 선보이는 패션 브랜드입니다.

심플하면서도 개성 넘치며 데일리로도 손색없는 디자인을 

추구하는 브랜드입니다."
디어마이유니버스,https://usercontents-c.styleshare.io/images/18819326/700x394,"Dear my universe(디어마이유니버스)는 노트, 메모지 등의 문구류부터 에코백, 파우치와 같은 패션소품까지 주변에서 흔히 사용하는 물건을 특별하게 만드는 것을 목표로 합니다. 마치 우주처럼, 유니크한 디자인으로 우리의 생활을 감싸는 디자인. Dear. My universe."
디어메이,https://usercontents-c.styleshare.io/images/38461172/700x394,디어메이는 스스로가 사용하거나 혹은 더 나아가 사랑하고 아끼는 사람들이 사용할 제품을 만들기 위해 조금 더 발전된 색조 제품과 순한 기초 제품 라인들로 좋은 화장품 보다는 먼저 우리에게 맞는 제품을 만드는 것을 기본 철학으로 둡니다
디어문,https://usercontents-c.styleshare.io/images/38840188/700x394,"'달은 아름답지 않은 날이 없다'
매일밤 다른 모양, 다른 색으로 밤하늘에 떠있는 달처럼
하루하루 다른 감성, 다른 느낌으로 아름다움을 표현하고자 하는
감성 메이크업 브랜드 '디어문' 입니다."
디어스토커,https://usercontents-c.styleshare.io/images/21187086/700x394,
디어원,https://usercontents-c.styleshare.io/images/42605643/700x394,"정성을 가득 담은 주얼리 기프트로 더 기분 좋은 경험을 선사하는 브랜드 ‘디어원’ 

이제 선물을 고민하는 시간이 행복해집니다."
디어패커,https://usercontents-c.styleshare.io/images/18793553/700x394,
디어피어,https://usercontents-c.styleshare.io/images/40673422/700x394,"디어피어는 소소한 일상이 주는 재미, 평범한 듯 특별한 이야기를 담는 캐주얼 브랜드입니다.
다양한 패턴, 컬러감과 위트있는 디테일로 아기자기한 무드를 담은 웨어러블 룩을 추구합니다.
‘Dear’는 ‘사랑하는, 소중한’, ‘peer’는 ‘또래, 동료’ 를 의미합니다.
매 시즌 새로운 컨셉과 디자인으로 또래들에게 이야기를 전하고 감성을 나누고자 합니다."
디얼스,https://usercontents-c.styleshare.io/images/40369008/700x394,"합리적인 가격, 최상의 퀄리티의 가방 브랜드
디얼스(The-Earth)는 2010년 세상 모든 사람들에게
사랑받는 베이직하고 내추럴함을 Motto로 탄생하였습니다. 
음악, 스포츠, 예술 등 다양한 라이프 스타일에 조화를 이루는
디얼스만의 유니크한 감성을 표현하여 “합리적인 가격, 최상의 퀄리티”를 추구하고 있습니다.
단순한 사용자의 Needs가 아닌 Wants를 지향함으로써
최상의 내구성과 편리한 기능성으로 절제된 디자인과 미학으로
디얼스만의 스트릿패션의 아이덴티티를 완성하고 있습니다."
디온리원,https://usercontents-c.styleshare.io/images/22702822/700x394,"일상속의 평범함을 벗어나고싶은 너에게 추천하는 

이색아이템의 색다른 천국, 기념일 선물은 오직하나 :: 디온리원"
디올옴므,https://usercontents-c.styleshare.io/images/42756770/700x394,
디자이너스,https://usercontents-c.styleshare.io/images/21187138/700x394,DESIGNERS(디자이너스)는 전문기술자와 디자이너 그리고 헤어전문가의 경험에서 나온 노하우로 만드는 미용기기 브랜드입니다.
디자인스킨,https://usercontents-c.styleshare.io/images/40189467/700x394,"국내 최고의 스타들이 사용하고 자랑하는 패션 핸드폰 케이스 NO.1  디자인스킨입니다.

저희는 ‘팔기위한 제품이 아닌 소중한 사람에게 기꺼이 선물하고 싶은 제품을 만드는 기업'
‘빠른 성장보다는 바른 성장을 하는 기업’ 이 되기 위해 달려가고 있습니다."
디젤,https://usercontents-c.styleshare.io/images/42891545/700x394,"1978년 세계에서 가장 혁신적인 데님을 만들기 위해 시작된 디젤은 전 세계 어디에서든 똑같이 발음되며 'For Succesful Living'이라는 슬로건으로
강력하고 유쾌한 디자인으로 오랜 역사를 이끌어 오고 있습니다."
디즈고틱,https://usercontents-c.styleshare.io/images/24936648/700x394,"이란성이라는 단어의 Dizygotic과 숫자 90의 합성어로
""편안함을 입다"" 슬로건으로 
편안한 착용감과 유니크한 디자인의 유니섹스 브랜드"
디즈니,https://usercontents-c.styleshare.io/images/25512193/700x394,"어른들에게는 동심의 세계를 아이들에게는 늘 함께하는 친구를 선물해주는 귀엽고 예쁜 디즈니 캐릭터가 시계속에 녹아든 패션시계!
지금까지도 전세계에서 많은 사랑을 받는 미키마우스를 포함해서 어른과 아이 모두가 좋아하는 백설공주,미니마우스 등 다양한 캐릭터가 들어가있는 브랜드입니다."
디즈도즈,https://usercontents-c.styleshare.io/images/fe4a171b-5a11-49e5-b115-e06eeb1527b3/700x394,"디즈도즈는 다양함을 추구하는 유니섹스 컨템포러리 캐주얼 브랜드이다.

유니크하고 지속력 있는 의류를 연구하며 남녀 모두가 만족할만한 디자인을 제안한다. 

단순하지만 오래된 것을 끄집어 내 현대와 어우러지게 하고,

'이런 감정은 처음이야 (These are things that new to me)'를 모토로 디즈도즈를 접하는 모두와 감정을 공유한다."
디컬러,https://usercontents-c.styleshare.io/images/36291249/700x394,"decolor는 2009년부터 차근차근 경력을 쌓아온 실력있는 디렉터들이 전개하는, 

여성 하의 전문 데님 브랜드입니다.

decolor는 기본에 충실한 심플한 디자인으로 바탕으로
편안하고 다양한핏, 만족할만한 퀄리티의 완성도 높은 제품 제작을 추구합니다.

2018AW 데님 하의류를 시작으로 데님을 메인으로 하되, 

여성 하의 및 잡화류로 브랜드를 확장 전개할 예정입니다.

저가의 중국산 데님이 주류가되어 소모품처럼 취급되던 기존의 여성복 시장에서, 

기본에 충실하면서 올드하지 않은 decolor만의 뚜렷한 방향성과 아이덴티티 

그리고 데님에 대한 애착은,
시간이 지나도 변하지 않을 것입니다."
디컬트,https://usercontents-c.styleshare.io/images/e94b6636-ca83-4706-b1ef-6a91a1afad6e/700x394,"D.Cult 란, 전달하다의 ‘Delivery’와 사상을 뜻 하는 ‘Cult’라는 단어를 합쳐서

CULT DELIVERY 라는 저희만의 슬로건을 만들고 그 약자를 브랜드 네임으로 정했습니다.

저희의 감성을 고객들께 전달하여 결국 빠져들게 하는 브랜드가 되기 위해 노력하겠습니다."
디케이툰,https://usercontents-c.styleshare.io/images/25383370/700x394,디케이툰은 다양한 색감으로 전개하는 HIP & UNIQUE & HUMOROUS 한 브랜드이다.
디클립,https://usercontents-c.styleshare.io/images/25521765/700x394,"D-CLIP(디클립)은 오리지널 클래식 데님으로 BOBOS [Bourgeois + Bohemian] 이윤 지향 성취의 부루주아의 꿈, 자유와방랑을 추구하는 보헤미안의 자유를 동시에 추구하는 BOBOS의 이상과 감성을 기반으로 전개되는 브랜드 입니다."
디키즈,,"D-CLIP(디클립)은 오리지널 클래식 데님으로 BOBOS [Bourgeois + Bohemian] 이윤 지향 성취의 부루주아의 꿈, 자유와방랑을 추구하는 보헤미안의 자유를 동시에 추구하는 BOBOS의 이상과 감성을 기반으로 전개되는 브랜드 입니다."
디파스칼,https://usercontents-c.styleshare.io/images/22076281/700x394,"DEPASCAL(디파스칼)은 세상 어디에서나, 누구에게나 영향력을 미치는 기압 (Atmospheric Pressure) 에 대한 동경에서 비롯된 이름으로, 스트릿 기반의 서브컬쳐에서 영감을 받아 자연적인 것과 인공적인 모티브를 결합하여 실험적인 디자인을 하는 디자이너 브랜드입니다."
디폴트,https://usercontents-c.styleshare.io/images/20615420/700x394,
디핑케이스,https://usercontents-c.styleshare.io/images/31140704/700x394,"DEEPING(디핑)의 포커스는 눈으로 즐기는 다양한 즐거움에서 시작한 라이프스타일 브랜드입니다.

유니크한 스타일과 모던한 감성으로 일상의 재미를 선사합니다 !"
딕닷,https://usercontents-c.styleshare.io/images/31867847/700x394,"DIGDOT(딕닷)은 보고 듣고 느낀 것을 바탕으로 자신이 소유하고 싶은 무언가를 표현하며,
조용하지만 묻혀 있지 않고 평범하지만 주목을 받는 패션의 지표를 제안하는 스트릿브랜드입니다."
딘스 포 맨,https://usercontents-c.styleshare.io/images/39929921/700x394,"DEANS(딘스)는 미니멀리즘 컨셉의 브랜드 입니다.

모던함과 클래식함을 조화롭게 접목시켜 베이직한 디자인으로

자연스러움과 실용성을 지향하며, 소재와 패턴을 통하여 트렌디한 포인트를 강조합니다.

매 시즌 일상 속 편안하고 감각적인 무드를 연출할 수 있는 웨어러블한 컬렉션을 선사합니다."
