A.Clown,https://usercontents-c.styleshare.io/images/24934546/700x394,"A.Clown(에이클라운)의 A는 'Apparel' 의 약자로 Clown(광대) 와 결합하여 의류를 통하여 고객분들께 웃음을 드릴 수 있는 옷을 만드는 것이 목표이며,
저희만의 독특한 스트릿 감성 도안 디자인을 담아 제작하는 디자이너 브랜드 입니다.

A.CL(에클) 은 A.Clown의 앞 세글자를 줄여 A.CL로 더욱 미니멀한 로고 감성을 담아 베이직 로고 디자인 위주로 제작하고 있습니다."
A2AGE,https://usercontents-c.styleshare.io/images/43010434/700x394,언제나 기분 좋은 브랜드
AMENO,https://usercontents-c.styleshare.io/images/42683097/700x394,"’No ordinary socks, Wear Happiness!’  
당신의 하루를 즐겁고 유쾌하게 디자인하는 양말, 우리는 AMENO 입니다!

Ameno는 에슬레져 양말 브랜드로써, 모든 스포츠 활동과 일상속 위트를 위해 디자인 되었습니다.
모든 디자인들은 기능성과 심미성을 만족시키며 20~30대를 대상으로 한 남성/여성의 발목을 타겟으로 
브랜딩을 진행해가고 있습니다. 

이 한 켤레의 양말을 신고, 해보지 않은 모든 것에 도전하고, 당신의 하루를 더 즐겁게 만드세요!"
ARCO,https://usercontents-c.styleshare.io/images/36057618/700x394,"‘ARCO’는 신화, 고전, 유물, 종교에서 영감을 받아 오래 변하지 않는 아름다움을 디자인 한다."
AS65,https://usercontents-c.styleshare.io/images/42728462/700x394,
AUM89,https://usercontents-c.styleshare.io/images/38556573/700x394,"AUM89는 ‘아름다움’, ‘견고함’, ‘상생’의 가치를 실현하는 토털 패션 브랜드입니다.
클로딩 필드에 대한 깊은 이해와 치밀한 분석, 담대한 비젼과 함께 세계 유일의 패션 콜라보 플랫폼으로 도약합니다."
B.4291,https://usercontents-c.styleshare.io/images/42345269/700x394,"B.4291은 1958년 부산 남포동에 세워진 건어물 위판장 건물에 자리한 복합문화공간으로, 건어물에서 영감받은 다양한 라이프스타일 제품을 선보입니다."
BAN.DO,https://usercontents-c.styleshare.io/images/40157093/700x394,"밴도는 미국 캘리포니아 기반의 라이프 스타일 브랜드입니다.
밴도의 아이덴티티가 주는 밝고, 건강한 에너지는 라이프 스타일 시장의 트랜드로 
자리매김하고 있으며, 영향력은 매년 국제적으로 폭팔적인 반응과 성장을 하고 있습니다.
Ban.do 만의 확실한 아이덴티티로 우먼라이프 스타일 시장을 선도하고 있습니다."
BCL,https://usercontents-c.styleshare.io/images/41303298/700x394,
BMS,https://usercontents-c.styleshare.io/images/34979923/700x394,BMS FRANCE는 프랑스 디자이너 브랜드 Martine SITBON의 디자인 감성을 자유분방한 라이프 스타일의 스트릿 컨셉으로 새롭게 해석한 YOUNG TREND BRAND
BONOAP,https://usercontents-c.styleshare.io/images/21148674/700x394,
BRTC,https://usercontents-c.styleshare.io/images/40290776/700x394,피부 타입별 최적의 맞춤 케어를 위한 더마테크놀로지 코스메틱 화장품 브랜드
BSQT,https://usercontents-c.styleshare.io/images/22039118/700x394,"클래식하면서도 현대적인 감성을 가미한 스타일에 실용성과 편안함까지 더한 슈즈를 생산하는 브랜드, 비에스큐티 바이 클래시(BSQT by classy)
 ‘심플리스포티즘(SIMPLYSPORTISM)’이라는 주제 아래 전개된 시즌 컬렉션은 다채로운 종류의 슈즈 아이템들로 구성되어 있다."
BT21,https://usercontents-c.styleshare.io/images/af2ffe4e-d5a9-4d32-b63f-9edbbc28551e/700x394,
BTBG,https://usercontents-c.styleshare.io/images/31847097/700x394,유니크한 감성의 영국 남성 라이프 스타일 코스메틱 브랜드
BVH,https://usercontents-c.styleshare.io/images/19588208/700x394,"BVH는 미니멀리즘을 기반으로 BVH만의 독창적이고 창조적인 상품을 제안합니다. 크리에이티브한 사고와 발상, 풍부한 경험에서 나오는 기술력, 이 모든 요소들이 하나의 문화를 만들고 디자인에 대한 끊임없는 연구로 새로운 트렌드와 혁신을 구현합니다."
Bass,https://usercontents-c.styleshare.io/images/24461467/700x394,"- 전세계적으로 명성을 떨치고 있는 페니로퍼의 창시자인 G.H BASS는
1876년부터 현재까지 유명 셀러브리티를 포함한 여러 대중들에게 
많은 사랑을 받고 있는 역사와 전통이 있는 페니로퍼 대표 브랜드이다.
블루마운틴 코리아는 2017년 7월,약 5년간 G.H BASS 독점 총판 계약을 체결하였다.
G.H BASS 본사와 협업하여 한국인 족형과 스타일에 적합한 제품을 개발하였으며
양사의 합작품은 내년 신학기 시즌에 맞춰 한국에 출시 될 예정이다. 
피팅, 가죽의 퀄리티, 스타일, 판매가격, 브랜드 아이덴티티 등 어느하나 놓치지 않은 이번 제품은 
이미 여러 홀세일러로 부터 많은 관심과 러브콜을 받고 있다.
SS 시즌뿐만 아니라 FW 시즌에도 한국 시장 뿐만 아니라 아시아 시장에 걸맞는 제품 개발중에 있으며,
사계절 내내 편안하고 스타일리쉬한 제품을 만나볼 수 있을 것이다.
향후 승승장구하게 될 G.H BASS 브랜드에 기대를 걸어볼 만하다."
CFC LAB,https://usercontents-c.styleshare.io/images/23895538/700x394,
CHANCECHANCE,https://usercontents-c.styleshare.io/images/22856739/700x394,
CHUCK,https://usercontents-c.styleshare.io/images/20027316/700x394,"CHUCK(척)은 과거와 현재의 호흡’이 존재하는, 무작정 옛것만을 찾기보다 스토리가 담긴 실용성과 오늘날의 스타일리시함 사이에서 균형을 유지할 수 있는가를 판단하여 실천하고 있습니다."
CK(캘빈클라인),https://usercontents-c.styleshare.io/images/b67667b6-2313-4ae3-81a1-02d8ab3b96bb/700x394,
CLIGE,https://usercontents-c.styleshare.io/images/41431135/700x394,"끌리는 상품으로 남녀노소 누구나 구매할 수 있는 제품을
기획 및 판매하고 있는 라이프스타일 브랜드입니다."
CP COMPANY,https://usercontents-c.styleshare.io/images/41086880/700x394,"CP컴퍼니는 남성복 헤리티지를 바탕으로 ""FUNCTION & USE"",""FORM""의 컨셉을 접목하여 창조된 이태리 프리미엄 캐쥬얼 브랜드이다.
CP컴퍼니 디자인의 시작은 ""밀리터리유니폼""과 ""워크웨어""에 대한 관심과 연구로부터 시작되었으며 최근에는
세련된 어반웨어로의 진화에 더 많은 비중을 두고있다.
유행을 타지않는 스타일로 캐쥬얼웨어 매니아들의 끊임없는 사랑을 받아온 C.P.COMPANY
이태리 감성의 컬러와 소재,독특한 디자인,여타의 캐쥬얼 브랜드가 넘볼 수 없는 기술력으로 역동적인 액티비티를 즐기는 전문직 종사자
예술계 종사자에게 깊은 브랜드 로열티를 보유하고있는 역사와 전통을 가진 브랜드이다."
CP-1,https://usercontents-c.styleshare.io/images/23257469/700x394,"헤어 아티스트들에게 영감을 얻어 탄생한 CP-1은
트렌드를 주도하는 재기발랄한  프로페셔널 헤어 브랜드입니다."
CP컴퍼니,https://usercontents-c.styleshare.io/images/42759322/700x394,
CRSHR,https://usercontents-c.styleshare.io/images/25964950/700x394,
Calvin Klein(캘빈 클라인),https://usercontents-c.styleshare.io/images/39402900/700x394,"캘빈 클라인은 랄프 로렌, 도나 카란과 더불어 20세기 말 아메리칸 스타일의 성장과 세계적 확산에 기여한 미국을 대표하는 브랜드 중 하나이다.
CK는 세계적인 패션 디자인 및 마케팅 스튜디오로 성장하였으며, 상징적이면서 필수적인 아이템을 제공하는 브랜드로 대표된다.
1997년 CK Watches의 브랜드 런칭 이래로 모던함과 세련된 감각은 전 세계인들에게 만족감을 선사하며 패션 시계 브랜드로서의 명성을 이어가고 있다.
CK Watches는 심플하고 혁신적인 디자인의 작품을 생산하며, 비교할 수 없는 고품질의 제품 가치를 가진 반면 패션 브랜드의 합리적인 가격대로 고객에게 다가가고 있다."
DIEZ,https://usercontents-c.styleshare.io/images/24709522/700x394,"Reality casual brand [DIEZ] by W.M.P company

[Development / Improvement / Elaboration / Zeal] 이렇게 4개의 단어로 조합된 브랜드명은
항상 좋은 제품을 만들겠다는 의미가 담겨있으며, 그것이 기본이 되어 일상에서의 편안함을 컨셉으로
'제품을 통해 트렌드를 선도하는 브랜드' 로 해석한다.

우리는 DIEZ. 에서 출시되는 느낌좋은 제품을 통해 트렌드를 선도하는 즐거움이 무엇인지 알게된다.
느낌좋은 디에즈에 주목하라."
DKNY,https://usercontents-c.styleshare.io/images/41466703/700x394,"1989 년에 설립 된 DKNY는 도시의 에너지와 태도에서 영감을 얻은 뉴욕과 동의어입니다.
DKNY는 하루를 어디로 데려 갈지 모르는 여성을위한 카란의 독창적 인 디자인 원칙을 바탕으로
뉴욕 생활에 필요한 모든 것을 역동적 인 옷장으로 만들었습니다."
DTMC,https://usercontents-c.styleshare.io/images/42703636/700x394,우리는 남들의 시선으로인해 정해진 틀과 고정관념을 부정하고 '나' 자신을 기준으로 내면의 다양한 모습을 표현합니다.
Doctrine,https://usercontents-c.styleshare.io/images/25965344/700x394,"우리들의 패션과 독창적인 디자인을 담은 doctrine을 발표하고, 그것이 우리의 이야기를 입는 개개인 모두의 신념과 원칙을 투영해 낼 수 있도록 하는 것이 목표입니다.

유니섹스 캐쥬얼룩으로써 매 시즌 새로운 콘셉트로 컬렉션을 진행하며 두 가지의 큰 타이틀로 나뉘어집니다."
ESN,https://usercontents-c.styleshare.io/images/38235178/700x394,"ESN(이에스엔)은 품질에 집착하고 보다 좋은 상품을 위해 트렌디한 핏, 디자인, 내구성, 소재까지 고집스러운 크레프트맨쉽을 이뤄오고 있는 브랜드입니다"
ESOM,https://usercontents-c.styleshare.io/images/22614609/700x394,"Especially
Something
Of
Merit

 

'특별한 어떤것의 가치'의 의미로 사람마다 특별함을 결정하는 기준이 다르다.

ESOM은 편안한컨셉의 디자인으로 언제 어느곳에나 어우러지는 편한 옷의 핏을 추구합니다."
FCMM,https://usercontents-c.styleshare.io/images/41070167/700x394,FCMM(에프씨엠엠)은 '좋은 옷이 사람을 멋지게 만든다.'는 슬로건 아래 'BE IN THE SPOTLIGHT' 늘 최고가 되어 주목을 받는 사람이 될 수 있게 도와줍니다.
FELLAS STUDIO1932,,FCMM(에프씨엠엠)은 '좋은 옷이 사람을 멋지게 만든다.'는 슬로건 아래 'BE IN THE SPOTLIGHT' 늘 최고가 되어 주목을 받는 사람이 될 수 있게 도와줍니다.
FHI,https://usercontents-c.styleshare.io/images/9d56fcbd-b8f1-4f33-93e1-e3a7f56a56c4/700x394,
FILA,https://usercontents-c.styleshare.io/images/37157965/700x394,"휠라(FILA)는 1911년 이탈리아 비엘라 지방에서 탄생, 100년이 넘는 역사를 이어온 정통 글로벌 스포츠 브랜드입니다. 태양과 포도주, 그리고 예술을 사랑하는 이탈리아인들만의 감성을 기반으로 세계적 스포츠 스타들의 영광의 순간을 함께해 온 기술력을 적용한 ‘Stylish Performance’를 제안합니다. 
스포츠 액티비티를 가장 짜릿하게 즐기는데 도움을 주는 고기능성 Performance Wear와 스타일리시한 감성의 젊은 세대를 위한 Sports Inspired Wear 두 가지 라인을 전개하고 있습니다."
FM,https://usercontents-c.styleshare.io/images/21198292/700x394,
GCDS,https://usercontents-c.styleshare.io/images/42727104/700x394,
GEE,https://usercontents-c.styleshare.io/images/22434704/700x394,'special presents for more special you' 라는 슬로건을 가지고 선보이는 감각적인 디자이너 악세서리 브랜드
GRN,https://usercontents-c.styleshare.io/images/38620599/700x394,"행복한 삶을 위해 우리에게 건강은 필수요소입니다.
건강이 더해진 아름다움 삶을 GRN+는 추구합니다.
내몸을 위한 작은 습관 GRN"
GUESS,https://usercontents-c.styleshare.io/images/22499600/700x394,
HEAD(헤드),https://usercontents-c.styleshare.io/images/4e378d77-76a2-41c2-8869-61f1d1cdee8f/700x394,"HEAD(헤드)는 1950년 설립된 이후로 스키와 테니스를 기반으로하여 일상에서도 실용적으로 활용가능한 상품을 제안하는 캐쥬얼 스포츠 브랜드 입니다.

최근 다양한 브랜드와의 콜라보레이션 및 스테디셀러 슈즈인 스크래퍼의 출시로 스타일리시한 스포츠 컬쳐 브랜드로 자리 잡았습니다."
HEX-CODES,https://usercontents-c.styleshare.io/images/41650370/700x394,"HEX-CODES는 온라인상에서 우리가 볼 수 있는 모든 컬러를 나타낼수 있는 색상 code입니다. 
우리는 다양한 자신의 색상을 HEX-CODES 색상으로 표현하자는 슬로건을 바탕으로 브랜드를 전개하고 있으며 
새로운 사고를 기반으로 다양하고 색다른 컨텐츠를 만들어 가고있습니다. 
헥스코드는 오늘도 보다 많은 사람들의 색과 함께 걷고싶습니다."
Herschel Supply (허쉘),https://usercontents-c.styleshare.io/images/42112361/700x394,"‘일상을 여행처럼, 여행을 일상처럼’ 이라는 Well-Travelled의 슬로건을 내세우는 글로벌 라이프스타일 브랜드입니다.
타임리스한 디자인에 브랜드 특유의 다양한 색감과 세심한 디테일이 더해져, 감각적이면서도 실용적인 고품질의 제품을 만듭니다."
Hi-kiki,https://usercontents-c.styleshare.io/images/24788190/700x394,"매일 웃음짓게 만드는 휴대폰케이스 전문샵 ""Hi-kiki(하이키키)""입니다.
하이키키는 반가운 마음으로 ""Hi~"" 즐거움이 가득해서 ""kiki""의 조합어로 좋은사람들과 즐거움이 가득하길 바라는 마음을 담은 브랜드입니다.
언제나 일상을 함께하는 휴대폰에 나만의 감성을 담은 케이스로 매일매일 즐거운 날들이 되길 바랍니다."
IFOX,https://usercontents-c.styleshare.io/images/23093617/700x394,자신을 빛나게 꾸밀줄 아는 진정한 여우들의 아이템창고.
JM솔루션,https://usercontents-c.styleshare.io/images/34240583/700x394,"글로벌 토탈 스킨 케어 브랜드 제이엠솔루션(JMsolution)
아름다운 피부에 관심 많은 20대부터 생기 있고 건강한 피부를 유지하고 싶은 30대까지
건강하고 이상적인 아름다움을 실현하도록 JM솔루션이 앞장 서겠습니다."
JW앤더슨,https://usercontents-c.styleshare.io/images/42759309/700x394,
LAF,https://usercontents-c.styleshare.io/images/20305175/700x394,
LMN3011,https://usercontents-c.styleshare.io/images/41652435/700x394,"LMN3011은 여성+남성=중성의 의미를 지니고 있습니다.

심플한 디자인에 좋은 원부자재 사용으로 누구에게나 사랑받는 편한 상품을 만들고 있습니다."
LUK,https://usercontents-c.styleshare.io/images/31164400/700x394,"물속에서도 지워지지 않는 자신감, 
워터푸르프 색조 메이크업 LUK"
M.U.S.T,https://usercontents-c.styleshare.io/images/24153330/700x394,"M.U.S.T는 ""Make U Simple&inTense""의 줄임말로, 복잡하고 과한 디자인 대신 절제된 아름다움과 간결함을 추구하는 색조브랜드 입니다.
또한 메이크업에 포인트를 줄 수 있는 색상만을 구현해,당당하고 도시적이며 독특하고 시크한 매력을 발산하도록 도움을 드립니다."
MCM,https://usercontents-c.styleshare.io/images/42727696/700x394,
MD638,https://usercontents-c.styleshare.io/images/40052757/700x394,"그루밍의 시작! 멋진 남성들의 라이프스타일에 맞춘 
간편하고 효과적인 스킨케어 솔루션 MD638 입니다."
MOL by more or less,https://usercontents-c.styleshare.io/images/25033552/700x394,
MOOMIN(무민),https://usercontents-c.styleshare.io/images/25965059/700x394,
MOTTA,https://usercontents-c.styleshare.io/images/41881333/700x394,"여러분의 어떠한 일상도 함께하면 세련되게 만들어 드리는 60여년 역사의 이태리 스테인리스 주방용품 브랜드, MOTTA"
MSMS,https://usercontents-c.styleshare.io/images/37535733/700x394,"MSMS는 23.65 의 세컨드 브랜드로서
남,녀 노소 누구나 편하게 접할 수 있는 유니섹스 라인으로
어릴 적 소년, 소녀를 좋아했던 풋풋한 감정을 테마로
MSMS만의 사랑스럽고 위트있게 디자인을 전개합니다."
MY EYEZ ON YOU,https://usercontents-c.styleshare.io/images/39069705/700x394,"Can’t ake my eyes off you!
자체 제작 소품 , 리빙 관련 제품을 디자인하는 브랜드입니다."
MadeWellCase,https://usercontents-c.styleshare.io/images/21023906/700x394,
Manipello,https://usercontents-c.styleshare.io/images/24781749/700x394,"BRAND STORY
라틴어“MANIFEST(선언하다)”와 “PELLO(감동,인상을 주다)”의 합성어 나의 삶을 더 뚜렷하게 드러내는 스타일 선언문
“UNUSUAL STANDARD”

BRAND VALUE
변하지 않는 영속적인 기준 속에 평범하지 않은 디자인을 더한 ‘기준 이상의 가치’를 만들어 갑니다."
Ms.44,https://usercontents-c.styleshare.io/images/21086381/700x394,
Msgm,https://usercontents-c.styleshare.io/images/42756683/700x394,
NASV,https://usercontents-c.styleshare.io/images/23093612/700x394,NASV는 세계최초로 빗고데기를 선보인 새로움을 지향하는 이미용기기전문 브랜드입니다.
NERDY(널디),https://usercontents-c.styleshare.io/images/35559607/700x394,"널디는 매 시즌 새로운 주제와 우리만의 독특한 컬러 그리고 아트웍 디자인을 바탕으로 매니아층을 형성하는 유니 컬처 스트릿 브랜드입니다.
널디는 말 그대로 사회에 물들기보단 세상 물정 모르는 척 남들의 시선에 신경 쓰지 않는, 소위 어른이 되고 싶지 않은 아이가 자신만의 색깔을 마음껏 표출하는 것을 모티브로 '자유,' '자아,' 정체성’을 추구합니다."
NOMADIC,https://usercontents-c.styleshare.io/images/40192525/700x394,"“마치 짚신 같은 독특한 디자인으로 눈길을 끄는 브랜드 노마딕. 부드러운 로프를 손으로 직접 엮어, 견고하면서도 발이 편하도록 만들어진 핸드메이드 신발이다.

물에 닿아도 손상이 업어, 세탁도 가능한 아이템으로 바캉스 때에도, 비가 많이 내리는 장마철에도 신기 좋다.”

노마딕은 유목, 방랑의 뜻을 갖고 있으며 여행, 자유 등을 뜻하기도 합니다. 
로프 샌들은 미드 LOST에서도 선보였던 제품으로 견고하면서도 부드러운 로프를 손으로 직접 엮어 단단하면서 발에 편하도록 만들어 졌습니다.

환경을 생각하는 미국 브랜드"
Natural World,https://usercontents-c.styleshare.io/images/36841250/700x394,"Natural World
자연의 사랑, 제품의 진정성 환경 철학과 트렌디의 조화
100% 친환경 신발을 만들며 아이를 위한 더 나은 세상을 위해, 우리가 살고 있는 세상을 개선하기 위해 노력합니다."
OEL,https://usercontents-c.styleshare.io/images/34241227/700x394,"OEL(ORDINARY EVERYDAY LIFE) 특별하지 않은 특별한 하루의 기록이란 의미로 평범한 당신의 하루를 특별한  날로 만드는 선물같은 브랜드이다.

OEL의 2018 ss 컬렉션 테마는 Encounter of the past and the future 이다.꿈을 쫓기 보다는 현실을 쫓을 수밖에 없는 이시대의 젊은이들에게
과거로부터 오는 서정적 감성을 토대로 미래의 새로운 경험과 기대감을 되찾길 바라며
생동감 넘치는 아트윅 적인 모티브 재구성 해 디자인하였다."
OST,https://usercontents-c.styleshare.io/images/36447459/700x394,"OST(오에스티)는 소중한 일상과 특별한 날의 추억을 더욱 의미있게 만들어 줄 수 있는 셀러브레이션 브랜드로서 아메리칸 어반 캐쥬얼 컨셉의 차별화된 시계, 쥬얼리를 만들고 있습니다."
OVDY,https://usercontents-c.styleshare.io/images/aa700a3d-ae9e-464c-847e-e65d37b89902/700x394,"#OVDY 브랜드는 합리적인 가격과 가치를 제공하고자 광저우 직접 생산 공장을 가지고 
2018년 판커스 회사에서 독립한 디자이너인 11 & ken 의해서 설립되어 5시즌을 맞이한 신생 브랜드입니다.
OVDY는 현시대의 트렌드와 아시아 문화의 확산에 앞장서며,
""Original"", ""Vision"", ""Distinctive"", ""Young"" 을 핵심이념으로 삼고
미래의 트렌드를 독자적인 힘으로 창조해 나가고자 하는 브랜드입니다."
PAPERSELF,https://usercontents-c.styleshare.io/images/19588220/700x394,
PLACEMENT,https://usercontents-c.styleshare.io/images/21148781/700x394,
POSITIVE.V,https://usercontents-c.styleshare.io/images/34033657/700x394,"POSITIVE.V는 고기능성 원사로 제장한 양말에 유니크한 디자인을 접목시킨 디자인 스포티 양말 브랜드입니다.
개성 넘치는 디자인과 과감한 컬러로 발목에 시각적인 즐거움을 더한 컬렉션을 진행하고 있습니다.
그래픽 디자이너, 타투리스트, 그래피티 작가 등과 철학을 공유하여 디자인 작업을 진행하며
다양한 분야의 개성 넘치는 사람들과 협업을 통해 새로운 문화를 만들어 가고 있습니다."
PT05,https://usercontents-c.styleshare.io/images/42787243/700x394,
QUARQOR (쿼르코어),https://usercontents-c.styleshare.io/images/39069588/700x394,"빈티지 클래식 스타일 기반으로 쥬얼리 기존의 화려한 이미지에서 벗어나, 중성적이며 클래식한 아름다움을 쥬얼리에 담고자 합니다. 시간이 지날수록 더욱 그 가치를 빈티지 고유의 특성을 통해 다양한 이야기를 전개합니다."
RAIN LATER NIGHT,https://usercontents-c.styleshare.io/images/31698726/700x394,"RAIN LATER NIGHT은 의류, 가방, 잡화 등 다양한 품목에서 트렌디한 아이템에 기능적 요소와 디자인적인 요소를 결합, 개선하여 소비자에게 더 나은 디자인을 제시합니다. 
이러한 디자인에서 느낄 수 있는 위트는 특별하지만 평소와 다를 것이 없는 비온 후의 밤처럼 베이직하지만 유니크하며 우리는 이 가치를 더 많은 사람들에게 제시하고 공유하고자 합니다."
RDC,https://usercontents-c.styleshare.io/images/41555705/700x394,"'THE ART ON A FABRIC' 이라는 슬로건로 시작되는 RDC는 
함축적인 이미지들 위에 디자이너의 터치와 감성을 더하여, 
단순히 옷을 입는다가 아닌 ARTWORK과 함께 한다라는 느낌을 가질 수 있게 함과 
동시에 좀 더 좋은 소재와 디테일을 넣어 독특하고 흥미로운 디자인을 통해 
'전 세대를 아우를 수 있는 새로운 Design Culture'를 만들고자 하는것이 저희 브랜드의 컨셉이자 목표입니다."
RDVZ (알디브이제트),https://usercontents-c.styleshare.io/images/32942882/700x394,"RDVZ는 2017년 런칭한 남성 스트릿 캐주얼 브랜드립니다. Space Mood를 컨셉으로 직선적이고, 구조적인 표현으로 브랜드를 전개해 나가고 있습니다.
실생활에서 편하게 입을 수 있는 캐주얼 의류에 RDVZ의 스포티하고 트렌디한 감성을 더하기 위해 다양한 방식의 디자인으로 풀어내는 브랜드입니다."
S2ND,https://usercontents-c.styleshare.io/images/41450782/700x394,"Easy! Play!

S2ND만의 방법으로 쉽고 재미있게 뷰티를 즐기자!"
SAC,https://usercontents-c.styleshare.io/images/39946819/700x394,"SAC ( Steady Assembly Code. )

SAC은 실용적 워크웨어를 기반으로 기능적인 측면에서 디자인 되어지는 캐쥬얼 브랜드입니다.
다양한 환경과 기후조건에서 시작되는 도시의 라이프 스타일을 탐구적인 시각으로 풀어내고자 합니다.
SAC은 YOUTH CULTURE 의 IDEOLOGIE 에 기인하며 문화예술 전반을 지지합니다."
SKIN04,https://usercontents-c.styleshare.io/images/38479391/700x394,"매일이 그날 인듯, 민감한 피부를 위해 다시 뜯어고치는 피부판! SKIN04"
SMA SHOES,https://usercontents-c.styleshare.io/images/2604d885-44cb-4767-ae92-caa9895773ee/700x394,""" All Dreams Welcome "" 
       ""Dream big""

에스엠에이 슈즈는 자연과 다양한 문화가 공존하는 화려한 셀럽들의 도시인 캘리포니아 감성을 지향하며 
자신만의 휴식을 취할 수 있는 여유로운 라이프스타일을 바탕으로 빠른 패스트패션의 부합되는
영 트렌드와 편안한 컴포트한 제품을 제공하는 캘리포니아 감성 캐쥬얼 슈즈 브랜드입니다."
SNRD,https://usercontents-c.styleshare.io/images/38917415/700x394,"스니커즈 각 시즌상품을 포함한 다양한 계층의 요구에 부담할 수 있는 브랜드
입니다."
SOAP,https://usercontents-c.styleshare.io/images/32177704/700x394,합리적인 가격으로 스타일을 제안하는 soap 브랜드
SOF,https://usercontents-c.styleshare.io/images/22161171/700x394,"실크스크린 아티스트 Neebado에 의해 2011년부터 전개해오던 브랜드이며
의류에 표현되는 모든 아트웍들은 아래의 원칙을 따르고 있다.
일평생 내가 느끼는 모든 것들을 오롯이 SOF라는 캔버스에 담기 위해서
To put all the things I feel into my life into the canvas of SOF
여행 중 느끼는 감정, 사회적 부조리에 대한 감정, 누군가를 잃었을 때의 슬픔
Feelings during travel, feelings about social absurdity, sadness when someone is lost
그러한 모든것을 위하여
FOR ALL THAT"
SSRL,https://usercontents-c.styleshare.io/images/38133090/700x394,"SSRL(에스에스알엘)은 패셔니스타 모델 주우재가 디렉팅하는 브랜드의 새로운 이름으로 기존의 캐주얼하고 단정된 이미지에 독보적인 감성과 고급스러움, 그리고 트렌디함을 보태어 리뉴얼 업그레이드 된 캐주얼웨어 브랜드입니다."
STRA-W,https://usercontents-c.styleshare.io/images/20695227/700x394,
SWITFISH,https://usercontents-c.styleshare.io/images/25236974/700x394,"SWITFISH는 차원이 다른 특별한 아티스트들로 구성된 브랜드로 ‘Visual first, Real look’ 을 추구하며 
재미있는 아트윅을 신발에 접목시켜 제품, 패키지, 디스플레이까지 아트적으로 해석한 원스탑 비쥬얼 브랜드입니다."
SWSW,https://usercontents-c.styleshare.io/images/25447203/700x394,"sweetch 의 세컨브랜드 SWSW,
sweet + switch 의 합성어로 일상을 달콤하게 바꿔줄 컬러풀하고 캐쥬얼한 감성을 담은 브랜드"
TALKS,https://usercontents-c.styleshare.io/images/33848375/700x394,
TBJ,https://usercontents-c.styleshare.io/images/37136391/700x394,"합리적, 실용적이며 감각적인 Mind를 가진 Basic & Trendy Casual Brand 'TBJ'"
TMO BY 13MONTH,https://usercontents-c.styleshare.io/images/25064236/700x394,"TMO(티엠오)는 13MONTH(써틴먼스)의 디자이너 송선미가 가진 페미닌한 무드와 감성을 미니멀하게 담아내는 라인으로
유니섹스 무드가 강한 써틴먼스와는 또 다른 매력을 선보이는 브랜드이다."
TOi,https://usercontents-c.styleshare.io/images/22380634/700x394,"TOi는 일상, 물음, ! 의 3가지 키워드로 일상에서 무엇을 입어야 할 지 고민할 때 !가 되고자 하는 컨셉으로 의상을 발표하고 있습니다."
TPSY,https://usercontents-c.styleshare.io/images/0a75bd0c-61b7-4463-a62e-3b5f3201b747/700x394,"Falling in TPSY (Tasty, Passionate, Stylish & You) 재미있는 삶, 늘 변칙적이고 통통튀고 철없는 삶을 추구하는 TPSY, 선 하나 립컬러 하나만으로도 다른 사람으로 태어날 수 있는 코스메틱"
TRIWA,https://usercontents-c.styleshare.io/images/22499581/700x394,
TWN,https://usercontents-c.styleshare.io/images/255bfe3b-faa0-4610-aece-1b143216193b/700x394,"TWN(티떠블유엔)은 ""The Worth Now""라는 슬로건으로 의역하면 ""지금 바로 이 순간이 가장 가치 있는 순간이다""로 지금 바로 이 순간을 소중히 여기고 즐기며 살자는 모토가 담겨있습니다."
TiPi,https://usercontents-c.styleshare.io/images/35465535/700x394,"복잡하지 않고 편한 스킨케어
티피는 더마코스메틱 브랜드 입니다."
UGG,https://usercontents-c.styleshare.io/images/42382622/700x394,UGG(어그)는 미국 회사인 Deckers Outdoor Corporation이 소유하고 있는 패션 신발 및 의류 브랜드로 클래식 스타일 양피 부츠로 가장 잘 알려져 있는 브랜드 입니다.
UMM,https://usercontents-c.styleshare.io/images/37741065/700x394,"UMM(음)은 ""Noconcept"" 어느 하나의 컨셉을 두지 않고  ""Challenge Evrything"" 모든 것에 도전해라라는 슬로건을 가지고 일상속에서 느낄수 있는 감정을 다양한 컨셉에 담아 누구나 편하게 입을 수 있고 다가갈 수 있는 위트있는 디테일과 OVERFIT한 디자인으로 UMM만의 감성을 표현하는 브랜드입니다."
URBANOIZ,https://usercontents-c.styleshare.io/images/32789023/700x394,
URBANSCAPE,https://usercontents-c.styleshare.io/images/35213915/700x394,"URBANSCAPE'는 색채연구소 '팬톤' 컬러를 사용하며 실크스크린 방식으로 제작되는 프리미엄 젤 네일 스트립입니다.
젤 네일 성분으로 만들어 도톰한 두께감과 어디에서도 볼 수 없었던 뛰어난 색감, 디자인을 이제 직접 경험해보세요."
US by StyleShare,https://usercontents-c.styleshare.io/images/41895791/700x394,"스타일쉐어 베이직 브랜드 어스(US)입니다.
모두의 취향과 체형을 존중하며 스타일의 기본이 되는 옷을 만듭니다."
VDL,https://usercontents-c.styleshare.io/images/38557305/700x394,"생동감 있고 강렬한 꿈의 실현, VDL"
VICRILA,https://usercontents-c.styleshare.io/images/41881325/700x394,"두껍고 무거운 컵이 모두 강화유리컵은 아닙니다.
130년 역사의 스페인 글래스웨어 브랜드 VICRILA는 진정한 강화 유리컵의 새로운 기준을 제시해 드립니다."
VISIONGLASS,https://usercontents-c.styleshare.io/images/41881320/700x394,"컵 이상의 컵
 VISIONGLASS는 심플하고 투명한 100% 내열유리컵으로 단순한 컵 이상의 가치를 지니고 있습니다."
VT,https://usercontents-c.styleshare.io/images/40034273/700x394,
W.피부연구소,,
W7,https://usercontents-c.styleshare.io/images/25965081/700x394,
WEGO,https://usercontents-c.styleshare.io/images/21800422/700x394,"도쿄 하라주쿠 스트릿에서 영감을 받아 탄생하여 
일본의 10대 ~20대 젊은 세대로부터 절대적인 인기를 
누리고 있는 글로벌 브랜드 WEGO! 

매시즌 다채로운 컬러감과 
개성있고 유니크한 디자인으로  최신 트렌드를 전합니다."
WINCO(윈코),https://usercontents-c.styleshare.io/images/38840592/700x394,윈코는 직관적이고 편리한 제품 구조를 지닌 동시에 사용자의 라이프스타일을 개선하고 일상속에 자연스럽게 녹아들 수 있는 제품을 개발하는 브랜드입니다.
WINNER meets Styleshare,,윈코는 직관적이고 편리한 제품 구조를 지닌 동시에 사용자의 라이프스타일을 개선하고 일상속에 자연스럽게 녹아들 수 있는 제품을 개발하는 브랜드입니다.
W♡C by WEGO,https://usercontents-c.styleshare.io/images/25521899/700x394,"도쿄 하라주쿠 스트릿 영감을 받아 탄생해 일본 10대~20대에게 절대적인 인기를 누리고 있는
글로벌 브랜드 WEGO가 전개하는 브랜드로 하라주쿠를 사랑하는 소녀를 컨셉으로 개성적이고 귀여운 스타일을 제안한다."
W피부연구소,https://usercontents-c.styleshare.io/images/33215475/700x394,"한국인의 피부에 맞는 더모코스메틱, W.피부연구소"
XXIX,https://usercontents-c.styleshare.io/images/19588233/700x394,"XXIX(엑스엑스아이엑스)는 명품 라인업 브랜드와 뉴욕 스트리트씬에서 영감을 받아, 접할 수 없던 높은 퀄리티의 제품으로 하이 스트리트 웨어를 지향합니다."
XXXY (쓰리엑스와이),https://usercontents-c.styleshare.io/images/42863641/700x394,"건강을 위한 청결한 습관, 퍼스널 바디케어 브랜드 XXXY"
Xmm,https://usercontents-c.styleshare.io/images/25965368/700x394,"우리가 매일 신는, 재미없는 [그냥 양말] 그 양말에 기대를 걸 순 없을까? 하는 물음에서 출발했습니다.
세상 모든 것을 담을 수 있는 미지수 X 와 사이즈 mm 가 만난다면 당신의 하루가 재미있게 시작 될 것입니다.

Xmm에서 당신이 상상하는 모든 것을 담아보세요"
Y-3,https://usercontents-c.styleshare.io/images/d9ebe91b-bc14-434d-8d89-721161d03019/700x394,
Y3,https://usercontents-c.styleshare.io/images/42759269/700x394,디자이너 요지 야마모토가 아디다스를 만나 Y-3로 탄생합니다. 디자이너 특유의 실험적인 무드를 스포츠웨어 위에 감각적으로 재현해내는 재치를 보여줍니다.
YAN13,https://usercontents-c.styleshare.io/images/22816985/700x394,"YAN13(얀13)은 베이직&심플한 라인을 기반으로 하여 현대적이고 감각적인 디자인으로 표현하며,패션에 민감한 젊은 세대의 남녀를 대상으로 런칭하는 유니섹스 캐주얼 브랜드입니다.
보다 합리적인 가격과 높은 퀄리티로 미니멀리즘의 트랜드를 이끌어 가고 있으며,누구나 편안하고 부담없이 착용할 수 있는 대중적인 브랜드입니다."
YOA,https://usercontents-c.styleshare.io/images/25154287/700x394,"""우리는 우리의 감성으로 촬영하고 그린것들을 만듭니다"""
YUYUUHADA,https://usercontents-c.styleshare.io/images/20956001/700x394,
asasm,https://usercontents-c.styleshare.io/images/23302691/700x394,
elf,https://usercontents-c.styleshare.io/images/25965116/700x394,
ellesse,https://usercontents-c.styleshare.io/images/36721904/700x394,1959년 이태리에서 시작된 엘레쎄는 고유의 레트로한 무드를 현대적으로 재해석한 헤리티지 컬렉션을 메인으로 클래식한 라이프 스포츠 웨어를 선보인다.
keek(키크),https://usercontents-c.styleshare.io/images/33597396/700x394,"'Transcends the Boundary' '경계를 초월하다'
keek는 기존의 의미를 다양한 가치로 재발견 하는 패션브랜드입니다.
'디자인은 사람을 이롭게 해야 한다'라는 모토로, 새로운 시각과 다양한 실험적 시도를 통해 소비자들에게 진화된 가치를 제시합니다."
keen,https://usercontents-c.styleshare.io/images/35038093/700x394,"KEEN(킨)은 신발장을 열었는데 마땅히 신고 나갈게 없을 때, 늘 신고 다니던 비슷비슷한 스타일, 늘 같은 브랜드에 결정이 어려울 때, 단 하나의 아이템으로 스타일을 확실히 바꾸고 싶을 때, 한 줄로 엮어서 만든 세상에 없던 신발. 비로소 KEEN 의 시간입니다."
meetmetmeet,https://usercontents-c.styleshare.io/images/39930194/700x394,"meetmetmeet is a design studio based in Seoul. 

We observe ordinary objects,rules, 
or traits from a new perspective and let 
people experience them in simple forms and colours."
mgmg studio,https://usercontents-c.styleshare.io/images/25965158/700x394,"'mgmg studio'의 18 SPRING 시즌 'Marie Antoinette'는 18세기 후반 로코코의 섬세하고 낭만적인 느낌에서 영감을 받아 현대적인 무드로 재해석 하였다.
마리 앙투아네트로 대표되는 로코코 시대의 리본과 화려한 러플 등 장식적인 요소들을 데님, 미니스커트 등과 매치하여 21세기 마리 앙투아네트의 모습으로 연출하였다."
#OOTD,https://usercontents-c.styleshare.io/images/34706206/700x394,
0.387AU,https://usercontents-c.styleshare.io/images/35768564/700x394,
100%퓨어,https://usercontents-c.styleshare.io/images/31165192/700x394,화학성분 없이 천연 성분만을 이용하여 만든 천연 과일 메이크업&스킨케어
134MM,https://usercontents-c.styleshare.io/images/40364602/700x394,
13MONTH,https://usercontents-c.styleshare.io/images/25064232/700x394,"13MONTH(써틴먼스)는 2013년 런칭된 디자이너 송선미의 유니섹스 브랜드 입니다. 하이패션과 캐주얼 그리고 클래식과 스트릿패션등을 다양하게 오가며 한정 된 스타일에 구속되지 않고 도전적인 컬렉션을 꾸준히 선 보여 왔습니다. 합리적인 가격에 하이퀄리티의 제품을 한정수량으로 제작하여 언제든지, 어디에서든지, 누구든지 '편하게' 입을 수 있도록 노력하고 있습니다."
14스튜디오,https://usercontents-c.styleshare.io/images/29881195/700x394,
1507,https://usercontents-c.styleshare.io/images/40432543/700x394,"1507(일오공칠)은 아버지께 양말을 처음 배우러 갔던 창고 번지수입니다. 
양말이라는 단일 품목만을 고집하며, 2대에 걸친 양말 제작의 노하우로 
높은 품질과 심플한 디자인의 양말만을 제작합니다. 
1507은 여러 필드에서 활동하고 있는 다양한 라이프 스타일의 사람들의 요구를 적극 반영하여, 
그들의 더 나은 삶을 위하여 노력하는 브랜드입니다."
1537,https://usercontents-c.styleshare.io/images/25155512/700x394,1537은 자체 개발한 유니크하고 익살스러운 캐릭터를 기반으로 라이프스타일 제품을 디자인하는 꽤 멋진 디자인 브랜드입니다.
168cm,https://usercontents-c.styleshare.io/images/42684196/700x394,"168cm만의 디자인으로 10대~20대에 맞는 트렌디한 케이스를 선보이고 있습니다. 

유행에 뒤따라가지않고 유행을 선도하는 168cm입니다."
16브랜드,https://usercontents-c.styleshare.io/images/20699101/700x394,
1993스튜디오,https://usercontents-c.styleshare.io/images/43213703/700x394,1993STUDIO(1993스튜디오)는 MODERN CLASSIC을 추구하는 브랜드입니다.
1am,https://usercontents-c.styleshare.io/images/39980102/700x394,"새벽 한 시에 먹어도 괜찮아! 1am
원한다면 먹을 수 있게, 원한만큼 맛있게, 원한 것보다 가볍게! 1am이 다이어트와 라이프의 밸런스 균형을 맞춰 드릴게요"
227,https://usercontents-c.styleshare.io/images/22170796/700x394,"227(이이칠)은 베이직한 감성을 지닌 유니섹스 브랜드입니다.
간결하면서도 임팩트있는 227의 아이템들을 만나보세요!"
23.65,https://usercontents-c.styleshare.io/images/41829658/700x394,"23.65(이십삼점육오)는 지루함과 단자로움에 있는 스니커즈들 속에서 남,녀 모두가 신을 수 있는 유니섹스 디자인으로 독특함과 유니크함을 추구합니다."
247seoul,https://usercontents-c.styleshare.io/images/42173339/700x394,"247 SEOUL은 ""24 HOURS A DAY, 7 DAYS A WEEK"" 즉, 언제나 곁에 둘 수 있는 아이템들을 선보입니다. 
디자인이 범람하고 유행이 급변하는 어지러운 세상 속에서 스탠다드하고 클래식한 ALL-TIME FAVORITE ITEMS를 제작합니다.
247 SEOUL은 심플과 디자인의 경계를 넘나들며 좋은 제품에 대한 고집으로 누구에게나 필요한 존재가 되고자 합니다."
24BRITKIM,https://usercontents-c.styleshare.io/images/23113244/700x394,
251w,https://usercontents-c.styleshare.io/images/25965415/700x394,
2931,https://usercontents-c.styleshare.io/images/25965444/700x394,
2CUBE,https://usercontents-c.styleshare.io/images/18791589/700x394,"2CUBE는 나만의 유니크한 디자인, 부담없이 다가갈 수 있는 합리적인 가격 2가지를 기반으로 하며 자신만의 개성을 살릴 수 있는 가치있는 아이템으로서의 대중성을 목표로 하고있습니다. 젊은 감각의 크리에이터들과 함께 틀을 깨는 발상과 독특한 디자인, 합리적인 가격의 하이퀄리티 제품을 만나보시기 바랍니다."
320쇼룸,https://usercontents-c.styleshare.io/images/32608494/700x394,"""An easy move in everyday life""
320쇼룸은 가볍게 다가가지만, 
가벼워보이지 않는 스타일을 추구한다.
실용적이면서 편안한 실루엣으로 트랜디한 감성을 담았습니다.
모던한 감성과 톤 다운 컬러에 포인트를 더해 담백하면서도 차별화된 디자인을 선보이고 있습니다. 
320쇼룸은 가볍게 다가가지만 가벼워보이지 않는 스타일을 추구하고 있습니다"
377인터내셔널,https://usercontents-c.styleshare.io/images/2fafc421-cb2a-4d0d-b7e4-a8756811e5dc/700x394,"377이란, 사람에 정상 체온인 37.6도에서 그 한계점을 뛰어넘는 발열에 시작을 뜻하는 377이라는 브랜드 입니다. 
377데일리 모자는 자신에게 꼭 맞춘듯한 편안함과 
항상 좋은 원단으로 제작되어 쾌적함과 편안한 착용감을 제공합니다"
3CE,https://usercontents-c.styleshare.io/images/42283477/700x394,
3M 넥스케어,https://usercontents-c.styleshare.io/images/40369374/700x394,"3M은 1902년 미국 미네소타에서 시작되어 발명을 멈추지 않는 글로벌 과학 기업이며
3M은 일상 생활에 과학을 적용하여 삶을 향상시킵니다"
47브랜드,https://usercontents-c.styleshare.io/images/24694438/700x394,"47 BRAND(47 브랜드)는 최고 품질의 모자와 의류에 Unique 한 디자인을 가미하였고, 제품 하나하나의 디테일 관리에 심혈을 기울이고 있습니다. 
현재 미국내에서 미국 4대 메이저 스포츠리그인 MLB, NHL, NFL, NBA 의 모자 및 의류 라이선스 사업을 진행하고 있으며, 프로 스포츠 뿐만 아니라 미국내 650여개 대학 라이선스 제품 및 스트릿 패션 브랜드로도 잘 알려져 있습니다. 
또한 Street Fashion 브랜드인 The Black Fives 의 독점 라이선스 사업을 전개하고 있습니다.
현재 ’47 은 ‘우리의 현재가 미래를 만든다’라는 심플한 철학으로 ’47 의 전통과 패밀리 비즈니스의 가치를 계승해나가며 글로벌 프리미엄 스포츠 라이프스타일 브랜드로 성장해가고 있습니다."
4XR,https://usercontents-c.styleshare.io/images/40051492/700x394,"4xr은 인간의 다양성 이라는 가치에 기반을 두어 활동합니다.
인종, 언어, 문화 연령의 다양성을 인정하고 존중하며 그것을 기반으로 Style의 다양한 해석을 합니다.
4xr은 최적화된 Product를 위해 진보에 진보를 거듭합니다."
82seoul,https://usercontents-c.styleshare.io/images/41197642/700x394,"서울을 모티브로 하여 만든 브랜드로, 클래식 함과 서울 관련 시그니쳐를 섞은 브랜드입니다."
925 FACTORY,https://usercontents-c.styleshare.io/images/24805610/700x394,"은빛에 녹아들다.
너에게, 그리고 어디에도 자연스럽게 녹아드는..
차가운 듯 따듯한 감성을 지니고 있는 우아한 회백색의 정은.
겉은ㅇ 차가운 듯 회백색의 빛을 띄고 있지만, 그 내면에는 은을 몸에 지니면 나쁜 기운을 이겨내고,
몸을 가볍게 하여 오래 살 수 있다는 말이 있습니다.

925 FACTORY는 이런 은의 오묘한 매력에 녹아들어 브랜드 이름 자체에도 은의 함량을 나타내는
92.5를 담아 925 FACTORY의 주얼리 착용하시는 모든 분들도 925만의 매력에 녹아들게 만들자는 마음으로 시작 했습니다.
어디에나 자연스럽게 녹아들지만 925 FACTORY 만의 색은 뚜렷한 그런 브랜드로 모두에게 녹아들기를..."
9c9c,https://usercontents-c.styleshare.io/images/34707032/700x394,"심플한 선, 트렌디한 색감, 일상생활 속에서 느껴지는 특별함"
