A.Clown,https://usercontents-c.styleshare.io/images/24934546/88x50,https://www.styleshare.kr/brands/3400
A2AGE,https://usercontents-c.styleshare.io/images/43010434/88x50,https://www.styleshare.kr/brands/4965
AMENO,https://usercontents-c.styleshare.io/images/42683097/88x50,https://www.styleshare.kr/brands/4788
ARCO,https://usercontents-c.styleshare.io/images/36057618/88x50,https://www.styleshare.kr/brands/4032
AS65,https://usercontents-c.styleshare.io/images/42728462/88x50,https://www.styleshare.kr/brands/4810
AUM89,https://usercontents-c.styleshare.io/images/38556573/88x50,https://www.styleshare.kr/brands/4257
B.4291,https://usercontents-c.styleshare.io/images/42345269/88x50,https://www.styleshare.kr/brands/4740
BAN.DO,https://usercontents-c.styleshare.io/images/40157093/88x50,https://www.styleshare.kr/brands/4447
BCL,https://usercontents-c.styleshare.io/images/41303298/88x50,https://www.styleshare.kr/brands/2636
BMS,https://usercontents-c.styleshare.io/images/34979923/88x50,https://www.styleshare.kr/brands/3814
BONOAP,https://usercontents-c.styleshare.io/images/21148674/88x50,https://www.styleshare.kr/brands/2531
BRTC,https://usercontents-c.styleshare.io/images/40290776/88x50,https://www.styleshare.kr/brands/4467
BSQT,https://usercontents-c.styleshare.io/images/22039118/88x50,https://www.styleshare.kr/brands/2978
BT21,https://usercontents-c.styleshare.io/images/af2ffe4e-d5a9-4d32-b63f-9edbbc28551e/88x50,https://www.styleshare.kr/brands/4371
BTBG,https://usercontents-c.styleshare.io/images/31847097/88x50,https://www.styleshare.kr/brands/3672
BVH,https://usercontents-c.styleshare.io/images/19588208/88x50,https://www.styleshare.kr/brands/2150
Bass,https://usercontents-c.styleshare.io/images/24461467/88x50,https://www.styleshare.kr/brands/3332
CFC LAB,https://usercontents-c.styleshare.io/images/23895538/88x50,https://www.styleshare.kr/brands/2744
CHANCECHANCE,https://usercontents-c.styleshare.io/images/22856739/88x50,https://www.styleshare.kr/brands/3112
CHUCK,https://usercontents-c.styleshare.io/images/20027316/88x50,https://www.styleshare.kr/brands/2437
CK(캘빈클라인),https://usercontents-c.styleshare.io/images/b67667b6-2313-4ae3-81a1-02d8ab3b96bb/88x50,https://www.styleshare.kr/brands/2533
CLIGE,https://usercontents-c.styleshare.io/images/41431135/88x50,https://www.styleshare.kr/brands/4582
CP COMPANY,https://usercontents-c.styleshare.io/images/41086880/88x50,https://www.styleshare.kr/brands/4556
CP-1,https://usercontents-c.styleshare.io/images/23257469/88x50,https://www.styleshare.kr/brands/3123
CP컴퍼니,https://usercontents-c.styleshare.io/images/42759322/88x50,https://www.styleshare.kr/brands/4862
CRSHR,https://usercontents-c.styleshare.io/images/25964950/88x50,https://www.styleshare.kr/brands/2733
Calvin Klein(캘빈 클라인),https://usercontents-c.styleshare.io/images/39402900/88x50,https://www.styleshare.kr/brands/4350
DIEZ,https://usercontents-c.styleshare.io/images/24709522/88x50,https://www.styleshare.kr/brands/3359
DKNY,https://usercontents-c.styleshare.io/images/41466703/88x50,https://www.styleshare.kr/brands/4592
DTMC,https://usercontents-c.styleshare.io/images/42703636/88x50,https://www.styleshare.kr/brands/3522
Doctrine,https://usercontents-c.styleshare.io/images/25965344/88x50,https://www.styleshare.kr/brands/3362
ESN,https://usercontents-c.styleshare.io/images/38235178/88x50,https://www.styleshare.kr/brands/1414
ESOM,https://usercontents-c.styleshare.io/images/22614609/88x50,https://www.styleshare.kr/brands/3087
FCMM,https://usercontents-c.styleshare.io/images/41070167/88x50,https://www.styleshare.kr/brands/2859
FELLAS STUDIO1932,https://usercontents-c.styleshare.io/images/9d56fcbd-b8f1-4f33-93e1-e3a7f56a56c4/88x50,https://www.styleshare.kr/brands/3828
FHI,https://usercontents-c.styleshare.io/images/37157965/88x50,https://www.styleshare.kr/brands/2966
FILA,https://usercontents-c.styleshare.io/images/21198292/88x50,https://www.styleshare.kr/brands/2610
FM,https://usercontents-c.styleshare.io/images/42727104/88x50,https://www.styleshare.kr/brands/2718
GCDS,https://usercontents-c.styleshare.io/images/22434704/88x50,https://www.styleshare.kr/brands/4826
GEE,https://usercontents-c.styleshare.io/images/38620599/88x50,https://www.styleshare.kr/brands/3050
GRN,https://usercontents-c.styleshare.io/images/22499600/88x50,https://www.styleshare.kr/brands/4237
GUESS,https://usercontents-c.styleshare.io/images/4e378d77-76a2-41c2-8869-61f1d1cdee8f/88x50,https://www.styleshare.kr/brands/3068
HEAD(헤드),https://usercontents-c.styleshare.io/images/41650370/88x50,https://www.styleshare.kr/brands/4064
HEX-CODES,https://usercontents-c.styleshare.io/images/42112361/88x50,https://www.styleshare.kr/brands/4610
Herschel Supply (허쉘),https://usercontents-c.styleshare.io/images/24788190/88x50,https://www.styleshare.kr/brands/4697
Hi-kiki,https://usercontents-c.styleshare.io/images/23093617/88x50,https://www.styleshare.kr/brands/3369
IFOX,https://usercontents-c.styleshare.io/images/34240583/88x50,https://www.styleshare.kr/brands/3124
JM솔루션,https://usercontents-c.styleshare.io/images/42759309/88x50,https://www.styleshare.kr/brands/3869
JW앤더슨,https://usercontents-c.styleshare.io/images/20305175/88x50,https://www.styleshare.kr/brands/4842
LAF,https://usercontents-c.styleshare.io/images/41652435/88x50,https://www.styleshare.kr/brands/2454
LMN3011,https://usercontents-c.styleshare.io/images/31164400/88x50,https://www.styleshare.kr/brands/4611
LUK,https://usercontents-c.styleshare.io/images/24153330/88x50,https://www.styleshare.kr/brands/3336
M.U.S.T,https://usercontents-c.styleshare.io/images/42727696/88x50,https://www.styleshare.kr/brands/3306
MCM,https://usercontents-c.styleshare.io/images/40052757/88x50,https://www.styleshare.kr/brands/4831
MD638,https://usercontents-c.styleshare.io/images/25033552/88x50,https://www.styleshare.kr/brands/4433
MOL by more or less,https://usercontents-c.styleshare.io/images/25965059/88x50,https://www.styleshare.kr/brands/3409
MOOMIN(무민),https://usercontents-c.styleshare.io/images/41881333/88x50,https://www.styleshare.kr/brands/2514
MOTTA,https://usercontents-c.styleshare.io/images/37535733/88x50,https://www.styleshare.kr/brands/4650
MSMS,https://usercontents-c.styleshare.io/images/39069705/88x50,https://www.styleshare.kr/brands/4119
MY EYEZ ON YOU,https://usercontents-c.styleshare.io/images/21023906/88x50,https://www.styleshare.kr/brands/4324
MadeWellCase,https://usercontents-c.styleshare.io/images/24781749/88x50,https://www.styleshare.kr/brands/2668
Manipello,https://usercontents-c.styleshare.io/images/21086381/88x50,https://www.styleshare.kr/brands/3364
Ms.44,https://usercontents-c.styleshare.io/images/42756683/88x50,https://www.styleshare.kr/brands/2714
Msgm,https://usercontents-c.styleshare.io/images/23093612/88x50,https://www.styleshare.kr/brands/4838
NASV,https://usercontents-c.styleshare.io/images/35559607/88x50,https://www.styleshare.kr/brands/3121
NERDY(널디),https://usercontents-c.styleshare.io/images/40192525/88x50,https://www.styleshare.kr/brands/3981
NOMADIC,https://usercontents-c.styleshare.io/images/36841250/88x50,https://www.styleshare.kr/brands/4458
Natural World,https://usercontents-c.styleshare.io/images/34241227/88x50,https://www.styleshare.kr/brands/4089
OEL,https://usercontents-c.styleshare.io/images/36447459/88x50,https://www.styleshare.kr/brands/3379
OST,https://usercontents-c.styleshare.io/images/aa700a3d-ae9e-464c-847e-e65d37b89902/88x50,https://www.styleshare.kr/brands/2323
OVDY,https://usercontents-c.styleshare.io/images/19588220/88x50,https://www.styleshare.kr/brands/6159
PAPERSELF,https://usercontents-c.styleshare.io/images/21148781/88x50,https://www.styleshare.kr/brands/2324
PLACEMENT,https://usercontents-c.styleshare.io/images/34033657/88x50,https://www.styleshare.kr/brands/2087
POSITIVE.V,https://usercontents-c.styleshare.io/images/42787243/88x50,https://www.styleshare.kr/brands/3855
PT05,https://usercontents-c.styleshare.io/images/39069588/88x50,https://www.styleshare.kr/brands/4819
QUARQOR (쿼르코어),https://usercontents-c.styleshare.io/images/31698726/88x50,https://www.styleshare.kr/brands/4323
RAIN LATER NIGHT,https://usercontents-c.styleshare.io/images/41555705/88x50,https://www.styleshare.kr/brands/3647
RDC,https://usercontents-c.styleshare.io/images/32942882/88x50,https://www.styleshare.kr/brands/4601
RDVZ (알디브이제트),https://usercontents-c.styleshare.io/images/41450782/88x50,https://www.styleshare.kr/brands/3792
S2ND,https://usercontents-c.styleshare.io/images/39946819/88x50,https://www.styleshare.kr/brands/4588
SAC,https://usercontents-c.styleshare.io/images/38479391/88x50,https://www.styleshare.kr/brands/4408
SKIN04,https://usercontents-c.styleshare.io/images/2604d885-44cb-4767-ae92-caa9895773ee/88x50,https://www.styleshare.kr/brands/4227
SMA SHOES,https://usercontents-c.styleshare.io/images/38917415/88x50,https://www.styleshare.kr/brands/6180
SNRD,https://usercontents-c.styleshare.io/images/32177704/88x50,https://www.styleshare.kr/brands/3171
SOAP,https://usercontents-c.styleshare.io/images/22161171/88x50,https://www.styleshare.kr/brands/3712
SOF,https://usercontents-c.styleshare.io/images/38133090/88x50,https://www.styleshare.kr/brands/2985
SSRL,https://usercontents-c.styleshare.io/images/20695227/88x50,https://www.styleshare.kr/brands/3969
STRA-W,https://usercontents-c.styleshare.io/images/25236974/88x50,https://www.styleshare.kr/brands/2607
SWITFISH,https://usercontents-c.styleshare.io/images/25447203/88x50,https://www.styleshare.kr/brands/3479
SWSW,https://usercontents-c.styleshare.io/images/33848375/88x50,https://www.styleshare.kr/brands/3533
TALKS,https://usercontents-c.styleshare.io/images/37136391/88x50,https://www.styleshare.kr/brands/3824
TBJ,https://usercontents-c.styleshare.io/images/25064236/88x50,https://www.styleshare.kr/brands/4104
TMO BY 13MONTH,https://usercontents-c.styleshare.io/images/22380634/88x50,https://www.styleshare.kr/brands/3444
TOi,https://usercontents-c.styleshare.io/images/0a75bd0c-61b7-4463-a62e-3b5f3201b747/88x50,https://www.styleshare.kr/brands/3040
TPSY,https://usercontents-c.styleshare.io/images/22499581/88x50,https://www.styleshare.kr/brands/6134
TRIWA,https://usercontents-c.styleshare.io/images/255bfe3b-faa0-4610-aece-1b143216193b/88x50,https://www.styleshare.kr/brands/3067
TWN,https://usercontents-c.styleshare.io/images/35465535/88x50,https://www.styleshare.kr/brands/3063
TiPi,https://usercontents-c.styleshare.io/images/42382622/88x50,https://www.styleshare.kr/brands/3980
UGG,https://usercontents-c.styleshare.io/images/37741065/88x50,https://www.styleshare.kr/brands/3198
UMM,https://usercontents-c.styleshare.io/images/32789023/88x50,https://www.styleshare.kr/brands/2960
URBANOIZ,https://usercontents-c.styleshare.io/images/35213915/88x50,https://www.styleshare.kr/brands/2746
URBANSCAPE,https://usercontents-c.styleshare.io/images/41895791/88x50,https://www.styleshare.kr/brands/3953
US by StyleShare,https://usercontents-c.styleshare.io/images/38557305/88x50,https://www.styleshare.kr/brands/4548
VDL,https://usercontents-c.styleshare.io/images/41881325/88x50,https://www.styleshare.kr/brands/3194
VICRILA,https://usercontents-c.styleshare.io/images/41881320/88x50,https://www.styleshare.kr/brands/4649
VISIONGLASS,https://usercontents-c.styleshare.io/images/40034273/88x50,https://www.styleshare.kr/brands/4648
VT,https://usercontents-c.styleshare.io/images/25965081/88x50,https://www.styleshare.kr/brands/4422
W.피부연구소,https://usercontents-c.styleshare.io/images/21800422/88x50,https://www.styleshare.kr/brands/2876
W7,https://usercontents-c.styleshare.io/images/38840592/88x50,https://www.styleshare.kr/brands/2830
WEGO,https://usercontents-c.styleshare.io/images/25521899/88x50,https://www.styleshare.kr/brands/2918
WINCO(윈코),https://usercontents-c.styleshare.io/images/33215475/88x50,https://www.styleshare.kr/brands/4300
WINNER meets Styleshare,https://usercontents-c.styleshare.io/images/19588233/88x50,https://www.styleshare.kr/brands/3598
W♡C by WEGO,https://usercontents-c.styleshare.io/images/42863641/88x50,https://www.styleshare.kr/brands/3398
W피부연구소,https://usercontents-c.styleshare.io/images/25965368/88x50,https://www.styleshare.kr/brands/3805
XXIX,https://usercontents-c.styleshare.io/images/d9ebe91b-bc14-434d-8d89-721161d03019/88x50,https://www.styleshare.kr/brands/2065
XXXY (쓰리엑스와이),https://usercontents-c.styleshare.io/images/42759269/88x50,https://www.styleshare.kr/brands/4915
Xmm,https://usercontents-c.styleshare.io/images/22816985/88x50,https://www.styleshare.kr/brands/3262
Y-3,https://usercontents-c.styleshare.io/images/25154287/88x50,https://www.styleshare.kr/brands/3240
Y3,https://usercontents-c.styleshare.io/images/20956001/88x50,https://www.styleshare.kr/brands/4860
YAN13,https://usercontents-c.styleshare.io/images/23302691/88x50,https://www.styleshare.kr/brands/2982
YOA,https://usercontents-c.styleshare.io/images/25965116/88x50,https://www.styleshare.kr/brands/3461
YUYUUHADA,https://usercontents-c.styleshare.io/images/36721904/88x50,https://www.styleshare.kr/brands/2670
asasm,https://usercontents-c.styleshare.io/images/33597396/88x50,https://www.styleshare.kr/brands/3165
elf,https://usercontents-c.styleshare.io/images/35038093/88x50,https://www.styleshare.kr/brands/2972
ellesse,https://usercontents-c.styleshare.io/images/39930194/88x50,https://www.styleshare.kr/brands/3907
keek(키크),https://usercontents-c.styleshare.io/images/25965158/88x50,https://www.styleshare.kr/brands/3838
keen,https://usercontents-c.styleshare.io/images/35648784/88x50,https://www.styleshare.kr/brands/2806
meetmetmeet,https://usercontents-c.styleshare.io/images/42943771/88x50,https://www.styleshare.kr/brands/4400
mgmg studio,https://usercontents-c.styleshare.io/images/21940464/88x50,https://www.styleshare.kr/brands/556
#OOTD,https://usercontents-c.styleshare.io/images/34706206/88x50,https://www.styleshare.kr/brands/3897
0.387AU,https://usercontents-c.styleshare.io/images/35768564/88x50,https://www.styleshare.kr/brands/2902
100%퓨어,https://usercontents-c.styleshare.io/images/31165192/88x50,https://www.styleshare.kr/brands/3625
134MM,https://usercontents-c.styleshare.io/images/40364602/88x50,https://www.styleshare.kr/brands/4473
13MONTH,https://usercontents-c.styleshare.io/images/25064232/88x50,https://www.styleshare.kr/brands/4
14스튜디오,https://usercontents-c.styleshare.io/images/29881195/88x50,https://www.styleshare.kr/brands/3608
1507,https://usercontents-c.styleshare.io/images/40432543/88x50,https://www.styleshare.kr/brands/2544
1537,https://usercontents-c.styleshare.io/images/25155512/88x50,https://www.styleshare.kr/brands/3462
168cm,https://usercontents-c.styleshare.io/images/42684196/88x50,https://www.styleshare.kr/brands/3589
16브랜드,https://usercontents-c.styleshare.io/images/20699101/88x50,https://www.styleshare.kr/brands/2623
1993스튜디오,https://usercontents-c.styleshare.io/images/43213703/88x50,https://www.styleshare.kr/brands/2206
1am,https://usercontents-c.styleshare.io/images/39980102/88x50,https://www.styleshare.kr/brands/4416
227,https://usercontents-c.styleshare.io/images/22170796/88x50,https://www.styleshare.kr/brands/3003
23.65,https://usercontents-c.styleshare.io/images/41829658/88x50,https://www.styleshare.kr/brands/1999
247seoul,https://usercontents-c.styleshare.io/images/42173339/88x50,https://www.styleshare.kr/brands/3955
24BRITKIM,https://usercontents-c.styleshare.io/images/23113244/88x50,https://www.styleshare.kr/brands/2784
251w,https://usercontents-c.styleshare.io/images/25965415/88x50,https://www.styleshare.kr/brands/2688
2931,https://usercontents-c.styleshare.io/images/25965444/88x50,https://www.styleshare.kr/brands/2947
2CUBE,https://usercontents-c.styleshare.io/images/18791589/88x50,https://www.styleshare.kr/brands/11
320쇼룸,https://usercontents-c.styleshare.io/images/32608494/88x50,https://www.styleshare.kr/brands/3756
377인터내셔널,https://usercontents-c.styleshare.io/images/2fafc421-cb2a-4d0d-b7e4-a8756811e5dc/88x50,https://www.styleshare.kr/brands/6176
3CE,https://usercontents-c.styleshare.io/images/42283477/88x50,https://www.styleshare.kr/brands/4728
3M 넥스케어,https://usercontents-c.styleshare.io/images/40369374/88x50,https://www.styleshare.kr/brands/4476
47브랜드,https://usercontents-c.styleshare.io/images/24694438/88x50,https://www.styleshare.kr/brands/3357
4XR,https://usercontents-c.styleshare.io/images/40051492/88x50,https://www.styleshare.kr/brands/4430
82seoul,https://usercontents-c.styleshare.io/images/41197642/88x50,https://www.styleshare.kr/brands/4569
925 FACTORY,https://usercontents-c.styleshare.io/images/24805610/88x50,https://www.styleshare.kr/brands/3374
9c9c,https://usercontents-c.styleshare.io/images/34707032/88x50,https://www.styleshare.kr/brands/3898