라 클라우드나인,https://usercontents-c.styleshare.io/images/31823428/88x50,https://www.styleshare.kr/brands/3663
라네즈,https://usercontents-c.styleshare.io/images/43228654/88x50,https://www.styleshare.kr/brands/5020
라뇨,https://usercontents-c.styleshare.io/images/22672375/88x50,https://www.styleshare.kr/brands/3093
라라,https://usercontents-c.styleshare.io/images/25250630/88x50,https://www.styleshare.kr/brands/3484
라라퍼프,https://usercontents-c.styleshare.io/images/36690915/88x50,https://www.styleshare.kr/brands/4078
라로슈포제,https://usercontents-c.styleshare.io/images/24294829/88x50,https://www.styleshare.kr/brands/2866
라르끄,https://usercontents-c.styleshare.io/images/21276458/88x50,https://www.styleshare.kr/brands/2647
라모드치프,https://usercontents-c.styleshare.io/images/22380803/88x50,https://www.styleshare.kr/brands/3042
라뮤엣,https://usercontents-c.styleshare.io/images/899f1fab-e652-4c93-8edf-337de10919d8/88x50,https://www.styleshare.kr/brands/6127
라미,https://usercontents-c.styleshare.io/images/40503888/88x50,https://www.styleshare.kr/brands/4491
라벤트 아이웨어,https://usercontents-c.styleshare.io/images/38789675/88x50,https://www.styleshare.kr/brands/4282
라벨영,https://usercontents-c.styleshare.io/images/19093192/88x50,https://www.styleshare.kr/brands/2282
라보타치,https://usercontents-c.styleshare.io/images/36034347/88x50,https://www.styleshare.kr/brands/4022
라보티카,https://usercontents-c.styleshare.io/images/43214313/88x50,https://www.styleshare.kr/brands/4094
라본,https://usercontents-c.styleshare.io/images/42916008/88x50,https://www.styleshare.kr/brands/4933
라비퀸,https://usercontents-c.styleshare.io/images/42481557/88x50,https://www.styleshare.kr/brands/4763
라비템,https://usercontents-c.styleshare.io/images/32103873/88x50,https://www.styleshare.kr/brands/3703
라빈,https://usercontents-c.styleshare.io/images/31893313/88x50,https://www.styleshare.kr/brands/3686
라빠레뜨,https://usercontents-c.styleshare.io/images/38684162/88x50,https://www.styleshare.kr/brands/4276
라빠레뜨뷰티,https://usercontents-c.styleshare.io/images/38727927/88x50,https://www.styleshare.kr/brands/4277
라스네임,https://usercontents-c.styleshare.io/images/21208829/88x50,https://www.styleshare.kr/brands/2603
라씨엘르,https://usercontents-c.styleshare.io/images/32426031/88x50,https://www.styleshare.kr/brands/3730
라엘,https://usercontents-c.styleshare.io/images/31734866/88x50,https://www.styleshare.kr/brands/3655
라온,https://usercontents-c.styleshare.io/images/39558941/88x50,https://www.styleshare.kr/brands/4358
라우만,https://usercontents-c.styleshare.io/images/c078c7b9-be04-45d8-8b7b-f0570b98e30f/88x50,https://www.styleshare.kr/brands/6179
라운드랩,https://usercontents-c.styleshare.io/images/42997774/88x50,https://www.styleshare.kr/brands/3035
라울루,https://usercontents-c.styleshare.io/images/42946572/88x50,https://www.styleshare.kr/brands/4943
라이커불,https://usercontents-c.styleshare.io/images/32853094/88x50,https://www.styleshare.kr/brands/3777
라이크라이즈,https://usercontents-c.styleshare.io/images/39769899/88x50,https://www.styleshare.kr/brands/4380
라이크로렐,https://usercontents-c.styleshare.io/images/25245774/88x50,https://www.styleshare.kr/brands/3483
라이크리빙,https://usercontents-c.styleshare.io/images/41524952/88x50,https://www.styleshare.kr/brands/4595
라이크잇,https://usercontents-c.styleshare.io/images/43012998/88x50,https://www.styleshare.kr/brands/4971
라이트플레이스,https://usercontents-c.styleshare.io/images/25510309/88x50,https://www.styleshare.kr/brands/3545
라이프 4.0,https://usercontents-c.styleshare.io/images/25965490/88x50,https://www.styleshare.kr/brands/3523
라이프글램,https://usercontents-c.styleshare.io/images/34696505/88x50,https://www.styleshare.kr/brands/3889
라인프렌즈,https://usercontents-c.styleshare.io/images/e501d470-b830-4880-9b2a-49429ea309df/88x50,https://www.styleshare.kr/brands/4372
라일라비,https://usercontents-c.styleshare.io/images/35933723/88x50,https://www.styleshare.kr/brands/4017
라임코스메틱,https://usercontents-c.styleshare.io/images/e998ce71-3cd5-4b0f-bd45-72355a4ad361/88x50,https://www.styleshare.kr/brands/6121
라잇루트,https://usercontents-c.styleshare.io/images/42296518/88x50,https://www.styleshare.kr/brands/3197
라카이,https://usercontents-c.styleshare.io/images/18795759/88x50,https://www.styleshare.kr/brands/347
라코스테,https://usercontents-c.styleshare.io/images/18795760/88x50,https://www.styleshare.kr/brands/348
라쿠진,https://usercontents-c.styleshare.io/images/42852998/88x50,https://www.styleshare.kr/brands/4913
라클리아(raclia),https://usercontents-c.styleshare.io/images/42724360/88x50,https://www.styleshare.kr/brands/2184
라템,https://usercontents-c.styleshare.io/images/21025432/88x50,https://www.styleshare.kr/brands/2397
라퍼지스토어,https://usercontents-c.styleshare.io/images/22226063/88x50,https://www.styleshare.kr/brands/3015
라포티셀,https://usercontents-c.styleshare.io/images/21152864/88x50,https://www.styleshare.kr/brands/2464
라흐티,https://usercontents-c.styleshare.io/images/18296169/88x50,https://www.styleshare.kr/brands/2018
락컬러,https://usercontents-c.styleshare.io/images/32531383/88x50,https://www.styleshare.kr/brands/3739
락토퓨어,https://usercontents-c.styleshare.io/images/42705411/88x50,https://www.styleshare.kr/brands/4797
락티브,https://usercontents-c.styleshare.io/images/40814211/88x50,https://www.styleshare.kr/brands/4525
락포트,https://usercontents-c.styleshare.io/images/21193006/88x50,https://www.styleshare.kr/brands/2336
락피쉬,https://usercontents-c.styleshare.io/images/18819431/88x50,https://www.styleshare.kr/brands/2016
람보르기니,https://usercontents-c.styleshare.io/images/42283604/88x50,https://www.styleshare.kr/brands/4731
랑방,https://usercontents-c.styleshare.io/images/19281946/88x50,https://www.styleshare.kr/brands/2243
래스칼,https://usercontents-c.styleshare.io/images/25502326/88x50,https://www.styleshare.kr/brands/2071
램배스트,https://usercontents-c.styleshare.io/images/18819474/88x50,https://www.styleshare.kr/brands/375
랩코스,https://usercontents-c.styleshare.io/images/24533253/88x50,https://www.styleshare.kr/brands/2990
러기드하우스,https://usercontents-c.styleshare.io/images/21269827/88x50,https://www.styleshare.kr/brands/2756
러닝하이,https://usercontents-c.styleshare.io/images/19043818/88x50,https://www.styleshare.kr/brands/379
러브이즈트루(LUVISTRUE),https://usercontents-c.styleshare.io/images/41831837/88x50,https://www.styleshare.kr/brands/4644
러비더비,https://usercontents-c.styleshare.io/images/18819531/88x50,https://www.styleshare.kr/brands/2153
러셀 애슬레틱,https://usercontents-c.styleshare.io/images/34962315/88x50,https://www.styleshare.kr/brands/3915
럭키다이스,https://usercontents-c.styleshare.io/images/40818149/88x50,https://www.styleshare.kr/brands/4528
런디에스,https://usercontents-c.styleshare.io/images/18819570/88x50,https://www.styleshare.kr/brands/386
레겐보겐,https://usercontents-c.styleshare.io/images/41288202/88x50,https://www.styleshare.kr/brands/3657
레그넷(REGNET),https://usercontents-c.styleshare.io/images/37134699/88x50,https://www.styleshare.kr/brands/4092
레노마(renoma),https://usercontents-c.styleshare.io/images/42098754/88x50,https://www.styleshare.kr/brands/4693
레드쿠키,https://usercontents-c.styleshare.io/images/41530964/88x50,https://www.styleshare.kr/brands/4597
레드퀸,https://usercontents-c.styleshare.io/images/25437378/88x50,https://www.styleshare.kr/brands/3532
레모닝,https://usercontents-c.styleshare.io/images/42929978/88x50,https://www.styleshare.kr/brands/4941
레베니아,https://usercontents-c.styleshare.io/images/21967402/88x50,https://www.styleshare.kr/brands/2955
레브(REVE),https://usercontents-c.styleshare.io/images/41703880/88x50,https://www.styleshare.kr/brands/4612
레브넛,https://usercontents-c.styleshare.io/images/18819643/88x50,https://www.styleshare.kr/brands/2000
레브론,https://usercontents-c.styleshare.io/images/43235128/88x50,https://www.styleshare.kr/brands/1985
레스옴므,https://usercontents-c.styleshare.io/images/42787263/88x50,https://www.styleshare.kr/brands/4821
레아라킨,https://usercontents-c.styleshare.io/images/42034211/88x50,https://www.styleshare.kr/brands/4397
레이나모라,https://usercontents-c.styleshare.io/images/42273433/88x50,https://www.styleshare.kr/brands/4723
레이나퍼퓸,https://usercontents-c.styleshare.io/images/38603761/88x50,https://www.styleshare.kr/brands/4263
레이지띵(LAZYTHING),https://usercontents-c.styleshare.io/images/41814726/88x50,https://www.styleshare.kr/brands/4643
레이지라운지,https://usercontents-c.styleshare.io/images/32074238/88x50,https://www.styleshare.kr/brands/3695
레인보우퍼퓸,https://usercontents-c.styleshare.io/images/35724299/88x50,https://www.styleshare.kr/brands/3997
레쥬베라,https://usercontents-c.styleshare.io/images/31841091/88x50,https://www.styleshare.kr/brands/3624
레터프롬문,https://usercontents-c.styleshare.io/images/37776322/88x50,https://www.styleshare.kr/brands/4134
레페토,https://usercontents-c.styleshare.io/images/42759112/88x50,https://www.styleshare.kr/brands/4856
레프트엑스엑스엑스,https://usercontents-c.styleshare.io/images/18819688/88x50,https://www.styleshare.kr/brands/2126
로너,https://usercontents-c.styleshare.io/images/23178136/88x50,https://www.styleshare.kr/brands/2342
로더마인,https://usercontents-c.styleshare.io/images/cff5e311-04b9-4624-809e-858873239890/88x50,https://www.styleshare.kr/brands/6185
로디스,https://usercontents-c.styleshare.io/images/20314957/88x50,https://www.styleshare.kr/brands/2485
로라,https://usercontents-c.styleshare.io/images/31165182/88x50,https://www.styleshare.kr/brands/3623
로라로라,https://usercontents-c.styleshare.io/images/28456313/88x50,https://www.styleshare.kr/brands/3596
로램스,https://usercontents-c.styleshare.io/images/41526582/88x50,https://www.styleshare.kr/brands/4162
로로팝,https://usercontents-c.styleshare.io/images/23616635/88x50,https://www.styleshare.kr/brands/3201
로리앤첼,https://usercontents-c.styleshare.io/images/38003592/88x50,https://www.styleshare.kr/brands/4161
로마네,https://usercontents-c.styleshare.io/images/84de97a1-caf9-4864-b9b0-08de089e9182/88x50,https://www.styleshare.kr/brands/6124
로망판다,https://usercontents-c.styleshare.io/images/35724294/88x50,https://www.styleshare.kr/brands/3996
로몬,https://usercontents-c.styleshare.io/images/18819711/88x50,https://www.styleshare.kr/brands/2035
로스코,https://usercontents-c.styleshare.io/images/19010267/88x50,https://www.styleshare.kr/brands/431
로스팅마스터즈 빈투바,https://usercontents-c.styleshare.io/images/6ff2c166-d0e6-475b-9b28-419b36d5bef6/88x50,https://www.styleshare.kr/brands/6132
로씨로씨,https://usercontents-c.styleshare.io/images/42219306/88x50,https://www.styleshare.kr/brands/4715
로아드로아,https://usercontents-c.styleshare.io/images/31201040/88x50,https://www.styleshare.kr/brands/2481
로얄라이프,https://usercontents-c.styleshare.io/images/39618916/88x50,https://www.styleshare.kr/brands/3476
로어서울,https://usercontents-c.styleshare.io/images/39913170/88x50,https://www.styleshare.kr/brands/4393
로에베,https://usercontents-c.styleshare.io/images/42727703/88x50,https://www.styleshare.kr/brands/4832
로에일,https://usercontents-c.styleshare.io/images/39088150/88x50,https://www.styleshare.kr/brands/4325
로엘브,https://usercontents-c.styleshare.io/images/40504995/88x50,https://www.styleshare.kr/brands/4493
로엠,https://usercontents-c.styleshare.io/images/38347339/88x50,https://www.styleshare.kr/brands/2616
로우로우,https://usercontents-c.styleshare.io/images/35487513/88x50,https://www.styleshare.kr/brands/436
로울프,https://usercontents-c.styleshare.io/images/20841139/88x50,https://www.styleshare.kr/brands/2644
로이드,https://usercontents-c.styleshare.io/images/41100254/88x50,https://www.styleshare.kr/brands/2396
로이터,https://usercontents-c.styleshare.io/images/25217896/88x50,https://www.styleshare.kr/brands/3206
로즈마인,https://usercontents-c.styleshare.io/images/25367531/88x50,https://www.styleshare.kr/brands/3504
로즈오브샤론,https://usercontents-c.styleshare.io/images/42271505/88x50,https://www.styleshare.kr/brands/4720
로지텍,https://usercontents-c.styleshare.io/images/d01bbceb-dfa1-4f60-a21b-3296b7db42b1/88x50,https://www.styleshare.kr/brands/6168
로켓런치,https://usercontents-c.styleshare.io/images/19010283/88x50,https://www.styleshare.kr/brands/442
로트리,https://usercontents-c.styleshare.io/images/18861675/88x50,https://www.styleshare.kr/brands/2183
로피타,https://usercontents-c.styleshare.io/images/39961552/88x50,https://www.styleshare.kr/brands/4412
록시땅,https://usercontents-c.styleshare.io/images/a1ac73d9-c5b9-4ad8-ae4d-a363445b49d6/88x50,https://www.styleshare.kr/brands/3767
론론,https://usercontents-c.styleshare.io/images/33769401/88x50,https://www.styleshare.kr/brands/4122
론토,https://usercontents-c.styleshare.io/images/21193055/88x50,https://www.styleshare.kr/brands/3845
롤리타렘피카,https://usercontents-c.styleshare.io/images/24063707/88x50,https://www.styleshare.kr/brands/2549
롤리탑,https://usercontents-c.styleshare.io/images/39998050/88x50,https://www.styleshare.kr/brands/3291
롬앤,https://usercontents-c.styleshare.io/images/42759092/88x50,https://www.styleshare.kr/brands/3531
롱샴,https://usercontents-c.styleshare.io/images/19010291/88x50,https://www.styleshare.kr/brands/4854
루나(뷰티),https://usercontents-c.styleshare.io/images/18862486/88x50,https://www.styleshare.kr/brands/2003
루나(슈즈),https://usercontents-c.styleshare.io/images/24853469/88x50,https://www.styleshare.kr/brands/2154
루나리스,https://usercontents-c.styleshare.io/images/38254635/88x50,https://www.styleshare.kr/brands/3382
루나삭스,https://usercontents-c.styleshare.io/images/23291435/88x50,https://www.styleshare.kr/brands/4194
루나시,https://usercontents-c.styleshare.io/images/42824361/88x50,https://www.styleshare.kr/brands/3159
루드,https://usercontents-c.styleshare.io/images/21086379/88x50,https://www.styleshare.kr/brands/4906
루루룬,https://usercontents-c.styleshare.io/images/40414529/88x50,https://www.styleshare.kr/brands/2713
루벨라,https://usercontents-c.styleshare.io/images/33595412/88x50,https://www.styleshare.kr/brands/4483
루시다,https://usercontents-c.styleshare.io/images/23733098/88x50,https://www.styleshare.kr/brands/3832
루시드갤러리,https://usercontents-c.styleshare.io/images/32951062/88x50,https://www.styleshare.kr/brands/3244
루씨네일,https://usercontents-c.styleshare.io/images/19010302/88x50,https://www.styleshare.kr/brands/3795
루어스트,https://usercontents-c.styleshare.io/images/42706590/88x50,https://www.styleshare.kr/brands/2042
루이본,https://usercontents-c.styleshare.io/images/42618219/88x50,https://www.styleshare.kr/brands/4798
루이비통,https://usercontents-c.styleshare.io/images/42283606/88x50,https://www.styleshare.kr/brands/4781
루치아노 소프라니,https://usercontents-c.styleshare.io/images/32074241/88x50,https://www.styleshare.kr/brands/4732
루카랩,https://usercontents-c.styleshare.io/images/38255613/88x50,https://www.styleshare.kr/brands/3694
루킨,https://usercontents-c.styleshare.io/images/21246246/88x50,https://www.styleshare.kr/brands/4190
루틴,https://usercontents-c.styleshare.io/images/19010303/88x50,https://www.styleshare.kr/brands/2751
루틴 프로젝트,https://usercontents-c.styleshare.io/images/20968624/88x50,https://www.styleshare.kr/brands/461
루흠,https://usercontents-c.styleshare.io/images/35059238/88x50,https://www.styleshare.kr/brands/2649
룬케이브,https://usercontents-c.styleshare.io/images/42345068/88x50,https://www.styleshare.kr/brands/3928
르꼬끄,https://usercontents-c.styleshare.io/images/39930621/88x50,https://www.styleshare.kr/brands/3072
르나드블랑,https://usercontents-c.styleshare.io/images/42127924/88x50,https://www.styleshare.kr/brands/4401
르네휘테르,https://usercontents-c.styleshare.io/images/19570982/88x50,https://www.styleshare.kr/brands/2871
르마스크,https://usercontents-c.styleshare.io/images/42940746/88x50,https://www.styleshare.kr/brands/4539
르마인,https://usercontents-c.styleshare.io/images/38682099/88x50,https://www.styleshare.kr/brands/2237
르미니마카롱,https://usercontents-c.styleshare.io/images/19010305/88x50,https://www.styleshare.kr/brands/4942
르바디,https://usercontents-c.styleshare.io/images/40818917/88x50,https://www.styleshare.kr/brands/4262
르반,https://usercontents-c.styleshare.io/images/25514353/88x50,https://www.styleshare.kr/brands/467
르오에스,https://usercontents-c.styleshare.io/images/18421681/88x50,https://www.styleshare.kr/brands/4530
르플랑,https://usercontents-c.styleshare.io/images/38816972/88x50,https://www.styleshare.kr/brands/3558
리끌로우,https://usercontents-c.styleshare.io/images/37021100/88x50,https://www.styleshare.kr/brands/471
리나인,https://usercontents-c.styleshare.io/images/32732970/88x50,https://www.styleshare.kr/brands/4295
리더스,https://usercontents-c.styleshare.io/images/43228660/88x50,https://www.styleshare.kr/brands/4095
리르,https://usercontents-c.styleshare.io/images/25574383/88x50,https://www.styleshare.kr/brands/3559
리리코스,https://usercontents-c.styleshare.io/images/32947687/88x50,https://www.styleshare.kr/brands/5021
리메세,https://usercontents-c.styleshare.io/images/22772704/88x50,https://www.styleshare.kr/brands/3574
리바이스,https://usercontents-c.styleshare.io/images/39790183/88x50,https://www.styleshare.kr/brands/3793
리버설,https://usercontents-c.styleshare.io/images/25785269/88x50,https://www.styleshare.kr/brands/3105
리베라(LIBERA),https://usercontents-c.styleshare.io/images/19010310/88x50,https://www.styleshare.kr/brands/4384
리베르테,https://usercontents-c.styleshare.io/images/31655656/88x50,https://www.styleshare.kr/brands/3225
리베르텡,https://usercontents-c.styleshare.io/images/21149208/88x50,https://www.styleshare.kr/brands/3321
리복,https://usercontents-c.styleshare.io/images/29882745/88x50,https://www.styleshare.kr/brands/479
리사벨,https://usercontents-c.styleshare.io/images/25382081/88x50,https://www.styleshare.kr/brands/3524
리스펙트,https://usercontents-c.styleshare.io/images/37723798/88x50,https://www.styleshare.kr/brands/2553
리얼라이제이션,https://usercontents-c.styleshare.io/images/38619895/88x50,https://www.styleshare.kr/brands/3613
리얼베리어,https://usercontents-c.styleshare.io/images/21156252/88x50,https://www.styleshare.kr/brands/3517
리얼스킨 [REALSKIN],https://usercontents-c.styleshare.io/images/41496256/88x50,https://www.styleshare.kr/brands/4127
리얼테크닉스,https://usercontents-c.styleshare.io/images/21269450/88x50,https://www.styleshare.kr/brands/4267
리쥬네브,https://usercontents-c.styleshare.io/images/36289999/88x50,https://www.styleshare.kr/brands/2144
리플라이퍼키,https://usercontents-c.styleshare.io/images/38682401/88x50,https://www.styleshare.kr/brands/2798
리플레이컨테이너,https://usercontents-c.styleshare.io/images/42759357/88x50,https://www.styleshare.kr/brands/2022
리피속눈썹,https://usercontents-c.styleshare.io/images/19899784/88x50,https://www.styleshare.kr/brands/4040
리훈,https://usercontents-c.styleshare.io/images/40434168/88x50,https://www.styleshare.kr/brands/4275
릭오웬스,https://usercontents-c.styleshare.io/images/41553849/88x50,https://www.styleshare.kr/brands/4846
린량,https://usercontents-c.styleshare.io/images/19558386/88x50,https://www.styleshare.kr/brands/2468
릴리바이레드,https://usercontents-c.styleshare.io/images/19558413/88x50,https://www.styleshare.kr/brands/2750
림멜,https://usercontents-c.styleshare.io/images/33370692/88x50,https://www.styleshare.kr/brands/4599
마나,https://usercontents-c.styleshare.io/images/43114475/88x50,https://www.styleshare.kr/brands/5004
마나비스세븐,https://usercontents-c.styleshare.io/images/33491385/88x50,https://www.styleshare.kr/brands/3829
마네스,https://usercontents-c.styleshare.io/images/25512336/88x50,https://www.styleshare.kr/brands/2443
마니마니,https://usercontents-c.styleshare.io/images/34981036/88x50,https://www.styleshare.kr/brands/3920
마댕,https://usercontents-c.styleshare.io/images/36723838/88x50,https://www.styleshare.kr/brands/4086
마데카21,https://usercontents-c.styleshare.io/images/29882383/88x50,https://www.styleshare.kr/brands/3611
마루빌츠,https://usercontents-c.styleshare.io/images/36666917/88x50,https://www.styleshare.kr/brands/4074
마르니,https://usercontents-c.styleshare.io/images/42759367/88x50,https://www.styleshare.kr/brands/4864
마르마르,https://usercontents-c.styleshare.io/images/41417106/88x50,https://www.styleshare.kr/brands/4555
마르셀로불론,https://usercontents-c.styleshare.io/images/42849220/88x50,https://www.styleshare.kr/brands/4878
마리몬드,https://usercontents-c.styleshare.io/images/18862222/88x50,https://www.styleshare.kr/brands/2049
마리질랭,https://usercontents-c.styleshare.io/images/39946615/88x50,https://www.styleshare.kr/brands/4407
마마마,https://usercontents-c.styleshare.io/images/37863266/88x50,https://www.styleshare.kr/brands/4142
마몽드,https://usercontents-c.styleshare.io/images/43228668/88x50,https://www.styleshare.kr/brands/2506
마블,https://usercontents-c.styleshare.io/images/23394986/88x50,https://www.styleshare.kr/brands/3185
마스마룰즈,https://usercontents-c.styleshare.io/images/41166887/88x50,https://www.styleshare.kr/brands/4564
마에다류토,https://usercontents-c.styleshare.io/images/35750006/88x50,https://www.styleshare.kr/brands/4003
마이밀,https://usercontents-c.styleshare.io/images/39980403/88x50,https://www.styleshare.kr/brands/4417
마이뷰티다이어리,https://usercontents-c.styleshare.io/images/23739531/88x50,https://www.styleshare.kr/brands/3253
마이애미프로젝트,https://usercontents-c.styleshare.io/images/40022172/88x50,https://www.styleshare.kr/brands/4421
마이클코어스,https://usercontents-c.styleshare.io/images/42849183/88x50,https://www.styleshare.kr/brands/4877
마제스틱,https://usercontents-c.styleshare.io/images/35232770/88x50,https://www.styleshare.kr/brands/3936
마지언타이틀,https://usercontents-c.styleshare.io/images/40755583/88x50,https://www.styleshare.kr/brands/4519
마케리마케,https://usercontents-c.styleshare.io/images/19335030/88x50,https://www.styleshare.kr/brands/2212
마켓비,https://usercontents-c.styleshare.io/images/41998313/88x50,https://www.styleshare.kr/brands/4676
마크모크,https://usercontents-c.styleshare.io/images/19010318/88x50,https://www.styleshare.kr/brands/2002
마크에이토리,https://usercontents-c.styleshare.io/images/5fa0cb6b-dd42-440d-8df9-58f25bcbb6d5/88x50,https://www.styleshare.kr/brands/6173
마크제이콥스,https://usercontents-c.styleshare.io/images/19281899/88x50,https://www.styleshare.kr/brands/2256
마키 MAQI,https://usercontents-c.styleshare.io/images/43113297/88x50,https://www.styleshare.kr/brands/5000
막스마라,https://usercontents-c.styleshare.io/images/43025713/88x50,https://www.styleshare.kr/brands/4973
말리부,https://usercontents-c.styleshare.io/images/21615912/88x50,https://www.styleshare.kr/brands/2852
매니퀸,https://usercontents-c.styleshare.io/images/19010319/88x50,https://www.styleshare.kr/brands/536
매드마르스,https://usercontents-c.styleshare.io/images/18421691/88x50,https://www.styleshare.kr/brands/1277
매든,https://usercontents-c.styleshare.io/images/25042933/88x50,https://www.styleshare.kr/brands/3420
매스노운,https://usercontents-c.styleshare.io/images/20020964/88x50,https://www.styleshare.kr/brands/2486
매시브,https://usercontents-c.styleshare.io/images/a2e6b2aa-e86e-4eae-a946-9c7e73f3439d/88x50,https://www.styleshare.kr/brands/6110
매치글로브,https://usercontents-c.styleshare.io/images/39163317/88x50,https://www.styleshare.kr/brands/4329
맥,https://usercontents-c.styleshare.io/images/18719443/88x50,https://www.styleshare.kr/brands/3297
맥앤칩스,https://usercontents-c.styleshare.io/images/42727159/88x50,https://www.styleshare.kr/brands/2198
맥케이지,https://usercontents-c.styleshare.io/images/43122497/88x50,https://www.styleshare.kr/brands/4828
맥퀸,https://usercontents-c.styleshare.io/images/32712941/88x50,https://www.styleshare.kr/brands/2015
맨하탄 포티지(Manhattan Portage),https://usercontents-c.styleshare.io/images/22510053/88x50,https://www.styleshare.kr/brands/3757
머지(MERZY),https://usercontents-c.styleshare.io/images/35311349/88x50,https://www.styleshare.kr/brands/3051
머프,https://usercontents-c.styleshare.io/images/36478263/88x50,https://www.styleshare.kr/brands/3961
먼데이하이킹,https://usercontents-c.styleshare.io/images/42759066/88x50,https://www.styleshare.kr/brands/4058
멀버리,https://usercontents-c.styleshare.io/images/35009236/88x50,https://www.styleshare.kr/brands/4853
멀블리스,https://usercontents-c.styleshare.io/images/25447528/88x50,https://www.styleshare.kr/brands/3922
멈칫,https://usercontents-c.styleshare.io/images/21519980/88x50,https://www.styleshare.kr/brands/3537
메가팩,https://usercontents-c.styleshare.io/images/34901539/88x50,https://www.styleshare.kr/brands/2823
메디컬팩토리,https://usercontents-c.styleshare.io/images/20290108/88x50,https://www.styleshare.kr/brands/3913
메디플라워,https://usercontents-c.styleshare.io/images/35177781/88x50,https://www.styleshare.kr/brands/2137
메디필,https://usercontents-c.styleshare.io/images/42357377/88x50,https://www.styleshare.kr/brands/3940
메디힐,https://usercontents-c.styleshare.io/images/21186968/88x50,https://www.styleshare.kr/brands/2180
메르세데스 벤츠,https://usercontents-c.styleshare.io/images/42183071/88x50,https://www.styleshare.kr/brands/2492
메리먼트,https://usercontents-c.styleshare.io/images/32928194/88x50,https://www.styleshare.kr/brands/4704
메리몽드,https://usercontents-c.styleshare.io/images/25005532/88x50,https://www.styleshare.kr/brands/3789
메리뮤,https://usercontents-c.styleshare.io/images/fc1a64d7-94d9-41bb-9849-8ba2789b27ec/88x50,https://www.styleshare.kr/brands/3411
메리바움,https://usercontents-c.styleshare.io/images/34057042/88x50,https://www.styleshare.kr/brands/6105
메리에코,https://usercontents-c.styleshare.io/images/23557489/88x50,https://www.styleshare.kr/brands/3861
메모리홀릭,https://usercontents-c.styleshare.io/images/40677197/88x50,https://www.styleshare.kr/brands/3216
메블릭퍼퓸,https://usercontents-c.styleshare.io/images/31849572/88x50,https://www.styleshare.kr/brands/2161
메시지인더삭스,https://usercontents-c.styleshare.io/images/42651326/88x50,https://www.styleshare.kr/brands/3673
메이네티 MAINETTI,https://usercontents-c.styleshare.io/images/21314427/88x50,https://www.styleshare.kr/brands/4785
메이드모먼,https://usercontents-c.styleshare.io/images/19010353/88x50,https://www.styleshare.kr/brands/2774
메이든느와르,https://usercontents-c.styleshare.io/images/38119289/88x50,https://www.styleshare.kr/brands/2162
메이시크,https://usercontents-c.styleshare.io/images/23152396/88x50,https://www.styleshare.kr/brands/4168
메이썸데이,https://usercontents-c.styleshare.io/images/40760512/88x50,https://www.styleshare.kr/brands/3133
메이오렌지,https://usercontents-c.styleshare.io/images/39978593/88x50,https://www.styleshare.kr/brands/4524
메이크프렘,https://usercontents-c.styleshare.io/images/42357352/88x50,https://www.styleshare.kr/brands/3342
메이크힐,https://usercontents-c.styleshare.io/images/41538967/88x50,https://www.styleshare.kr/brands/4743
메인부스,https://usercontents-c.styleshare.io/images/23248235/88x50,https://www.styleshare.kr/brands/563
메조쿤스트,https://usercontents-c.styleshare.io/images/36637108/88x50,https://www.styleshare.kr/brands/2855
메종드모모,https://usercontents-c.styleshare.io/images/42889528/88x50,https://www.styleshare.kr/brands/4071
메종마르지엘라,https://usercontents-c.styleshare.io/images/42787221/88x50,https://www.styleshare.kr/brands/4880
메종미셸,https://usercontents-c.styleshare.io/images/42728349/88x50,https://www.styleshare.kr/brands/4817
메종키츠네,https://usercontents-c.styleshare.io/images/43101168/88x50,https://www.styleshare.kr/brands/4809
메지언,https://usercontents-c.styleshare.io/images/25043044/88x50,https://www.styleshare.kr/brands/4204
메타퍼,https://usercontents-c.styleshare.io/images/21729904/88x50,https://www.styleshare.kr/brands/3421
멕리듬,https://usercontents-c.styleshare.io/images/19010358/88x50,https://www.styleshare.kr/brands/2896
멜리사,https://usercontents-c.styleshare.io/images/41275967/88x50,https://www.styleshare.kr/brands/569
멜릭서,https://usercontents-c.styleshare.io/images/22816233/88x50,https://www.styleshare.kr/brands/4572
멜팅하트,https://usercontents-c.styleshare.io/images/21728306/88x50,https://www.styleshare.kr/brands/3107
모그어스,https://usercontents-c.styleshare.io/images/1da7e639-34dd-4352-a798-4d65d1a1a8d5/88x50,https://www.styleshare.kr/brands/2888
모노바비,https://usercontents-c.styleshare.io/images/33091447/88x50,https://www.styleshare.kr/brands/6129
모더먼트,https://usercontents-c.styleshare.io/images/24289708/88x50,https://www.styleshare.kr/brands/3801
모레모,https://usercontents-c.styleshare.io/images/23103716/88x50,https://www.styleshare.kr/brands/3154
모브,https://usercontents-c.styleshare.io/images/42727735/88x50,https://www.styleshare.kr/brands/2096
모스키노,https://usercontents-c.styleshare.io/images/43096078/88x50,https://www.styleshare.kr/brands/2880
모스트맘,https://usercontents-c.styleshare.io/images/24556940/88x50,https://www.styleshare.kr/brands/4986
모아,https://usercontents-c.styleshare.io/images/21608878/88x50,https://www.styleshare.kr/brands/3229
모어올레스,https://usercontents-c.styleshare.io/images/42792809/88x50,https://www.styleshare.kr/brands/2840
모즈모즈,https://usercontents-c.styleshare.io/images/21307658/88x50,https://www.styleshare.kr/brands/4890
모즈베인,https://usercontents-c.styleshare.io/images/38511335/88x50,https://www.styleshare.kr/brands/2769
모코모코,https://usercontents-c.styleshare.io/images/41983588/88x50,https://www.styleshare.kr/brands/4236
모토모토,https://usercontents-c.styleshare.io/images/38587413/88x50,https://www.styleshare.kr/brands/4658
모트모트,https://usercontents-c.styleshare.io/images/38837484/88x50,https://www.styleshare.kr/brands/4260
모티브스트릿,https://usercontents-c.styleshare.io/images/33215417/88x50,https://www.styleshare.kr/brands/598
모프,https://usercontents-c.styleshare.io/images/40939172/88x50,https://www.styleshare.kr/brands/3616
목스녹스,https://usercontents-c.styleshare.io/images/d8743a47-370b-44cf-a87a-43e98f4e9d2d/88x50,https://www.styleshare.kr/brands/3804
몬스,https://usercontents-c.styleshare.io/images/25225934/88x50,https://www.styleshare.kr/brands/4545
몬스터리퍼블릭,https://usercontents-c.styleshare.io/images/22826466/88x50,https://www.styleshare.kr/brands/3243
몬스터리퍼블릭 헤드웨어,https://usercontents-c.styleshare.io/images/20305181/88x50,https://www.styleshare.kr/brands/3472
몬스터크라운,https://usercontents-c.styleshare.io/images/38284950/88x50,https://www.styleshare.kr/brands/3113
몬키즈,https://usercontents-c.styleshare.io/images/25237051/88x50,https://www.styleshare.kr/brands/2383
몰가드,https://usercontents-c.styleshare.io/images/42109683/88x50,https://www.styleshare.kr/brands/4196
몰링부스,https://usercontents-c.styleshare.io/images/41431689/88x50,https://www.styleshare.kr/brands/2069
몽벨,https://usercontents-c.styleshare.io/images/5e8f5a1f-bbb3-4a06-82a3-b7c5c04da42b/88x50,https://www.styleshare.kr/brands/605
몽블랑,https://usercontents-c.styleshare.io/images/42759110/88x50,https://www.styleshare.kr/brands/4123
몽삭,https://usercontents-c.styleshare.io/images/40578760/88x50,https://www.styleshare.kr/brands/6171
몽클레어 그레노블,https://usercontents-c.styleshare.io/images/19010371/88x50,https://www.styleshare.kr/brands/4855
묘오한,https://usercontents-c.styleshare.io/images/38150154/88x50,https://www.styleshare.kr/brands/4503
무노도넛,https://usercontents-c.styleshare.io/images/33454162/88x50,https://www.styleshare.kr/brands/2011
무로,https://usercontents-c.styleshare.io/images/25969669/88x50,https://www.styleshare.kr/brands/4180
무미무미(mumimumi),https://usercontents-c.styleshare.io/images/42849271/88x50,https://www.styleshare.kr/brands/3826
무슈제이,https://usercontents-c.styleshare.io/images/39085804/88x50,https://www.styleshare.kr/brands/3581
무스너클,https://usercontents-c.styleshare.io/images/37359774/88x50,https://www.styleshare.kr/brands/4724
무스텔라,https://usercontents-c.styleshare.io/images/41884864/88x50,https://www.styleshare.kr/brands/3768
무스투스,https://usercontents-c.styleshare.io/images/35558413/88x50,https://www.styleshare.kr/brands/3092
무아무아,https://usercontents-c.styleshare.io/images/39915089/88x50,https://www.styleshare.kr/brands/2146
무츄(MOOCHUU),https://usercontents-c.styleshare.io/images/39859099/88x50,https://www.styleshare.kr/brands/4646
문나인,https://usercontents-c.styleshare.io/images/42034021/88x50,https://www.styleshare.kr/brands/3972
문샷,https://usercontents-c.styleshare.io/images/38952481/88x50,https://www.styleshare.kr/brands/3413
물다,https://usercontents-c.styleshare.io/images/32374259/88x50,https://www.styleshare.kr/brands/4342
물들임,https://usercontents-c.styleshare.io/images/23590950/88x50,https://www.styleshare.kr/brands/4683
뮤스템(MU:STEM),https://usercontents-c.styleshare.io/images/42521373/88x50,https://www.styleshare.kr/brands/4318
뮤즈베라,https://usercontents-c.styleshare.io/images/42171139/88x50,https://www.styleshare.kr/brands/3726
뮤트먼트,https://usercontents-c.styleshare.io/images/23444488/88x50,https://www.styleshare.kr/brands/3220
뮬라웨어,https://usercontents-c.styleshare.io/images/36540120/88x50,https://www.styleshare.kr/brands/4741
미네스트,https://usercontents-c.styleshare.io/images/33883823/88x50,https://www.styleshare.kr/brands/4702
미뇽네프,https://usercontents-c.styleshare.io/images/41416435/88x50,https://www.styleshare.kr/brands/621
미뉴잇,https://usercontents-c.styleshare.io/images/23629194/88x50,https://www.styleshare.kr/brands/4067
미니골드,https://usercontents-c.styleshare.io/images/25512195/88x50,https://www.styleshare.kr/brands/3851
미니멀 프로젝트,https://usercontents-c.styleshare.io/images/42542546/88x50,https://www.styleshare.kr/brands/4028
미니멀코드,https://usercontents-c.styleshare.io/images/19010375/88x50,https://www.styleshare.kr/brands/3232
미니언즈,https://usercontents-c.styleshare.io/images/21802012/88x50,https://www.styleshare.kr/brands/3552
미다,https://usercontents-c.styleshare.io/images/19010378/88x50,https://www.styleshare.kr/brands/4279
미드나잇모먼트,https://usercontents-c.styleshare.io/images/39380525/88x50,https://www.styleshare.kr/brands/2009
미드나잇무브,https://usercontents-c.styleshare.io/images/25367533/88x50,https://www.styleshare.kr/brands/2895
미드나잇본,https://usercontents-c.styleshare.io/images/19010382/88x50,https://www.styleshare.kr/brands/2024
미멜로디,https://usercontents-c.styleshare.io/images/33563146/88x50,https://www.styleshare.kr/brands/4348
미미로린스,https://usercontents-c.styleshare.io/images/42271495/88x50,https://www.styleshare.kr/brands/3505
미미카위,https://usercontents-c.styleshare.io/images/37171722/88x50,https://www.styleshare.kr/brands/1992
미바,https://usercontents-c.styleshare.io/images/21214110/88x50,https://www.styleshare.kr/brands/3831
미샤,https://usercontents-c.styleshare.io/images/18421730/88x50,https://www.styleshare.kr/brands/2502
미스레그,https://usercontents-c.styleshare.io/images/42727820/88x50,https://www.styleshare.kr/brands/3207
미스사사,https://usercontents-c.styleshare.io/images/38348221/88x50,https://www.styleshare.kr/brands/2748
미스치버스프릭,https://usercontents-c.styleshare.io/images/42889524/88x50,https://www.styleshare.kr/brands/2033
미스터앤미세스퍼,https://usercontents-c.styleshare.io/images/34163399/88x50,https://www.styleshare.kr/brands/4806
미스틱던,https://usercontents-c.styleshare.io/images/41042715/88x50,https://www.styleshare.kr/brands/4205
미우미우,https://usercontents-c.styleshare.io/images/36267301/88x50,https://www.styleshare.kr/brands/4876
미쟝센,https://usercontents-c.styleshare.io/images/21897790/88x50,https://www.styleshare.kr/brands/2452
미첼앤네스,https://usercontents-c.styleshare.io/images/42684033/88x50,https://www.styleshare.kr/brands/4553
미팩토리,https://usercontents-c.styleshare.io/images/34242301/88x50,https://www.styleshare.kr/brands/4036
믹스,https://usercontents-c.styleshare.io/images/36267302/88x50,https://www.styleshare.kr/brands/2658
민타레트로,https://usercontents-c.styleshare.io/images/38900085/88x50,https://www.styleshare.kr/brands/2931
밀라이트,https://usercontents-c.styleshare.io/images/18861759/88x50,https://www.styleshare.kr/brands/4790
밀리마쥬,https://usercontents-c.styleshare.io/images/ffbb5d0c-96ea-44e9-ba4b-9d678b8db53c/88x50,https://www.styleshare.kr/brands/3389
바구아 마가리타,https://usercontents-c.styleshare.io/images/19010509/88x50,https://www.styleshare.kr/brands/2091
바나날,https://usercontents-c.styleshare.io/images/42098394/88x50,https://www.styleshare.kr/brands/4692
바나다,https://usercontents-c.styleshare.io/images/41813762/88x50,https://www.styleshare.kr/brands/4638
바나디스,https://usercontents-c.styleshare.io/images/43094890/88x50,https://www.styleshare.kr/brands/3289
바나바나,https://usercontents-c.styleshare.io/images/38237218/88x50,https://www.styleshare.kr/brands/4189
바니루니,https://usercontents-c.styleshare.io/images/21184571/88x50,https://www.styleshare.kr/brands/2167
바닐라코,https://usercontents-c.styleshare.io/images/38557320/88x50,https://www.styleshare.kr/brands/2232
바디네이처,https://usercontents-c.styleshare.io/images/38815066/88x50,https://www.styleshare.kr/brands/4289
바디랩스(BODY LABS),https://usercontents-c.styleshare.io/images/42606598/88x50,https://www.styleshare.kr/brands/4779
바디콜로지,https://usercontents-c.styleshare.io/images/21214112/88x50,https://www.styleshare.kr/brands/2747
바디판타지,https://usercontents-c.styleshare.io/images/21086363/88x50,https://www.styleshare.kr/brands/2704
바디홀릭,https://usercontents-c.styleshare.io/images/42380966/88x50,https://www.styleshare.kr/brands/3156
바랑소리,https://usercontents-c.styleshare.io/images/25449529/88x50,https://www.styleshare.kr/brands/3538
바루랩,https://usercontents-c.styleshare.io/images/23699203/88x50,https://www.styleshare.kr/brands/3246
바리케이트,https://usercontents-c.styleshare.io/images/25512443/88x50,https://www.styleshare.kr/brands/3269
바버,https://usercontents-c.styleshare.io/images/41401073/88x50,https://www.styleshare.kr/brands/4578
바브레아,https://usercontents-c.styleshare.io/images/42467355/88x50,https://www.styleshare.kr/brands/4756
바비수아,https://usercontents-c.styleshare.io/images/43209047/88x50,https://www.styleshare.kr/brands/5016
바스틱,https://usercontents-c.styleshare.io/images/9fc7e0d4-a483-4665-b84e-eac49987db0e/88x50,https://www.styleshare.kr/brands/6148
바스파,https://usercontents-c.styleshare.io/images/42206681/88x50,https://www.styleshare.kr/brands/3874
바오바오,https://usercontents-c.styleshare.io/images/23998558/88x50,https://www.styleshare.kr/brands/4712
바이든,https://usercontents-c.styleshare.io/images/22530226/88x50,https://www.styleshare.kr/brands/3287
바이모스,https://usercontents-c.styleshare.io/images/39737173/88x50,https://www.styleshare.kr/brands/3077
바이바이섭,https://usercontents-c.styleshare.io/images/20949301/88x50,https://www.styleshare.kr/brands/4378
바이빠세,https://usercontents-c.styleshare.io/images/39915028/88x50,https://www.styleshare.kr/brands/2653
바이얼민스,https://usercontents-c.styleshare.io/images/35179077/88x50,https://www.styleshare.kr/brands/2903
바이오더마,https://usercontents-c.styleshare.io/images/29468247/88x50,https://www.styleshare.kr/brands/2860
바이온에어,https://usercontents-c.styleshare.io/images/43228675/88x50,https://www.styleshare.kr/brands/3944
바이탈,https://usercontents-c.styleshare.io/images/23006394/88x50,https://www.styleshare.kr/brands/3606
바이탈뷰티,https://usercontents-c.styleshare.io/images/18797936/88x50,https://www.styleshare.kr/brands/4240
바이탈사인,https://usercontents-c.styleshare.io/images/23598020/88x50,https://www.styleshare.kr/brands/3070
바잘,https://usercontents-c.styleshare.io/images/18798379/88x50,https://www.styleshare.kr/brands/658
박스앤콕스,https://usercontents-c.styleshare.io/images/34240581/88x50,https://www.styleshare.kr/brands/3215
박준,https://usercontents-c.styleshare.io/images/25512165/88x50,https://www.styleshare.kr/brands/2129
박카스,https://usercontents-c.styleshare.io/images/42902005/88x50,https://www.styleshare.kr/brands/3868
반스,https://usercontents-c.styleshare.io/images/33284803/88x50,https://www.styleshare.kr/brands/664
반에이크오,https://usercontents-c.styleshare.io/images/42727736/88x50,https://www.styleshare.kr/brands/4925
발레아,https://usercontents-c.styleshare.io/images/42889520/88x50,https://www.styleshare.kr/brands/3811
발렉스트라,https://usercontents-c.styleshare.io/images/42849214/88x50,https://www.styleshare.kr/brands/4833
발렌시아가,https://usercontents-c.styleshare.io/images/42206629/88x50,https://www.styleshare.kr/brands/4875
발렌티노,https://usercontents-c.styleshare.io/images/42904434/88x50,https://www.styleshare.kr/brands/4871
발렌티노 루디,https://usercontents-c.styleshare.io/images/42889551/88x50,https://www.styleshare.kr/brands/4713
발롱블랑,https://usercontents-c.styleshare.io/images/39184469/88x50,https://www.styleshare.kr/brands/4928
발리,https://usercontents-c.styleshare.io/images/42727658/88x50,https://www.styleshare.kr/brands/4885
발리안트,https://usercontents-c.styleshare.io/images/25366722/88x50,https://www.styleshare.kr/brands/4333
발망,https://usercontents-c.styleshare.io/images/42997533/88x50,https://www.styleshare.kr/brands/4830
배드룸,https://usercontents-c.styleshare.io/images/40173229/88x50,https://www.styleshare.kr/brands/2832
배드스킨,https://usercontents-c.styleshare.io/images/42694328/88x50,https://www.styleshare.kr/brands/3502
배럴,https://usercontents-c.styleshare.io/images/42084060/88x50,https://www.styleshare.kr/brands/4306
백레이블,https://usercontents-c.styleshare.io/images/21208914/88x50,https://www.styleshare.kr/brands/4453
백록,https://usercontents-c.styleshare.io/images/20294769/88x50,https://www.styleshare.kr/brands/4795
백야(BAEK-YA),https://usercontents-c.styleshare.io/images/23878388/88x50,https://www.styleshare.kr/brands/4690
백야드,https://usercontents-c.styleshare.io/images/39223559/88x50,https://www.styleshare.kr/brands/2740
백투백,https://usercontents-c.styleshare.io/images/25382135/88x50,https://www.styleshare.kr/brands/2399
밴웍스,https://usercontents-c.styleshare.io/images/18862461/88x50,https://www.styleshare.kr/brands/3272
밸롭,https://usercontents-c.styleshare.io/images/20964820/88x50,https://www.styleshare.kr/brands/4335
뱅어스,https://usercontents-c.styleshare.io/images/41468866/88x50,https://www.styleshare.kr/brands/3519
버닝,https://usercontents-c.styleshare.io/images/40034266/88x50,https://www.styleshare.kr/brands/686
버버리,https://usercontents-c.styleshare.io/images/19335054/88x50,https://www.styleshare.kr/brands/2527
버블더블,https://usercontents-c.styleshare.io/images/22319254/88x50,https://www.styleshare.kr/brands/4593
버빌리안,https://usercontents-c.styleshare.io/images/9c9539ef-5e23-4f77-a9b9-e039863f74e7/88x50,https://www.styleshare.kr/brands/688
버켄스탁,https://usercontents-c.styleshare.io/images/36340454/88x50,https://www.styleshare.kr/brands/690
버켄스탁(가방),https://usercontents-c.styleshare.io/images/42481929/88x50,https://www.styleshare.kr/brands/2090
벗딥,https://usercontents-c.styleshare.io/images/21206254/88x50,https://www.styleshare.kr/brands/3239
베네피트,https://usercontents-c.styleshare.io/images/42727383/88x50,https://www.styleshare.kr/brands/3540
베러댄88(betterthan88),https://usercontents-c.styleshare.io/images/42787272/88x50,https://www.styleshare.kr/brands/4051
베르두,https://usercontents-c.styleshare.io/images/25438639/88x50,https://www.styleshare.kr/brands/4764
베르사유의 장미,https://usercontents-c.styleshare.io/images/19558450/88x50,https://www.styleshare.kr/brands/2322
베르사체,https://usercontents-c.styleshare.io/images/21786366/88x50,https://www.styleshare.kr/brands/2598
베리 수스,https://usercontents-c.styleshare.io/images/23588873/88x50,https://www.styleshare.kr/brands/4822
베리나인플럭스,https://usercontents-c.styleshare.io/images/25299652/88x50,https://www.styleshare.kr/brands/3384
베리드얼라이브,https://usercontents-c.styleshare.io/images/43028812/88x50,https://www.styleshare.kr/brands/2344
베리마스,https://usercontents-c.styleshare.io/images/38332637/88x50,https://www.styleshare.kr/brands/2911
베리미,https://usercontents-c.styleshare.io/images/40583651/88x50,https://www.styleshare.kr/brands/3203
베리썸,https://usercontents-c.styleshare.io/images/21785124/88x50,https://www.styleshare.kr/brands/2591
베리영,https://usercontents-c.styleshare.io/images/ffb066c9-9e0d-45e4-8150-bd77912b7596/88x50,https://www.styleshare.kr/brands/4979
베베드몽,https://usercontents-c.styleshare.io/images/20885314/88x50,https://www.styleshare.kr/brands/4202
베베케이스,https://usercontents-c.styleshare.io/images/d819a264-1d71-438d-b843-54b3204fbf59/88x50,https://www.styleshare.kr/brands/4505
베스하우스,https://usercontents-c.styleshare.io/images/42616667/88x50,https://www.styleshare.kr/brands/2914
베어파우,https://usercontents-c.styleshare.io/images/42074139/88x50,https://www.styleshare.kr/brands/2403
베이비센토르,https://usercontents-c.styleshare.io/images/42556179/88x50,https://www.styleshare.kr/brands/2645
베이비하트,https://usercontents-c.styleshare.io/images/42197064/88x50,https://www.styleshare.kr/brands/6166
베이스모먼트,https://usercontents-c.styleshare.io/images/22424473/88x50,https://www.styleshare.kr/brands/4780
베이스언유즈,https://usercontents-c.styleshare.io/images/43003233/88x50,https://www.styleshare.kr/brands/4689
베이직코튼,https://usercontents-c.styleshare.io/images/41275148/88x50,https://www.styleshare.kr/brands/2525
베이크솔,https://usercontents-c.styleshare.io/images/42759245/88x50,https://www.styleshare.kr/brands/4708
베이프릴,https://usercontents-c.styleshare.io/images/18825262/88x50,https://www.styleshare.kr/brands/3045
베자,https://usercontents-c.styleshare.io/images/43128215/88x50,https://www.styleshare.kr/brands/4956
베테제,https://usercontents-c.styleshare.io/images/20444010/88x50,https://www.styleshare.kr/brands/2095
베트멍,https://usercontents-c.styleshare.io/images/24985396/88x50,https://www.styleshare.kr/brands/4859
벤데이비스,https://usercontents-c.styleshare.io/images/23466429/88x50,https://www.styleshare.kr/brands/711
벤시몽,https://usercontents-c.styleshare.io/images/41416494/88x50,https://www.styleshare.kr/brands/2059
벤크,https://usercontents-c.styleshare.io/images/20301899/88x50,https://www.styleshare.kr/brands/2574
벤토이,https://usercontents-c.styleshare.io/images/25374333/88x50,https://www.styleshare.kr/brands/3405
벨라지아,https://usercontents-c.styleshare.io/images/25428986/88x50,https://www.styleshare.kr/brands/3199
벨로티,https://usercontents-c.styleshare.io/images/4f5400e6-f2ab-46f2-990b-3cdaf5ec6805/88x50,https://www.styleshare.kr/brands/4581
벨론,https://usercontents-c.styleshare.io/images/32110274/88x50,https://www.styleshare.kr/brands/2287
벨르주니,https://usercontents-c.styleshare.io/images/36478975/88x50,https://www.styleshare.kr/brands/3500
벨리불리,https://usercontents-c.styleshare.io/images/42471445/88x50,https://www.styleshare.kr/brands/3528
벨바,https://usercontents-c.styleshare.io/images/40157722/88x50,https://www.styleshare.kr/brands/6172
벳규어스,https://usercontents-c.styleshare.io/images/21193093/88x50,https://www.styleshare.kr/brands/3708
변화로움,https://usercontents-c.styleshare.io/images/41703882/88x50,https://www.styleshare.kr/brands/4059
보나수아,https://usercontents-c.styleshare.io/images/42849171/88x50,https://www.styleshare.kr/brands/4762
보나쥬르,https://usercontents-c.styleshare.io/images/42294964/88x50,https://www.styleshare.kr/brands/4448
보다나,https://usercontents-c.styleshare.io/images/21330128/88x50,https://www.styleshare.kr/brands/2510
보만 (BOMANN),https://usercontents-c.styleshare.io/images/25512206/88x50,https://www.styleshare.kr/brands/4614
보스,https://usercontents-c.styleshare.io/images/19027959/88x50,https://www.styleshare.kr/brands/4886
보얀,https://usercontents-c.styleshare.io/images/42759056/88x50,https://www.styleshare.kr/brands/4738
보우드,https://usercontents-c.styleshare.io/images/21186556/88x50,https://www.styleshare.kr/brands/2783
보이런던,https://usercontents-c.styleshare.io/images/43110947/88x50,https://www.styleshare.kr/brands/3553
보이런던와치,https://usercontents-c.styleshare.io/images/40275156/88x50,https://www.styleshare.kr/brands/729
보테가베네타,https://usercontents-c.styleshare.io/images/19015950/88x50,https://www.styleshare.kr/brands/4852
본비반트,https://usercontents-c.styleshare.io/images/42759130/88x50,https://www.styleshare.kr/brands/2619
본수이,https://usercontents-c.styleshare.io/images/19282064/88x50,https://www.styleshare.kr/brands/4995
본플러스,https://usercontents-c.styleshare.io/images/40887827/88x50,https://www.styleshare.kr/brands/4464
부루앤쥬디,https://usercontents-c.styleshare.io/images/43133654/88x50,https://www.styleshare.kr/brands/3294
부르조아,https://usercontents-c.styleshare.io/images/24635807/88x50,https://www.styleshare.kr/brands/2227
부테로,https://usercontents-c.styleshare.io/images/25185262/88x50,https://www.styleshare.kr/brands/4857
불가리,https://usercontents-c.styleshare.io/images/c13a53a3-bbaa-4d5d-9477-508d1fd493d4/88x50,https://www.styleshare.kr/brands/2262
불꽃언니리턴즈,https://usercontents-c.styleshare.io/images/21332514/88x50,https://www.styleshare.kr/brands/4540
불량소녀,https://usercontents-c.styleshare.io/images/25429001/88x50,https://www.styleshare.kr/brands/5014
붐디아다,https://usercontents-c.styleshare.io/images/23663428/88x50,https://www.styleshare.kr/brands/3350
붐잉케이스,https://usercontents-c.styleshare.io/images/40388913/88x50,https://www.styleshare.kr/brands/3468
뷰인스,https://usercontents-c.styleshare.io/images/40081075/88x50,https://www.styleshare.kr/brands/4353
뷰킷리스트,https://usercontents-c.styleshare.io/images/36722917/88x50,https://www.styleshare.kr/brands/2778
뷰티끄랩,https://usercontents-c.styleshare.io/images/33064685/88x50,https://www.styleshare.kr/brands/3513
뷰티레시피,https://usercontents-c.styleshare.io/images/21205461/88x50,https://www.styleshare.kr/brands/3233
뷰티메이커스,https://usercontents-c.styleshare.io/images/25502873/88x50,https://www.styleshare.kr/brands/4480
뷰티블랜더,https://usercontents-c.styleshare.io/images/35234619/88x50,https://www.styleshare.kr/brands/3286
뷰티비기닝,https://usercontents-c.styleshare.io/images/19028242/88x50,https://www.styleshare.kr/brands/3966
뷰티에어포트,https://usercontents-c.styleshare.io/images/21905491/88x50,https://www.styleshare.kr/brands/4084
뷰티클로,https://usercontents-c.styleshare.io/images/33573083/88x50,https://www.styleshare.kr/brands/3799
뷰티포뮬라,https://usercontents-c.styleshare.io/images/38402634/88x50,https://www.styleshare.kr/brands/2738
뷰티피플,https://usercontents-c.styleshare.io/images/20294161/88x50,https://www.styleshare.kr/brands/3536
뷰티핏,https://usercontents-c.styleshare.io/images/20294206/88x50,https://www.styleshare.kr/brands/3957
브라바도,https://usercontents-c.styleshare.io/images/25969185/88x50,https://www.styleshare.kr/brands/744
브라비시모,https://usercontents-c.styleshare.io/images/39998072/88x50,https://www.styleshare.kr/brands/2954
브래디백(Breaybags),https://usercontents-c.styleshare.io/images/23095788/88x50,https://www.styleshare.kr/brands/3834
브렌슨,https://usercontents-c.styleshare.io/images/19015881/88x50,https://www.styleshare.kr/brands/4219
브로이스터,https://usercontents-c.styleshare.io/images/42074203/88x50,https://www.styleshare.kr/brands/2521
브리스코,https://usercontents-c.styleshare.io/images/34979944/88x50,https://www.styleshare.kr/brands/2520
브리아,https://usercontents-c.styleshare.io/images/19016217/88x50,https://www.styleshare.kr/brands/3579
브이블랙,https://usercontents-c.styleshare.io/images/25503973/88x50,https://www.styleshare.kr/brands/4274
블라쿤,https://usercontents-c.styleshare.io/images/19027907/88x50,https://www.styleshare.kr/brands/2796
블랑블랙,https://usercontents-c.styleshare.io/images/19027880/88x50,https://www.styleshare.kr/brands/2229
블랙루즈,https://usercontents-c.styleshare.io/images/41813975/88x50,https://www.styleshare.kr/brands/3010
블랙마틴싯봉,https://usercontents-c.styleshare.io/images/20027345/88x50,https://www.styleshare.kr/brands/3689
블랙브라이어,https://usercontents-c.styleshare.io/images/36271428/88x50,https://www.styleshare.kr/brands/2060
블랙블론드,https://usercontents-c.styleshare.io/images/36820457/88x50,https://www.styleshare.kr/brands/3383
블랙쉘,https://usercontents-c.styleshare.io/images/18825525/88x50,https://www.styleshare.kr/brands/775
블랙페이지,https://usercontents-c.styleshare.io/images/21187129/88x50,https://www.styleshare.kr/brands/2010
블랭크블랑,https://usercontents-c.styleshare.io/images/25481225/88x50,https://www.styleshare.kr/brands/4642
블러브,https://usercontents-c.styleshare.io/images/23006742/88x50,https://www.styleshare.kr/brands/2484
블레스문,https://usercontents-c.styleshare.io/images/19028476/88x50,https://www.styleshare.kr/brands/4038
블론드나인,https://usercontents-c.styleshare.io/images/2d3a1569-9441-45e0-be8e-42f1adb80c0a/88x50,https://www.styleshare.kr/brands/4088
블루마운틴,https://usercontents-c.styleshare.io/images/19570065/88x50,https://www.styleshare.kr/brands/2023
블루야드,https://usercontents-c.styleshare.io/images/20398724/88x50,https://www.styleshare.kr/brands/2542
블루엘리펀트,https://usercontents-c.styleshare.io/images/39049715/88x50,https://www.styleshare.kr/brands/3541
블루오버블루,https://usercontents-c.styleshare.io/images/36292389/88x50,https://www.styleshare.kr/brands/2971
블루킥스,https://usercontents-c.styleshare.io/images/31867583/88x50,https://www.styleshare.kr/brands/2058
블루파이,https://usercontents-c.styleshare.io/images/39029123/88x50,https://www.styleshare.kr/brands/3617
블리스텍스,https://usercontents-c.styleshare.io/images/42206631/88x50,https://www.styleshare.kr/brands/2338
블링썸,https://usercontents-c.styleshare.io/images/18900230/88x50,https://www.styleshare.kr/brands/2567
비디보브,https://usercontents-c.styleshare.io/images/18296406/88x50,https://www.styleshare.kr/brands/3120
비레머디스,https://usercontents-c.styleshare.io/images/39272433/88x50,https://www.styleshare.kr/brands/4321
비마이무드,https://usercontents-c.styleshare.io/images/40436518/88x50,https://www.styleshare.kr/brands/4043
비바클래시,https://usercontents-c.styleshare.io/images/21079765/88x50,https://www.styleshare.kr/brands/3678
비방트,https://usercontents-c.styleshare.io/images/19027805/88x50,https://www.styleshare.kr/brands/4320
비비안웨스트우드,https://usercontents-c.styleshare.io/images/23524323/88x50,https://www.styleshare.kr/brands/4714
비쉬(VICHY),https://usercontents-c.styleshare.io/images/42271509/88x50,https://www.styleshare.kr/brands/3634
비아모노,https://usercontents-c.styleshare.io/images/38100057/88x50,https://www.styleshare.kr/brands/801
비아봉드비아,https://usercontents-c.styleshare.io/images/19043794/88x50,https://www.styleshare.kr/brands/802
비아이에이(VIA),https://usercontents-c.styleshare.io/images/39085474/88x50,https://www.styleshare.kr/brands/4344
비앤솝,https://usercontents-c.styleshare.io/images/24935607/88x50,https://www.styleshare.kr/brands/4485
비에스래빗,https://usercontents-c.styleshare.io/images/23082421/88x50,https://www.styleshare.kr/brands/2702
비에이블투,https://usercontents-c.styleshare.io/images/42020341/88x50,https://www.styleshare.kr/brands/2176
비엔비세븐틴,https://usercontents-c.styleshare.io/images/21553598/88x50,https://www.styleshare.kr/brands/3183
비오르,https://usercontents-c.styleshare.io/images/42787314/88x50,https://www.styleshare.kr/brands/4722
비온뒤,https://usercontents-c.styleshare.io/images/40388703/88x50,https://www.styleshare.kr/brands/4167
비욘드,https://usercontents-c.styleshare.io/images/34816983/88x50,https://www.styleshare.kr/brands/2208
비읍,https://usercontents-c.styleshare.io/images/33596467/88x50,https://www.styleshare.kr/brands/3631
비잉,https://usercontents-c.styleshare.io/images/25218959/88x50,https://www.styleshare.kr/brands/3402
비젼스트릿웨어,https://usercontents-c.styleshare.io/images/21186764/88x50,https://www.styleshare.kr/brands/3119
비지트인뉴욕,https://usercontents-c.styleshare.io/images/38815071/88x50,https://www.styleshare.kr/brands/4669
비커즈,https://usercontents-c.styleshare.io/images/41981533/88x50,https://www.styleshare.kr/brands/2820
비탈리아노 판칼디,https://usercontents-c.styleshare.io/images/40273884/88x50,https://www.styleshare.kr/brands/4807
비토우,https://usercontents-c.styleshare.io/images/20301879/88x50,https://www.styleshare.kr/brands/4479
비피비(BPB),https://usercontents-c.styleshare.io/images/35326114/88x50,https://www.styleshare.kr/brands/3751