라 클라우드나인,https://usercontents-c.styleshare.io/images/31823428/700x394,"100% 순면 커버의 깨끗하고 부드러움과 클라우드나인만의 얇지만 강력한 흡수력을 직접 느껴 보세요.
착한생리대 클라우드나인"
라네즈,https://usercontents-c.styleshare.io/images/43228654/700x394,"일시적인 보습 효과나 겉으로만 드러나는 반짝임이 아닌, 속부터 가득 찬 근본 보습의 힘으로, 
피부는 자연스럽고 아름다운 광채를 선사합니다. 
이것이 바로,수분·보습 전문 브랜드 라네즈가 추구하는‘루미너스 뷰티‘ 입니다"
라뇨,https://usercontents-c.styleshare.io/images/22672375/700x394,"""Sensual colors, Differentiated details""  
감성을 품는 컨템포러리 캐주얼 브랜드
""Walk up! 당당하게 걷자""
지루한 일상을 거부하는 스트리트 브랜드"
라라,https://usercontents-c.styleshare.io/images/25250630/700x394,라라는 저자극 자연유래 원료와 착한 가격으로 믿을 수 있는 가성비 좋은 제품을 만들어 소비자와 만나고 있습니다.
라라퍼프,https://usercontents-c.styleshare.io/images/36690915/700x394,"화장이 묻지않는 프리미엄 여성전용 마스크, 나한테 꼭 맞는 #착붙아이템 이젠 이쁘게 가리자"
라로슈포제,https://usercontents-c.styleshare.io/images/24294829/700x394,"프랑스 온천수 브랜드 라로슈포제, 아기 피부부터 건성, 지성피부까지 스페셜 케어"
라르끄,https://usercontents-c.styleshare.io/images/21276458/700x394,"당신은 몇시에 어울리는 사람인가요?
당신의 추억들은 보이지 않는 것들로부터 기억됩니다.
잊혀진 사람의 향기를 맡아 뒤돌아보았던 기억,
당신이 떠난 후에도 당신의 향기가 남아있던 기억.
 
당신의 향기는 보이지 않는 것들로부터 당신을 기억하게 하는 아름다움입니다.
당신은 어떤 향기가 나는 사람인가요?
 
당신의 은은함 라르끄, 당신만의 향기가 되고자 합니다."
라모드치프,https://usercontents-c.styleshare.io/images/22380803/700x394,"라모드치프

라모드치프는 이스트런던의 서브컬처 기반의 브리티시 스트릿브랜드로, 

실제로 이스트런던의 쇼디치, 해크니지역의 차브와 훌리건문화를 기반으로 하여, 

런던의 골드스미스(Goldsmiths University of London), 왕립예술대(Royal College of Art) 출신의 디자이너들과 콜라보하여 디자인되고 있습니다. 

라모드치프를 통하여 런던의 감성을 느껴보세요."
라뮤엣,https://usercontents-c.styleshare.io/images/899f1fab-e652-4c93-8edf-337de10919d8/700x394,
라미,https://usercontents-c.styleshare.io/images/40503888/700x394,"라미는 1930년 독일 하이델베르크에서 ""C.Josef Lamy""에 의해 탄생했습니다.
LAMY 브랜드는 시대를 초월한 현대 미학과 완벽한 기능으로 정의 된 고품질의 필기구를 의미합니다.

""Design. Made in Germany""

이 독특하고 간결한 슬로건으로 LAMY의 철학을 엿볼 수 있습니다.
라미는 연례 스페셜 에디션을 통해서뿐만 아니라 추세를 설정하고 혁신적인 색상과 마감 처리로 전 세계의 애호가에게 영감을 불어 넣고있습니다."
라벤트 아이웨어,https://usercontents-c.styleshare.io/images/38789675/700x394,"라벤트 아이웨어는 “개성”과 “트렌디함”을 모두 갖춘 디자인을 추구하여 
동양적인 얼굴형에 맞추어 제작된 하이엔드 아이웨어 브랜드입니다
매시즌,빠르게 변화하는 트렌드를 녹여 새로운 디자인을 펼쳐
감각적인 아이웨어 만들기 위해 노력하는 브랜드입니다."
라벨영,https://usercontents-c.styleshare.io/images/19093192/700x394,라벨영 화장품은 급격하게 변화해가는 미의 변천사를 감각적이고 현대적인 트렌드로 승화시킨 자연주의 화장품으로서 기초가 튼튼해야 최고의 미를 가질 수 있다는 컨셉을 통해 누구나 맑고 깨끗한 피부를 가질 수 있는 최고급 스킨케어입니다.
라보타치,https://usercontents-c.styleshare.io/images/36034347/700x394,"라보타치(LABOTTACH)는 약사가 만든 더마케어 하이드로겔 패치 전문 브랜드로 엄격한 품질관리, 독보적인 원료 기술력으로 체계적이고 차별화된 케어에 주력하고 있습니다."
라보티카,https://usercontents-c.styleshare.io/images/43214313/700x394,환경적 요인에 의한 피부고민을 케어해 주는 젊고 즐거운 감성의 자연주의 더마 코스메틱 브랜드입니다.
라본,https://usercontents-c.styleshare.io/images/42916008/700x394,"라본, 당신이 원하는 그 모든 스킨"
라비퀸,https://usercontents-c.styleshare.io/images/42481557/700x394,
라비템,https://usercontents-c.styleshare.io/images/32103873/700x394,"일상속의 달콤한 행복 LAVITEM에서 숨겨진 진짜 피부를 찾으세요.
매일 반복되는 일상 속에서 쉽게 지치는 피부 예민한 피부걱정은 STOP!
피부전문가의 솔루션으로 당신에게 보다 나은 행복한 일상을 선물합니다."
라빈,https://usercontents-c.styleshare.io/images/31893313/700x394,"RAVI+N은 프랑스어 '매료되다'의 RAVI와 '유행'이란 뜻의 IN 의 합성어입니다.
CHIC 하고 정교한 테일러링과 정제된 디테일로 자유롭고 역동적인 삶을 추구하는 여성들의 SIGNATURE 브랜드입니다."
라빠레뜨,https://usercontents-c.styleshare.io/images/38684162/700x394,"라빠레뜨는 생동감 있고 다채로운 꿈을 실현하는 동시대 여성들을 위한 브랜드로
컬러 스펙트럼을 통하여 여성들의 꿈인 '아름다움'에 대한 해답을 제시합니다."
라빠레뜨뷰티,https://usercontents-c.styleshare.io/images/38727927/700x394,"언제 어디에서나 아름답고, 유니크하며 손쉽게 트렌드를 리드 할 수 있는 차별화된 라인으로
아름다움과 그 가치를 전세계 여성들에게 전합니다."
라스네임,https://usercontents-c.styleshare.io/images/21208829/700x394,"라스네임(LAST NAME)은 스타트업 스니커즈 브랜드로 ""SIMPLE IS BEST DESIGN"" 심플함이 최고의 디자인이라는 슬로건을 바탕으로 심심하지 않으면서 세련된 디자인을 추구합니다."
라씨엘르,https://usercontents-c.styleshare.io/images/32426031/700x394,"하루에 한번이라도 제대로 '스마일'하면 피부가 맑고 건강해진다는 것을 우리는 발견했어요.
여자가 가장 예쁠 때, #스마일뷰티라씨엘르"
라엘,https://usercontents-c.styleshare.io/images/31734866/700x394,전세계 여성들이 인정한 안전한 유기농 생리대
라온,https://usercontents-c.styleshare.io/images/39558941/700x394,"여성캐주얼브랜드 라온(ra_On)은 순수 우리말로 “즐기다”라는 뜻을 가지고 있습니다.
두명의 디자이너의 특성을 살린 감각있고 톡톡튀는 디자인으로 ‘즐기면서 옷을 만들자!’라는 취지를 가지고 있습니다."
라우만,https://usercontents-c.styleshare.io/images/c078c7b9-be04-45d8-8b7b-f0570b98e30f/700x394,라우만은 트렌디한 분들을 위한 라이프스타일 상품을 기획합니다. 당신의 데일리 라이프에 귀 기울인 트렌디한 제품을 합리적인 가격으로 단조로운 일상에 편리하고 즐거운 스마트 라이프를 선사하겠습니다.
라운드랩,https://usercontents-c.styleshare.io/images/42997774/700x394,정직한 자연을 담아 피부가 좋아지는 화장품을 만듭니다.
라울루,https://usercontents-c.styleshare.io/images/42946572/700x394,
라이커불,https://usercontents-c.styleshare.io/images/32853094/700x394,ryekeobeul(라이커불)은 likeable의 뜻을 담은 언어유희적 표현으로 소비자의 마음과 신뢰를 얻고자 하는 정신을 바탕으로 활용도가 높은 제품을 만드는 것을 아이덴티티로 삼고 있는 브랜드입니다.
라이크라이즈,https://usercontents-c.styleshare.io/images/39769899/700x394,"‘같다’,’좋다'라는 긍정적인 의미를 가진‘LIKE’와   
‘오르다’’상승하다’라는 상승적인 의미를 가진‘RISE’가 결합되어서 만들어지게 되었습니다.   
'동반상승'을 모토로 항상 최고의 퀄리티를 지향하고   
이를 접하는 모든 이들의 가치도 상승시키고자하는 의미가 담겨 있습니다.     

'UNIQUE'(유니크) , 'SPORTISM'(스포티즘) , 'CONTEMPORARY'(컨템포러리)      

다양한 서브컬처들의 트렌디한 요소들을 베이직한 아이템에 접목시켜   
독자적인 자체 패턴으로 유니크한 디자인에 스트릿무드를 지향합니다."
라이크로렐,https://usercontents-c.styleshare.io/images/25245774/700x394,"남 눈치 보지 말고, 너 하고 싶은 대로 다해! 
귀걸이 전문 쇼핑몰 : 라이크로렐"
라이크리빙,https://usercontents-c.styleshare.io/images/41524952/700x394,"저희 라이크리빙 편집샵에서는 패션 전문 스타일리스트가 상품 추천을 해드립니다.
한분 한분 고객님의 만족을 위해 다양한 디자인을 합리적인 가격으로 
제공할 수 있도록 최선을 다하겠습니다."
라이크잇,https://usercontents-c.styleshare.io/images/43012998/700x394,"‘좋아요(LIKE IT)’를 형상화한 엘레컴 코리아의 독자 브랜드, ‘라이크잇’. 합리적인 가격에 좋은 품질의 제품을 선보입니다. 
누구나 한 번쯤 미소 지을 수 있는 힐링 이모티콘을 차용하여 모두의 IT 일상에 친근하게 다가가겠습니다. 
LiKE iT by Elecom KOREA."
라이트플레이스,https://usercontents-c.styleshare.io/images/25510309/700x394,
라이프 4.0,https://usercontents-c.styleshare.io/images/25965490/700x394,당신의 삶과 함께하는 라이프 스타일 코스메틱
라이프글램,https://usercontents-c.styleshare.io/images/34696505/700x394,
라인프렌즈,https://usercontents-c.styleshare.io/images/e501d470-b830-4880-9b2a-49429ea309df/700x394,
라일라비,https://usercontents-c.styleshare.io/images/35933723/700x394,"라일라비는 살아있는 삶을 의미합니다.
espania 전통에 따라. 신선하고 생명력있는 여성을위한 의미를 수집하여 편안하고 유행에 감사하는 역동적이고 우아한 여성을위한 신발 컬렉션을 만들어 냈습니다.
라일라비는 우리의 모든 컬렉션에서 볼 수있는 강도와 성격을 가진 스페인의 품질과 노력에 대한 새 헌신입니다."
라임코스메틱,https://usercontents-c.styleshare.io/images/e998ce71-3cd5-4b0f-bd45-72355a4ad361/700x394,진정한 아름다움은 내가 진정한 나 다울 때 : LIKE ME BETTER
라잇루트,https://usercontents-c.styleshare.io/images/42296518/700x394,"Create Trend 

Mixed Concept 

Deliver the Right Message Through Clothing"
라카이,https://usercontents-c.styleshare.io/images/18795759/700x394,"글로벌 브랜드인 ""라카이""는 1999년 미국 캘리포니오 토런스 지역에서 출발하여 전세계 스트릿 보더들의 꾸준한 사랑과 추천을 받는 슈즈 전문 브랜드로 시작해 다수의 브랜드들과 디자인 콜라보 작업 경험으로 의류와 악세사리를 전개하고 있습니다."
라코스테,https://usercontents-c.styleshare.io/images/18795760/700x394,LACOSTE(라코스테)는 1920년대 프랑스의 테니스 스타인 장 르네 라코스테(Jean Rene Lacoste)에 의해 만들어진 브랜드입니다. 라코스테가 편안한 운동복을 위해 자신이 입을 선수복 PK 티셔츠를 최초로 만든 것을 시작으로 티셔츠 뿐만 아니라 블레이저 등 다양한 제품군으로 제작을 확장하였습니다.
라쿠진,https://usercontents-c.styleshare.io/images/42852998/700x394,"라쿠진은 불어로 주방이라는 뜻의 
“La Cuisine”의 합성어로 유럽감성의 주방문화를 개척한다는
의미를 담고 있는 트랜디한 생활 주방브랜드로 기능은 기본이고
디자인과 색감에 신경을 많이 쓴 제품들을 개발 유통하고 있습니다."
라클리아(raclia),https://usercontents-c.styleshare.io/images/42724360/700x394,라클리아는 자연을 온전히 담아내어 피부에 전달하는 브랜드입니다
라템,https://usercontents-c.styleshare.io/images/21025432/700x394,"라템(LATEM)은 Lots of ItemS의 줄임말로서 트렌디한 액세서리 상품들을 컨셉별/ 코디별로 다양하게 쇼핑할 수 있는 곳입니다. 매 시즌 4,000여 가지 스타일을 한 자리에서 만나 보실 수 있으며, 베이직에서 로맨틱, 스트릿에서 하이엔드 스타일까지 다양한 상품라인을 함께 전개해 선택의 즐거움을 드립니다."
라퍼지스토어,https://usercontents-c.styleshare.io/images/22226063/700x394,"LA FUDGE STORE
달콤함에서 얻는 크리에이션!
다양한 콘텐츠에 주관적 감정을 객관화 하는 작업.
‘FUDGE finds its price"
라포티셀,https://usercontents-c.styleshare.io/images/21152864/700x394,Lapothicell(라포티셀)은 외부 환경으로 자극 받은 피부에 건강한 휴식을 선사하고자 하는 의미를 담고 있습니다.
라흐티,https://usercontents-c.styleshare.io/images/18296169/700x394,LAHTI(라흐티)는 어린 시절 낡은 옷과 액세서리 그리고 가구들을 소중히 간직하고 사랑하는 유럽문화. 비슷한 취향의 사람을 만나듯 편안하고 값진 브랜드를 만들고 싶은 작은 바램이 라흐티의 시작입니다.
락컬러,https://usercontents-c.styleshare.io/images/32531383/700x394,
락토퓨어,https://usercontents-c.styleshare.io/images/42705411/700x394,17종의 다양한 균주로 배합한 생유산균
락티브,https://usercontents-c.styleshare.io/images/40814211/700x394,"락티브만의 코팅 기술로 건강한 유산균이 장까지 활발하게! 락티브는 이산화규소, 카제인나트륨, 합성감미료 등 7가지 첨가물이 없는 온 가족 유산균입니다."
락포트,https://usercontents-c.styleshare.io/images/21193006/700x394,ROCKPORT(락포트)는 1971년 최신 기술을 사용해 기능적으로 편안한 신발을 만들겠다는 철학과 함께 시작되어 rockport는 40여년이 지난 지금까지도 전세계 메트로폴리탄들이 원하는 편안함과 기능성을 모두 갖춘 세련되고 스타일리시한 제품을 출시하는 브랜드입니다.
락피쉬,https://usercontents-c.styleshare.io/images/18819431/700x394,
람보르기니,https://usercontents-c.styleshare.io/images/42283604/700x394,이탈리아의 고성능 슈퍼카 및 스포츠카를 만드는 제조업체
랑방,https://usercontents-c.styleshare.io/images/19281946/700x394,"랑방(LANVIN)은 20세기를 대표하는 파리 패션 디자이너입니다. 현존하는 파리 디자인 하우스 중 가장 오랜 역사를 자랑하며, 2017년 랑방 창립 128주년을 맞이했습니다."
래스칼,https://usercontents-c.styleshare.io/images/25502326/700x394,"RASKAL(래스칼)은 악동이란 뜻의 Rascal 의 ""C""를 ""K"" korea의 상징적인 단어로 변형하여 한국의 악동이란 뜻을 가지고있습니다. 중성적인 스트릿브랜드이며 확실한 메세지를 옷을 통해서 흡수 시켜 전달 할 것이다. 과거,현재 시대와 문화적요소, 다양한 콘텐츠와 재구성하여 Raskal 만의 것으로 진행하고 있습니다."
램배스트,https://usercontents-c.styleshare.io/images/18819474/700x394,"램배스트(LAMBAST)는 without fear there is never no bravery 두려움없이 영감은 없다. 라는 슬로건아래 새로운 모험을 시도합니다. comic하면서도 단정한, basic하면서도 평범하지 않은, simple하면서도 답습이 아닌 Lambast만의 컬러링과 여러장르들의 조합으로 신선함을 주며, 소비자의 장르선택에 있어 폭넓게 만들자는 취지로 시작되었습니다."
랩코스,https://usercontents-c.styleshare.io/images/24533253/700x394,"랩코스(LAPCOS)는 옷을 피팅하듯 매일 매일 컬러를 입는
즐거움을 제공하는 감각적인 코스메틱 브랜드입니다.

매일 매일 컬러를 입는 즐거움
COLOR FITTIN’ROOM LAPCOS"
러기드하우스,https://usercontents-c.styleshare.io/images/21269827/700x394,"RUGGED HOUSE(러기드하우스)는 20세기 초 중반의 밀리터리, 아웃도어, 워크웨어에서 느낄 수 있는 감성들을 현대인들이 쉽게 이해하고 즐길 수 있도록 재해석 해나가는 브랜드입니다."
러닝하이,https://usercontents-c.styleshare.io/images/19043818/700x394,"RUNNING HIGH(러닝하이)는 대한민국 서울을 거점으로 2015년 F/W 시즌부터 시작되었으며 workwear 느낌이 가미된 여성복&유니섹스 캐주얼 브랜드를 지향하며, 다양한 컬러감과 합리적인 가격을 바탕으로 RUNNING HIGH만의 감성을 전개합니다."
러브이즈트루(LUVISTRUE),https://usercontents-c.styleshare.io/images/41831837/700x394,"러브이즈트루는 심플, 미니멀, 컬러감이 있는 것들에서 영감을 받으며, 시즌마다 재미있는 요소를 더한 위트 있는 컨템포러리 웨어를 제안합니다.
사랑, 우정, 일 그리고 패션에 대해 자기만의 스타일을 가지고 있는 사람들과 함께, 오늘도 사랑을 노래합니다. ""LUV IS TRUE"""
러비더비,https://usercontents-c.styleshare.io/images/18819531/700x394,LOVEYDOVEY(러비더비)는 물 흐르듯 흘러가는 시간과 큐브 속에 갇힌 듯한 공간을 초월한 향기로부터 오는 행복을 선물하고 싶습니다.
러셀 애슬레틱,https://usercontents-c.styleshare.io/images/34962315/700x394,"러셀 애슬레틱은 1902년 미국에서 시작되어 세계 최초의 스웨트셔츠를 제작한 브랜드입니다. 
긴 역사만큼 방대한 유산과 기술력을 가진 러셀은 미국의 스포츠 유니폼을 시작으로 2차 세계대전의 미군의 운동복을 지나, 현재는 세계 각지의 대중들에게 트렌디한 디자인과 좋은 소재의 편안한 옷을 소개하고 있습니다. 
2002년에 100주년을 맞이한 러셀 애슬레틱은 오랜 역사와 브랜드의 유산에 대한 자부심을 가지고 혁신과 다양성, 최고의 품질을 추구하는 가치를 지켜나가고 있습니다."
럭키다이스,https://usercontents-c.styleshare.io/images/40818149/700x394,"럭키다이스는 레트로 무드를 기반으로 다양한 작업으로 표현하고, 
만들며 일상 속 다양한 상황과 장소에 구애받지 않는 데일리웨어를 제안합니다."
런디에스,https://usercontents-c.styleshare.io/images/18819570/700x394,"RUNDS(런디에스)는 셀렉샵을 기반으로 시작된 브랜드로, 현재 셀렉샵과 함께 브랜드를 운영중이며, 트렌디, 유니크한 디자인을 추구하는 브랜드입니다."
레겐보겐,https://usercontents-c.styleshare.io/images/41288202/700x394,"어떠한 틀에도 얽매이지 않는 Z세대의 자유분방한 고유의 감성을

문화, 컬러, 트랜드 다양한 부분과 결합하여 독창적으로 표현하고자 하는

유니크 캐주얼 브랜드 입니다."
레그넷(REGNET),https://usercontents-c.styleshare.io/images/37134699/700x394,"비를 피하는 완벽한 방법
우산은 거꾸로 우산 레그넷"
레노마(renoma),https://usercontents-c.styleshare.io/images/42098754/700x394,"레노마는 전통과 문화, 라이프스타일의 관습에 얽매이지 않는 자유스러운 생각의 해방을 표현합니다.
레노마는 정착으로 시작하여 뛰어난 평가는 물론 많은 신뢰를 받고 있는 브랜드입니다."
레드쿠키,https://usercontents-c.styleshare.io/images/41530964/700x394,레드쿠키는 기존 색조 제품들이 가지고 있는 단점들을 보완하여 단순하게 바르는 화장품이 아니라 과하지 않은 쿠키향을 제품에 넣어 기분좋은 달달함으로 즐거움과 아름다움을 동시에 느끼고 표현되는  색조 브랜드 입니다.
레드퀸,https://usercontents-c.styleshare.io/images/25437378/700x394,"RED-QUEEN Effect
가성비 최고인 상품만 판매합니다.
페미니즘 제품을 제작하고 수익금의 30%이상을 기부합니다."
레모닝,https://usercontents-c.styleshare.io/images/42929978/700x394,"ReMorning [레모닝]

매일 아침 반짝이는 햇살처럼

매일 아침 반짝이는 햇살처럼 당신을 밝혀주는 주얼리 레모닝 입니다."
레베니아,https://usercontents-c.styleshare.io/images/21967402/700x394,
레브(REVE),https://usercontents-c.styleshare.io/images/41703880/700x394,"REVE는 프랑스어로 꿈, 희망, 동경이라는 뜻을 가지고 있습니다.
㈜레브커머스는 가정의 꿈을 제품으로 전하는 신념을 가지고, 세련되고 혁신적인 디자인의 제품을 개발하는데 최선을 다하고 있습니다. REVE는 DC초미풍 선풍기, DC 저소음 공기순환기 를 비롯하여 독창적인 프리미엄 디자인의 소형가전 제품을 확대 하고 있으며 세련된 디자인과 합리적인 가격, 그리고 완벽한 검수를 마친 높은 품질의 제품을 제공하여 소비자의 만족과 가정의 꿈을 전하는 브랜드가 되도록 노력하겠습니다."
레브넛,https://usercontents-c.styleshare.io/images/18819643/700x394,REVE NAUT(레브넛)은 아기자기함과 천진난만한 동심을 지닌 레브넛만의 스타일을 전개합니다.
레브론,https://usercontents-c.styleshare.io/images/43235128/700x394,"나를 당당한 여자로, 시대를 앞서가는 여자로!
특별하게 만들어주는 브랜드, 레브론"
레스옴므,https://usercontents-c.styleshare.io/images/42787263/700x394,
레아라킨,https://usercontents-c.styleshare.io/images/42034211/700x394,"레아라킨(RHEA ROCKIN)은 세계 1위 비보이 팀인 진조크루가 서브컬쳐를 공유하고 
이해하겠다는 취지로 론칭한 브랜드입니다.
 ‘본연에 충실한, 격이 다른 브랜드’라는 슬로건으로 
한국의 스트릿 댄스 신을 기반으로 시작한 힙합 브랜드입니다."
레이나모라,https://usercontents-c.styleshare.io/images/42273433/700x394,"‘푸르고 빛나는 깃을 가진 소리가 아름다운 새’ 라는 뜻을 가지고 있습니다.
로고의 의미이자 심벌의 디자인으로 형상화된  파랑새는 ‘행복(happiness)’을  상징하며,
행복은 레이나모라의  모든 철학을 연결시켜 주는 중심 키워드입니다.

건강한 라이프스타일을 위한 액티브 한 활동은 개개인이 자신의 가능성을
최대한 발휘하도록 하며 삶에 여유와 확신을 불어 넣어 줄 것이라 믿습니다.

건강한 신체적 활동과, 아름다운 디자인, 기능, 느낌, 퍼포먼스에 중점을 둔
애슬레저 웨어의 감각적 충족을 통해 각자의 내면에 내재되어 있는 정서적 행복을 발견하고,
나아가 개개인의 삶에 더 큰 변화와 성장의 영감을 불러 불러일으키는 것이
레이나모라가 추구하는 브랜드 철학입니다."
레이나퍼퓸,https://usercontents-c.styleshare.io/images/38603761/700x394,"당신을 위한 디퓨저, 레이나퍼퓸"
레이지띵(LAZYTHING),https://usercontents-c.styleshare.io/images/41814726/700x394,LAZYTHING (레이지띵)은 독특한 아이디어로 새롭고 특별한 무언가를 만듭니다.
레이지라운지,https://usercontents-c.styleshare.io/images/32074238/700x394,
레인보우퍼퓸,https://usercontents-c.styleshare.io/images/35724299/700x394,촉촉하고 생기 넘치는 피부는 생기예쁨 X 수분 위에 내려앉은 향기는 뿜뿜예쁨! 무지개병에 가둔 향기 수분이 쉽고 빠르게 예뻐지는 방법을 알려드려요!
레쥬베라,https://usercontents-c.styleshare.io/images/31841091/700x394,타임머신을 타고 시간을 되돌리는 것 처럼 피부나이를 되돌려 줄 기적의 피부 연금술
레터프롬문,https://usercontents-c.styleshare.io/images/37776322/700x394,"A ROMANCE BEGINS WITH THE LETTER FROM MOON.

'LETTER FROM MOON(달에서 온 편지)'라는 브랜드명에 알맞게, 로맨틱 & 레트로무드의 옷을 만드는 브랜드입니다. 
20대 초중반 여성 고객들을 타겟으로 하며, 옷 하나 하나에 LETTER FROM MOON 만의 개성이 들어가게끔 정성을 다한 옷들입니다. 
'디자이너 옷은 가성비가 안 좋다'는 편견을 깨기 위해 합리적인 가격대의 상품들로 구성했으며, 
그만큼 디자인, 가격에서 차별성을 가진 상품들을 매시즌 선보입니다."
레페토,https://usercontents-c.styleshare.io/images/42759112/700x394,Repetto는 프랑스 발레 슈즈 회사입니다.
레프트엑스엑스엑스,https://usercontents-c.styleshare.io/images/18819688/700x394,LEFT XXX(레프트 엑스엑스엑스)는 디자이너 이대겸의 세컨레이블인 LEFT XXX는 베이직한 실루엣에 LEFTXXX 만의 INITIAL을 새기는 다양한 작업들을 추구하는 브랜드입니다.
로너,https://usercontents-c.styleshare.io/images/23178136/700x394,"로너 17fw 컨셉은 Recycling center를 모티브로 
리사이클 문구가 부착된 제품을 만나볼수 있으며,
남녀노소가 편안하게 입을수있는 스타일을 제안합니다."
로더마인,https://usercontents-c.styleshare.io/images/cff5e311-04b9-4624-809e-858873239890/700x394,전상품 무료배송으로 만나는 각 시즌에 맞는 쥬얼리를 추천드려요
로디스,https://usercontents-c.styleshare.io/images/20314957/700x394,"LODIS(로디스)는 댄디하고 포멀한 패션을 선호하는 20대를 메인타겟, 10대 후반을 서브타겟으로 하는 중저가의 클러치, 가방 브랜드입니다. FAST FASHION의 홍수속에서 CLASSIC FASHION에 대한 소비자의 NEEDS를 충족시키기 위하여 클래식에 트렌드와 위트를 적절히 조합하여 새로운 클래식 스타일을 지향합니다."
로라,https://usercontents-c.styleshare.io/images/31165182/700x394,매혹적이고 아름다운 레드컬러로 나를 더욱 아름답게 만드는 로라 코스메틱
로라로라,https://usercontents-c.styleshare.io/images/28456313/700x394,건강하고 재미있게 행복한 라이프 스타일을 꿈꾸는 FUNHEALTHY (펀헬시) 라이프스타일 브랜드
로램스,https://usercontents-c.styleshare.io/images/41526582/700x394,I'll make you shine
로로팝,https://usercontents-c.styleshare.io/images/23616635/700x394,"LOROPOP 은 최신 트렌드에 신속하게 반응하되 기본에 충실함을 초점에 두었습니다
제품을 직접 디자인하고 생산함으로써 ""합리적인가격에 최고의퀄리티""를 보여드리자 라는 모토로
제품에대해 강한 자부심을 갖고 다양한연령대가 쉽게 접할 수 있는 컬러와 감성을 풀어낸 프리미엄 브랜드입니다﻿."
로리앤첼,https://usercontents-c.styleshare.io/images/38003592/700x394,"아름다운 '빛'을 위한 섬세한 관찰, 로리앤첼에서 찬란한 빛을 누려보세요!"
로마네,https://usercontents-c.styleshare.io/images/84de97a1-caf9-4864-b9b0-08de089e9182/700x394,귀여운 일러스트 가득 팬시브랜드
로망판다,https://usercontents-c.styleshare.io/images/35724294/700x394,"스타일의 완성은 손 끝에서 완성된다죠? 네일아트를 받고 싶지만 시간적으로, 금전적으로 받지 못하셨던 분들을 위해 간편하게 셀프네일로 로망을 이루어드리는 트랜디함 가득한 젤네일스티커를 제안합니다!"
로몬,https://usercontents-c.styleshare.io/images/18819711/700x394,LOMON(로몬)은 개성있고 young한 고객님들을 위한 캐쥬얼 브랜드 입니다. 유머러스하고 귀여운 스타일을 통해 다양한 스타일을 제시하겠습니다.
로스코,https://usercontents-c.styleshare.io/images/19010267/700x394,택티컬 아웃도어 전문 기업인 Rothco는 세계 곳곳의 고객을 확보한 기업이며 오랜 역사가 알려주듯 안정된 제품 공급과 관리로 오랜 사랑을 받아온 브랜드입니다.
로스팅마스터즈 빈투바,https://usercontents-c.styleshare.io/images/6ff2c166-d0e6-475b-9b28-419b36d5bef6/700x394,"최소한의 제조 공정으로 만들어지는 from bean to bar 초콜릿은 카카오 빈 고유의 풍미를 담고 있습니다.

•Single Origin
빈투바 초콜릿은 한 가지 종류의 카카오 빈을 사용하여 해당 원두가 가진 고유의 개성을 담아냅니다.
•Local Food
특정 지역별로 고유의 카카오 빈을 사용하는 빈투바 초콜릿은 각 원두의 원산지와 생산자의 투명성을 보장합니다.
•Direct Trading
빈투바 초콜릿은 소규모 다품종 소량 생산 위주이기 때문에 현지 카카오 생산자와의 직접 거래를 통해 신뢰를 쌓고 있습니다."
로씨로씨,https://usercontents-c.styleshare.io/images/42219306/700x394,로씨로씨(rocci rocci)는 어떤 모습으로 피어날지 몰라 그 자체로도 설레는 시기를 보내는 소녀들을 위한 여성 캐주얼 브랜드입니다.
로아드로아,https://usercontents-c.styleshare.io/images/31201040/700x394,"ROIDESROIS(로아드로아)는 10대~20대의 패션에 관심이 많은 사람들을 타겟으로 트렌디하면서도 자신감 넘치는, 그리고 그들만의 자연스러운 패션감각에 녹아 들 수 있는 데일리 아이템을 디자인 합니다. 한국의 빠른 패션변화에도 언제나 자연스러우면서도 다양한 스타일에 어울리는 아이템을 제안합니다. 20여년 동안 헬로키티,젝시오,앙드레김 등 일본과 동남아시아 뿐만 아니라 미국까지 다양한 가방/잡화등의 디자인과 생산을 전문적으로 한 EMG에서, 합리적이며 높은 퀄리티의 국내 가방 브랜드를 전개하기 위해 런칭하는 로아드로아는 디자인 부터 생산 그리고 AS까지 믿고 오랫동안 소장 할 수 있는 제품을 만듭니다."
로얄라이프,https://usercontents-c.styleshare.io/images/39618916/700x394,"로얄라이프는 타투, 음악, 스케이트보드등의 서브컬쳐 라이프 스타일을 지향합니다.
매달 다양한 아티스트들과의 협업을 진행중이며 룩북과 로컬 파티등을 통하여 서브컬쳐씬의 라이프 스타일을 표현합니다."
로어서울,https://usercontents-c.styleshare.io/images/39913170/700x394,"로어(ROAR)는 '소리치다' '울부짖다'는 의미의 단어입니다. 
우리가 지내고 있는 모든 문화, 패션, 환경에 소리를 치는 로어만의 다양한 의미를 찾습니다. 
가장 기본에 충실하면서 설명할 수 있는 적절한 로고 플레이와 포인트 그리고 그 의미에 대한 
위트와 미국 문화, 패션, 스트릿 해석을 더합니다. 모두에게 매력적인 모습으로 보이는 디자인을 지향합니다."
로에베,https://usercontents-c.styleshare.io/images/42727703/700x394,
로에일,https://usercontents-c.styleshare.io/images/39088150/700x394,"LOEIL(로에일)은 
일상적이면서도 다양한 색채의 조화를 통해 차별화된 룩을 선보이는 브랜드이다.
웨어러블하면서도 위트있는 디테일들로 로에일만의 세련된 감성으로 풀어냈다."
로엘브,https://usercontents-c.styleshare.io/images/40504995/700x394,"수십 년간 국내외 브랜드의 가방을 전문적으로 생산하고 있으며,
그동안 축적된 기술과 노하우로 합리적인 가방을 제안하고자 로엘브를 만들게 되었습니다.

타 브랜드와는 차별화된 원단, 부자재, 인체공학적 패드 등은 받아보시면 감탄하시리라 자부할 수 있습니다."
로엠,https://usercontents-c.styleshare.io/images/38347339/700x394,"ROMANTIC STYLIST, ROEM
로맨틱한 스타일로 사랑 받아 온 로엠은 
2035 여성들이 가장 먼저 떠올리는 로맨틱 영캐주얼 브랜드입니다.
페미닌한 세미정장 라인과 로맨틱 요소를 더한 캐주얼 라인을 전개하며 
패션잡화와 악세서리를 함께 구성해 TPO에 맞는 풀코디를 제안합니다."
로우로우,https://usercontents-c.styleshare.io/images/35487513/700x394,"Product 일상에 필요한 것을 만듭니다. 
Project 꼭 필요한 일을 합니다.

R BAG since 2012, 가방의 본질은 '정리와 수납'이라고 생각, 
필요 없는 장식들은 과감하게 버리고 가방이 해야 하는 기능만 신경썼습니다. 

R SHOE since 2015, 신발의 역할은 '발을 보호하는 도구'. 
수백 개의 구멍을 뚫어 바람 잘 통하게 하고 
가볍게 만들어 신을수록 발이 편안한 신발을 만들었습니다. 

R EYE since 2016, 안경 재료로는 최고급에 속하는 베타티타늄으로 제작해 
풍선에 매달면 떠오를 정도로 가볍고(100원보다 가벼운 무게, 5g) 
튼튼함을 가진 안경을 만들었습니다.

R TRUNK since 2018, 우리가 생각한 가방의 끝. 
가장 무거운 짐을 가장 편하게 옮기기 위한 방법을 고민하고 
100년 동안 변화 없던 캐리어 손잡이를 바꿨습니다."
로울프,https://usercontents-c.styleshare.io/images/20841139/700x394,"‘ LO LIFE WOLF ’ ‘ LOWLF ’ 는 90년대부터 오늘날까지 이어지고 있는 미국의 Oldschool Fashion 집단인 ‘ LO LIFE ’ 와 그것을 즐기는 이들(LO WOLF)의 합성어로 ‘ LO LIFE Fashion ’ 을 재해석, Modern하게 풀어내어 한국형 로 라이프 패션을 제안하는 신진디자이너 브랜드입니다."
로이드,https://usercontents-c.styleshare.io/images/41100254/700x394,"사랑하는 모든 이에게 마음을 전하세요.
1990년에 설립된 European Jewelry 브랜드 LLOYD는 British Modern 컨셉의
차별화된 디자인의 Jewelry와 클래식한 Watch를 합리적인 가격으로 선보이며, 
국내 쥬얼리 기프트 선두 브랜드로 자리잡아 공감할 수 있는
Gift Jewelry & Watch를 제공하고 있습니다.
마음 속에 GIFT의 감동을 남기기 위해 끊임없이 노력하는 LLOYD는 THE GIFT입니다."
로이터,https://usercontents-c.styleshare.io/images/25217896/700x394,"LOITER는 자유분방함을 추구하는 젊은 감각에서 영감을 받아, 심플하고도 흥미로운 스타일을 제안합니다.
저희는 10대-20대 유니섹스 스트릿 패션을 기반으로 하는 브랜드이며, 다양한 컬러조합과 심플하고도 유니크한 디자인을 중점으로 하고 있습니다."
로즈마인,https://usercontents-c.styleshare.io/images/25367531/700x394,"잊을 수없는 향기! 바디의 명가 에바스코스메틱의
대표 바디 케어 브랜드"
로즈오브샤론,https://usercontents-c.styleshare.io/images/42271505/700x394,경희대 한의학대 교수연구진이 직접 연구 개발한 믿을 수 있는 브랜드 로즈오브샤론입니다.
로지텍,https://usercontents-c.styleshare.io/images/d01bbceb-dfa1-4f60-a21b-3296b7db42b1/700x394,
로켓런치,https://usercontents-c.styleshare.io/images/19010283/700x394,ROCKET X LUNCH(로켓런치)는 20대의 젊음을 함께하는 컨템퍼러리 캐주얼 웨어입니다. 스트릿 요소를 믹스하고 과하지 않은 디테일변화와 컬러 베리에이션을 통해 트렌디 하고 유머러스한 디자인을 추구합니다.
로트리,https://usercontents-c.styleshare.io/images/18861675/700x394,"LOTREE(로트리)는 보보스족, 웰빙족과 같이 여유롭고 최고의 아름다움을 추구하는 20대 여성층을 Target으로 자기 자신과 일을 사랑할 줄 알며 탁월한 통찰력으로 현대를 바라볼 수 있는 감각적인 여성들의 삶을 더욱 아름답고 풍요롭게 가꾸어 드리고자 노력합니다."
로피타,https://usercontents-c.styleshare.io/images/39961552/700x394,"로피타는 love pitta의 줄임말로 피타는 'fairy pitta' 즉, 팔색조를 의미합니다. 로피타는 흥미롭고 다양한 것들에 도전하며 여러분에게 숨겨진 비밀같은 매력 8가지를 찾아나가길 바라는 마음으로 만들어진 색조브랜드입니다."
록시땅,,"로피타는 love pitta의 줄임말로 피타는 'fairy pitta' 즉, 팔색조를 의미합니다. 로피타는 흥미롭고 다양한 것들에 도전하며 여러분에게 숨겨진 비밀같은 매력 8가지를 찾아나가길 바라는 마음으로 만들어진 색조브랜드입니다."
론론,https://usercontents-c.styleshare.io/images/a1ac73d9-c5b9-4ad8-ae4d-a363445b49d6/700x394,"Ronron은 고양이들이 행복감을 느낄 때 내는 갸르릉 거리는 소리를 표현한 프랑스어입니다.
Ronron은 당신의 일상에서 건강한 행복을 함께하기를 기원합니다. Be (you) with Ronron !"
론토,https://usercontents-c.styleshare.io/images/33769401/700x394,'luonto:론토'는 핀란드어로 '자연'을 뜻하는 말로 순수한 자연에서 시작하는 글로벌 코스메틱 브랜드입니다.
롤리타렘피카,https://usercontents-c.styleshare.io/images/21193055/700x394,"롤리타 렘피카(Lolita Lempicka)는 아름다움을 더욱 빛낼 향기의 마법으로 탄생했습니다. 꿈과 현실, 순수함과 관능미를 모두 갖추고 있습니다."
롤리탑,https://usercontents-c.styleshare.io/images/24063707/700x394,"자체제작 상품으로 신축성이 뛰어난 원단과 쿠셔닝이 뛰어나고 깃털처럼가벼운 아웃솔을 사용하였습니다.

5cm키높이 상품으로 다리라인을 날씬하게 잡아줍니다."
롬앤,https://usercontents-c.styleshare.io/images/39998050/700x394,"ROMANTICHIC
코덕을 위한 코덕에 의한 브랜드 롬앤입니다."
롱샴,https://usercontents-c.styleshare.io/images/42759092/700x394,"LONGCHAMP(롱샴)은 새로운 시즌마다 프랑스식 우아함을 재해석해 가방,지갑,의류등 다양한 제품을 선보이는 브랜드입니다."
루나(뷰티),https://usercontents-c.styleshare.io/images/19010291/700x394,LUNA(루나)는 Stylish하고 Trendy한 매력의 한혜진 외 10명의 패션 모델과 함께 나를 나답게 만들어주는 Beauty Stylist 브랜드로 새롭게 도약합니다.
루나(슈즈),https://usercontents-c.styleshare.io/images/18862486/700x394,LUNA(루나)는 Stylish하고 Trendy한 매력의 한혜진 외 10명의 패션 모델과 함께 나를 나답게 만들어주는 Beauty Stylist 브랜드로 새롭게 도약합니다.
루나리스,https://usercontents-c.styleshare.io/images/24853469/700x394,"LunAlice(루나리스)는 'Lunar'+'alice 의 합성어로 시계 토끼를 찾아 달으로 떠난 앨리스가 보여주는
소녀의 동화같은 이야기를 담은 브랜드 입니다.

걸리쉬한 캐쥬얼 스타일을 기반으로 하며, 소녀에서 숙녀가 되어가는 영 쇼퍼를 위한 룩을 선보입니다"
루나삭스,https://usercontents-c.styleshare.io/images/38254635/700x394,지루하고 반복되는 일상의 시작을 매일 색다른 양말로 채워가는 나만의 시그니처 루나삭스
루나시,https://usercontents-c.styleshare.io/images/23291435/700x394,"LUNACY(미친짓)을 뜻하는 브랜드이름은, 쳇바퀴처럼 도는 평범한 일상속에서 자신이 추구하는 방향, 개성, 취향으로 일탈(미친짓)을 하는 사람들을 응원한다는 의미를 내포하고 있습니다."
루드,https://usercontents-c.styleshare.io/images/42824361/700x394,"HACHUNG LEE의 세컨 레이블인 LUDE는 기본에 충실하며 입는 사람 각자의 개성에 적합한 데일리 웨어를 만드는 것을 궁극적인 목표로 합니다.
세밀한 제작 과정을 거쳐 합리적인 가격대를 갖춘 하이퀄리티 제품을 만드는 것이 우리 LUDE의 기본 철학입니다."
루루룬,https://usercontents-c.styleshare.io/images/21086379/700x394,
루벨라,https://usercontents-c.styleshare.io/images/40414529/700x394,"루벨라의 모든 제품들은 국내생산으로
신축성과 착용감이 우수합니다."
루시다,https://usercontents-c.styleshare.io/images/33595412/700x394,"LUCIDA(루시다)의 어원인 Lucir는 ‘빛나다, 반짝이다’ 라는 의미로,
숨겨져 있는 아름다움의 가치가 빛 날수 있도록 잠재된 매력을 재탄생! 시켜드리고자 
“빛나는 아름다움의 가치를 재조명 하다!”는 모토를 가진 프로페셔널 메이크업 전문브랜드"
루시드갤러리,https://usercontents-c.styleshare.io/images/23733098/700x394,"""그림의 향기에 빠져들다.""
루시드 갤러리는 매 시즌 새로운 화가와 함께 합니다.
갤러리에 들어선 순간. 
마주한 그림의 공간을 향기로 느낄 수 있게."
루씨네일,https://usercontents-c.styleshare.io/images/32951062/700x394,"루씨네일은 고객님들의 손톱 건강을 위해 네일 샤이너를 개발했습니다.
화학제품 없이, 손톱 표면의 울퉁불퉁한 주름을 미세하게 갈아, 반짝반짝 자연광을 내게 한 제품이므로 어린아이부터, 임산부까지 사용을 하셔도 인체에 무해합니다.
푸셔-버퍼-파일-폴리셔의 기능을 샤이너 하나로 해결가능합니다."
루어스트,https://usercontents-c.styleshare.io/images/19010302/700x394,"루어스트(LURE.ST)는 한국에서 설립된 패션, 잡화, 액세서리 브랜드이다. 매력과 유혹을 의미하는 Lure와 최상급을 의미하는 -est의 합성어로, 최고로 유혹적인 혹은 가장 매력적인 제품을 디자인하는 의미를 담고 있으며, 기본에 충실하며 미니멀함과 심플함을 유지하면서도, 유혹적이고 매력적인 디자인의 제품을 제작하는 브랜드입니다."
루이본,https://usercontents-c.styleshare.io/images/42706590/700x394,좋은 선물이라는 뜻을 가진 루이본은 쥬얼리브랜드로 2006년 설립 이후 토털뷰티브랜드로 거듭나고 있는 브랜드입니다.
루이비통,https://usercontents-c.styleshare.io/images/42618219/700x394,
루치아노 소프라니,https://usercontents-c.styleshare.io/images/42283606/700x394,"이탈리아의 유명 명품 브랜드, 패션의 거장 루치아노 소프라니의 향수 브랜드"
루카랩,https://usercontents-c.styleshare.io/images/32074241/700x394,
루킨,https://usercontents-c.styleshare.io/images/38255613/700x394,"비타민D, 먹는 것만 상상하셨나요?
바르는비타민D, 브이테라D"
루틴,https://usercontents-c.styleshare.io/images/21246246/700x394,
루틴 프로젝트,https://usercontents-c.styleshare.io/images/19010303/700x394,"ROUTINE PROJECT(루틴 프로젝트)는 기존에 있는 틀에 구애받지 않고, 매회 새로운 컨셉으로 다양한 시도를 하며,쉽고 재미있는 이야기들로 많은 분들과 의미있는 소통하는 브랜드입니다."
루흠,https://usercontents-c.styleshare.io/images/20968624/700x394,"RUHM(루흠)은 유행에 민감한 당신들을 위해 준비된 브랜드로, 항상 새로움을 추구하며, 시대가 지나도 변치 않을 베이직함을 함께 추구하며, 매일이 특별한 당신, 우리는 당신의 옷장 속에서 항상 찾는 유니폼으로 거듭나길 희망합니다."
룬케이브,https://usercontents-c.styleshare.io/images/35059238/700x394,
르꼬끄,https://usercontents-c.styleshare.io/images/42345068/700x394,"르꼬끄 스포르티브는 1882년 프랑스에서 시작되어 스포츠에 특화된 의상과 신발, 용품들을 생산하는 브랜드로 최고의 품질과 뛰어난 디자인으로 잘 알려져 있습니다."
르나드블랑,https://usercontents-c.styleshare.io/images/39930621/700x394,"르나드블랑, 루블랑은 좋은 원료와 컨셉성분인 제주엉겅퀴추출물을 바탕으로 피부의 아름다움과 건강함을 
가져다주는 순수한 성분 그대로 담고 있는 브랜드입니다."
르네휘테르,,"르나드블랑, 루블랑은 좋은 원료와 컨셉성분인 제주엉겅퀴추출물을 바탕으로 피부의 아름다움과 건강함을 
가져다주는 순수한 성분 그대로 담고 있는 브랜드입니다."
르마스크,https://usercontents-c.styleshare.io/images/42127924/700x394,"르마스크는 패션의 화려함을 해체하고 미니멀 모더니즘을 지향하는 라이프스타일 패션브랜드입니다.
오직 오브제의 본질에만 집중하여 단순화 된 선으로 입체적인 미를 디자인합니다."
르마인,https://usercontents-c.styleshare.io/images/19570982/700x394,"LEMINE(르마인)은 LE(그,그녀)FRENCH + MINE(나의것)ENGLISH 불어와 영어의 합성어 그녀 혹은 그에게 어울리는 나만의 것 이라는 의미로, 장소,의상,시간 등 모든곳 모든자리 모든시간 함께하는 당신의 것이라는 데일리 브랜드입니다."
르미니마카롱,https://usercontents-c.styleshare.io/images/42940746/700x394,Check your nails! 30초 젤네일로 언제어디서나 완벽한 손끝뷰티
르바디,https://usercontents-c.styleshare.io/images/38682099/700x394,
르반,https://usercontents-c.styleshare.io/images/19010305/700x394,"르반(LEVARN)은 매 시즌 트렌드에 맞는 편안하고 멋진옷을 만들고, 남녀 구분없이 누구나 쉽게 코디할 수 있는 디자인을 고민하는 브랜드입니다."
르오에스,https://usercontents-c.styleshare.io/images/40818917/700x394,"LUOES crystallizes everyone’s inner&outer beauty
BEAUTY INSPIRATION FROM SEOUL,"
르플랑,https://usercontents-c.styleshare.io/images/25514353/700x394,"뜨겁고, 애잔하고, 상냥하고, 침착했던 모든 순간이 당신에게 향기로 새겨진 것처럼, 당신의 기억할만한 모든 순간에는 향기가 납니다. 
르플랑은 잊지 못할 기억의 순간을 시적인 언어와 향기로 풀어낸 특별한 향수 브랜드입니다. 
다양한 예술 장르에서 영감을 받아 창의적으로 조향된 향기는 당신을 이해하는 최고의 비밀스러운 언어입니다."
리끌로우,https://usercontents-c.styleshare.io/images/18421681/700x394,"RECLOW(리끌로우)는 화장품 브랜드로 알려진 베네피트와 안경,선글라스의 만남 그리고 made in KOREA 로 탄생하는 브랜드입니다."
리나인,https://usercontents-c.styleshare.io/images/38816972/700x394,"RENINE (리나인)은 익숙함 속에서 새로움을 찾고자 노력하며,
누구나 합리적인 가격으로 매일 즐겨 입을 수 있는 제품을 소개하는 브랜드 입니다."
리더스,https://usercontents-c.styleshare.io/images/37021100/700x394,"'피부만 봅니다'
피부 메커니즘을 연구하는 피부 전문가의 특화된 포뮬라를 통해 피부고민을 적극 해결해주는 더마 코스메틱 브랜드입니다."
리르,https://usercontents-c.styleshare.io/images/32732970/700x394,"'리르'는 불어로 웃다, 즐기다의 뜻으로 감각적인 뷰티 제품을 통하여 웃음과 행복을 나누자는 의미입니다. 리르는 고객의 니즈를 반영하여 합리적인 가격으로 세련되고 트렌디한 화장품을 제공하는 글로벌 코스메틱 브랜드입니다."
리리코스,https://usercontents-c.styleshare.io/images/43228660/700x394,"바다가 가진 숨겨진 가능성을 믿고 미의 여정을 시작한 리리코스(Lirikos)는 딸라소테라피(해양요법)에 관한 오랜 노하우를 가진 프랑스 현지 연구진과의 제휴를 통해 1994년 탄생했습니다. 
리리코스는 바다가 줄 수 있는 최상의 혜택을 바탕으로 고객 여러분의 피부에 건강한 아름다움과 편안한 휴식을 약속합니다."
리메세,https://usercontents-c.styleshare.io/images/25574383/700x394,"The ‘ Beauty ’ of Limese means infinite enjoyment.
On the way to find your true self confidence, ego,
and identity, we'll be with you.
And the journey will be boundless fun."
리바이스,https://usercontents-c.styleshare.io/images/32947687/700x394,"리바이스는 실용성과 아름다움을 동시에 충족하는 디자인을 추구합니다. 
또한 원단부터 바느질, 마지막 디테일까지 모든 제작 과정에서 가장 완벽한 제품을 위하여 정성과 노력을 들입니다. 
느린 속도로 움직이는 전통적인 셔틀 직기로 매우 오랜 시간 공들여 짠 Levi's® Selvedge 컬렉션은 세계 최고의 품질을 자랑합니다."
리버설,https://usercontents-c.styleshare.io/images/22772704/700x394,"우산에 녹아 든 생각의 전환, 새로운 라이프 스타일의 시작
리버설 거꾸로 우산"
리베라(LIBERA),https://usercontents-c.styleshare.io/images/39790183/700x394,"LIBERA는 풍요의 여신이란 뜻으로

리베라양말을 착용하시는 고객님들이 풍요롭기를 바라는 뜻이 있습니다.

리베라양말은 전제품 국내에서 제조하고 있습니다.

코마사 최고급 면사만으로 편직하고 있으며 유통단계를 줄여 

고객님들께 질 좋은 제품을 저렴하게 공급하고자 합니다."
리베르테,https://usercontents-c.styleshare.io/images/25785269/700x394,"리베르테(LIBERTE STUDIO)는 더티핸즈 디렉터인 CHOI와 생산관리자인 JO가 협력하는 브랜드입니다. 고퀄리티, 낮은 이윤으로 고객분들에게 좋은 의류를 공급하기 위해 계획된 브랜드입니다. LIBERTE는 낮은 가격에 참신한 디자인으로 고객들에게 보답하겠습니다."
리베르텡,,"리베르테(LIBERTE STUDIO)는 더티핸즈 디렉터인 CHOI와 생산관리자인 JO가 협력하는 브랜드입니다. 고퀄리티, 낮은 이윤으로 고객분들에게 좋은 의류를 공급하기 위해 계획된 브랜드입니다. LIBERTE는 낮은 가격에 참신한 디자인으로 고객들에게 보답하겠습니다."
리복,https://usercontents-c.styleshare.io/images/19010310/700x394,"REEBOK(리복)은 1890년 영국의 ""조셉 윌리엄 포스터""가 단거리 육상 선수들을 위해 수제 러닝화를 만들던 ""J.W 포스터와 아들들의 공장""에서 시작되었으며, 곧 세계적인 기업으로 성장하였습니다. 많은 관심과 사랑을 바탕으로 매년 항상 새롭고 다양한 리복만의 라인을 선보이고 있습니다."
리사벨,https://usercontents-c.styleshare.io/images/31655656/700x394,"리사벨은 젊은 감성의 로맨틱함을 바탕으로 새로운 프렌치 스타일을 지향하는 패션 라이프스타일 브랜드입니다.

크레용 컨셉의 톡톡튀는 감성적인 디자인과 100% 국내 제작되어 10~20대의 연령층에서 많은 사랑을 받고 있습니다."
리스펙트,https://usercontents-c.styleshare.io/images/21149208/700x394,"RESPECT(리스펙트)는 패션, 컬처, 뮤직, 사회 전반적 이념을 담아 본연의 의미와 관점을 바로 바라보고 이해하려는 시도로써 입는 옷의 개념, 그 이상의 이념을 담아 전개하는 브랜드입니다."
리얼라이제이션,https://usercontents-c.styleshare.io/images/29882745/700x394,"리얼라이제이션은 유스컬쳐를 기반으로 하는 스트릿웨어 브랜드입니다. 
비비드한 컬러와 재미난 아트워크, 다양한 디테일의 혼합 속에서 브랜드의 감성을 전달합니다.
Think-Plan-Action을 모티브로 모든 젊음의 꿈과 목표, 그것이 현실이 되는 순간 함께하겠습니다."
리얼베리어,https://usercontents-c.styleshare.io/images/25382081/700x394,"""당신은 피부장벽 미인"" 피부장벽 전문 더모코스메틱 리얼베리어"
리얼스킨 [REALSKIN],https://usercontents-c.styleshare.io/images/37723798/700x394,
리얼테크닉스,https://usercontents-c.styleshare.io/images/38619895/700x394,세계적인 메이크업 아티스트가 만든 글로벌 메이크업툴 브랜드 리얼 테크닉스
리쥬네브,https://usercontents-c.styleshare.io/images/21156252/700x394,"LEJUNEV(리쥬네브)는 가방을 위한 모든것, 모두를 위한 가방, 여러분들이 필요로 하는 모든 가방을 담고자 합니다. 여러분의 생활속 언제나 함께하는 국민브랜드, Le-junev입니다."
리플라이퍼키,https://usercontents-c.styleshare.io/images/41496256/700x394,
리플레이컨테이너,https://usercontents-c.styleshare.io/images/21269450/700x394,"REPLAYCONTAINER(리플레이컨테이너)는 리플레이(재생하다)와 컨텐츠박스(box)를 상징하는 컨테이너 박스의 결합어로 ""재생하는 컨텐츠""의 상징성을 의미하는 브랜드입니다. 새로운 시선의 접근과 독창적인 상품으로 레터링자수에 의미를 부여하여 다른 브랜드와의 파차별성을 중점에 두고 있습니다."
리피속눈썹,https://usercontents-c.styleshare.io/images/36289999/700x394,"일본 프리미엄 핸드메이드 아이래쉬. 다양한 스타일과 넉넉한 용량으로 
메이크업을 완성 시켜드리는 리피속눈썹"
리훈,https://usercontents-c.styleshare.io/images/38682401/700x394,"계획을 하고 이루고, 리훈은 플래너 전문 브랜드입니다.
매일 체크해야 하는 작심한달이나 촘촘한 10분 플래너가 갑갑하다고 느껴지시나요?
하지만 리훈은 사용자가 한정된 시간을 어떻게 하면 가장 효율적으로 사용할 수 있을지 고민합니다.
시간을 능률적으로 사용하는 것이야말로 더 많은 시간을 버는 일이라고 생각하기 떄문이지요.
사용자가 원하는 곳에 다다를 수 있도록, 그리고 거기에 더 많은 시간을 사용할 수 있도록
리훈의 플랜만들기는 계속됩니다."
릭오웬스,https://usercontents-c.styleshare.io/images/42759357/700x394,
린량,https://usercontents-c.styleshare.io/images/19899784/700x394,"음과 양을 뜻하는 말인 YIN-YANG에 디자이너의 이름을 합해 지어진 이름, LYIN-LYANG. 린량의 정신세계를 90'~00'년대의 올드스쿨 감성과 동양의 종교적인 느낌을 기반으로 다양한 형태로 조화롭게 녹여내어 공유하고자합니다."
릴리바이레드,https://usercontents-c.styleshare.io/images/40434168/700x394,릴리바이레드는 순수한듯 능란한 뷰티 만랩 소녀들의 스킬을 담아 매일 매일 쉽고 빠르게 타고난 듯 완벽한 메이크업을 할 수 있게 도와주는 1823을 위한 세미 프로 메이크업 브랜드입니다
림멜,https://usercontents-c.styleshare.io/images/41553849/700x394,"런던 감성의 셀프 퍼포먼스 메이크업 NO.1 림멜
림멜은 생동감 넘치는 쿨한 도시 런던과 그 안의 크루들에게 영감을 받아 탄생했습니다. 놀라울 만큼 다채롭고 환상적인 쉐이드의 퍼포먼스 코스메틱으로 런던의 엣지있는 감성과 개성을 담은 셀프 메이크업 브랜드입니다."
마나,https://usercontents-c.styleshare.io/images/43114475/700x394,"marna는 1872년에 가정에서 쓰이는 브러시 제조업자로
사업을 시작한 일본생활용품 전문 브랜드입니다.
고객들의 피드백을 적극반영하여 다양한 가정용품을 개발하여
질이좋은 제품들을 개발하고 만들었습니다.
marna 제품 라인은 부엌, 병, 청소, 건강미용, 문구류등
다양한 제품을 생산하고 있습니다.좋은 제품개발 뿐만아니라
세련된 디자인으로 많은 제품들이 많은 상을 받았습니다.
다양한 제품들로 일상생활을 충족시켜주며 경험과 열정으로
가정용품 산업의 선두에 머무르며 전세계적으로 수출을 하고 있습니다.고객님들을 위해 특별한 디자인으로 즐거움과 편리성을 위해 노력하고 있는 브랜드입니다."
마나비스세븐,https://usercontents-c.styleshare.io/images/33491385/700x394,"MANAVIS7 은 나의 여정에 행운이 가득하길..' Too you ' 를 브랜드 슬로건으로 삼아 당신과 함께한다는 디자인과 무드로 질 좋은 소재와, 높은 퀄리티를 지향한다.
좋은 소재와 실용적인 디자인을 통해 오래입을수록 멋스러워지는,
가볍게 입어도 투박하지 않고 부담스럽지 않은 생활속에 가장 나다움을 표현하고자 한다."
마네스,https://usercontents-c.styleshare.io/images/25512336/700x394,"MANES(마네스)는 미니멀한 디자인적 요소를 ""달콤한 인생""이란 주제로 전반적인 무드를 표현하고 있으며, 감성을 자극하는 디자인을 하는 것이 마네스만의 목표입니다."
마니마니,https://usercontents-c.styleshare.io/images/34981036/700x394,"마니는 클로버 헌터입니다.
꽃과 자연을 사랑하는 마니는 순수해 보이는 겉모습과는 다르게 치밀하고
똑 부러지는 성격이며, 빠릿빠릿한 행동으로 반전의 모습을 가지고 있습니다.
귀여운 마니와 같이 모험을 떠나볼까요?"
마댕,https://usercontents-c.styleshare.io/images/36723838/700x394,유기농 성분을 사용한 저자극 제품들을 선보이며 ㅜ아름다운 피부를 만드는데에만 머무르지 않고 건강한 라이프 스타일 자체를 원하는 고객들을 위한 제품을 창조하는 것을 목표로 합니다.
마데카21,https://usercontents-c.styleshare.io/images/29882383/700x394,동국제약의 피부과학 50년의 노하우로 탄생한 마데카21은 동국제약의 핵심성분인 TECA는 물론 염증을 유발하지 않는 논코메틱 전성분으로 민감성/여드름케어 전문 코스메슈티컬 브랜드입니다.
마루빌츠,https://usercontents-c.styleshare.io/images/36666917/700x394,세계 화장품 100대 기업에 선정된 독일 메이크업 브랜드 마루빌츠
마르니,https://usercontents-c.styleshare.io/images/42759367/700x394,
마르마르,https://usercontents-c.styleshare.io/images/41417106/700x394,"Add the beauty in your origin"" 본질에 아름다움을 더하다.
생활에 아름다움을 더해 소비자들의 삶을 더욱 특별하고 가치있는 삶으로 가꾸어주는 라이프 코스메틱 브랜드 ""마르마르""입니다."
마르셀로불론,https://usercontents-c.styleshare.io/images/42849220/700x394,
마리몬드,https://usercontents-c.styleshare.io/images/18862222/700x394,"MARIMOND(마리몬드)는 Mariposa와 Almond가 만나 탄생한 이름이다. 나비가 내려앉음으로써 꽃은 만개하고, 그 꽃에서 우리는 새로운 생명력을 느낀다. 여려 보이지만 못다 핀 꽃을 피어나게 하는 힘을 가진 나비처럼, 마리몬드는 존귀함의 회복을 위한 날갯짓을 멈추지 않는 브랜드가 되고자 한다."
마리질랭,https://usercontents-c.styleshare.io/images/39946615/700x394,"마리질랭(MARIE GILLAIN BELGIUM)의 가방 라인은 BASIC과 CLASSIC을 백그라운드에 담고 있으며,
그 속에서 실용성과 특별함을 찾고 있습니다."
마마마,https://usercontents-c.styleshare.io/images/37863266/700x394,"트렌드를 그리다
마마마만의 감성적인 레터링,선 표현과 컬러감으로
새로운 폰케이스의 멋을 표현합니다."
마몽드,https://usercontents-c.styleshare.io/images/43228668/700x394,"마몽드는MA(나의) + MONDE(세계) 라는 뜻으로자신만의 세계를 추구하는 당당한 여성의 가치관을 담은 브랜드입니다. 
꽃에서 영감을 받아28년간 꽃을 진정성 있게 연구해 온 마몽드는꽃이 가진 놀라운 생명력과 개화 에너지를제품에 정성스럽게 담았습니다.
여성의 아름다움을 꽃피우는 브랜드, 마몽드입니다."
마블,https://usercontents-c.styleshare.io/images/23394986/700x394,"마블 스튜디오에서 제작하는 슈퍼히어로 프랜차이즈 세계관. 줄여서 'MCU'라 칭합니다. 마블 스튜디오가 제작한 영화, 드라마 등 모든 작품 모두가 이 세계관에 속해 있습니다. 세계적으로 막대한 인기와 수익을 끌어들이는 미디어 부문 최강 콘텐츠 중 하나라고 할 수 있습니다. 처음 아이언맨 1이 나왔을 때만 해도 MCU의 규모는 굉장히 작았으나, 어벤져스 1의 개봉 및 흥행과 더불어 드라마 시리즈의 제작 또한 이루어지면서 세계관이 크게 확장되었습니다. 
마블 캐릭터 스피커, 램프 등을 판매하고 있습니다."
마스마룰즈,https://usercontents-c.styleshare.io/images/41166887/700x394,"마스마룰즈 [Masmarulez]는 ""마이스타일 마이룰즈"" [내스타일은 내가정한다]의 
줄임말을 신조어로 재해석한 브랜드입니다.

마스마룰즈만의 패턴 디자인과 컬러매칭의 조합으로 자신만의 스타일을 완성할 수 있는 
개성있고 참신한 제품을 디자인하고 생산하는 디자인 잡화 및 패션 브랜드입니다."
마에다류토,https://usercontents-c.styleshare.io/images/35750006/700x394,"MAEDA RYUTO(마에다류토)는하나의 컨셉으로 규정되지 않으며 
계속된 도전과 새로운 시도로 끊임없이 변화하는 브랜드입니다."
마이밀,https://usercontents-c.styleshare.io/images/39980403/700x394,
마이뷰티다이어리,https://usercontents-c.styleshare.io/images/23739531/700x394,"매일 매일 더 예뻐지는 습관
마이뷰티다이어리는 2003년 합리적인 가격대에 더 많은 사람들이 다이어리를 쓰듯이 매일 부담 없이 사용할 수 있는 제품을 만들자.’는 모토 아래 탄생하였습니다.
다국적 화장품 유통업체인 PPC그룹의 브랜드로, ‘PRETTIER DAY BY DAY’ 슬로건처럼 매일 매일 더 욱 더 예뻐지는 기쁨을 선사할 것을 약속합니다."
마이애미프로젝트,https://usercontents-c.styleshare.io/images/40022172/700x394,"마이애미프로젝트는 가장 심플한 멋을 지닌 슈즈 브랜드입니다.
모든 제품은 천연소가죽으로 생산이 되며
최상의 착화감을 드리기위해 3가지의 깔창을 제공합니다.
합리적인 가격으로 최상의 만족감을 드리기 위해 항상 노력하겠습니다."
마이클코어스,https://usercontents-c.styleshare.io/images/42849183/700x394,
마제스틱,https://usercontents-c.styleshare.io/images/35232770/700x394,"멈추지 않는 변화 속에 익숙하게 고른 아이템이 트렌드와 조화로운 불협화음을 만든다.
스트릿의 개성 넘치는 자신만의 트렌드를 만드는 ‘그들’의 마제스틱 캐주얼.

1976년 미국 펜실베니아주에 Faust Capobianco lll에 의해 설립된 마제스틱(MAJESTIC)은 전 세계에 스포츠 웨어를 제공하는 미국 브랜드로 1984년 MLB사무국과 공식 라이선스 계약 체결, MLB 전체 팀의 공식 스폰서쉽 브랜드로 자리잡았으며 명실 상부한 스포츠 브랜드로서의 위상을 공고히 하고 있는 'BASEBALL' 스피릿을 가진 에슬레틱 캐주얼 브랜드입니다."
마지언타이틀,https://usercontents-c.styleshare.io/images/40755583/700x394,"mazi untitled은 일상생활에서 언제나 편하게 사용할 수 있는 가방을 만드는 브랜드입니다.
다양한 옷차림에 어울리도록 간결하게, 사용자의 편의를 고려하여 섬세하게 가방을 제작합니다.
mazi untitled은 가방을 중심으로 우리 생활ㅇ에 필요한 물건을 만들어가며, 
일상에서 자연스러운 멋을 표한하는 브랜드가 되고자 합니다.

'easy but detailed'"
마케리마케,https://usercontents-c.styleshare.io/images/19335030/700x394,여성의 피부는 메이크업을 하고 메이크업을 지우는 과정을 끊임없이 반복하게 됩니다. 그래서 내 피부에 맞는 클렌징이 아주 중요합니다. 마케리마케는 이 중요성을 항상 기억할 수 있게 하는 독특하고 쉬운 주문입니다.
마켓비,https://usercontents-c.styleshare.io/images/41998313/700x394,"DIY, 마켓비에서는 최근 트랜드로 자리 잡은 SELF INTERIOR를 원하면서
자신만의 라이프 스타일을 만들고자 하시는 고객님들께
약 10,000여 가지의 실용적인 상품을 합리적인 가격에 제공해 드리고 있습니다."
마크모크,https://usercontents-c.styleshare.io/images/19010318/700x394,MACMOC(마크모크)는 새로운 시선과 독창적인 발견으로 신선하고 유니크한 슈즈 컬렉션을 디자인합니다. 슈즈를 통해 감성적인 디자이너의 색채를 전하며 다양한 분야의 미적 요소와 재미있는 컨셉으로 시각적인 즐거움을 선사합니다.
마크에이토리,https://usercontents-c.styleshare.io/images/5fa0cb6b-dd42-440d-8df9-58f25bcbb6d5/700x394,"마크에이토리(MARCATORY)는 '강조된', '명확한', '똑똑한' 이라는 뜻의 MARCATO와 '이야기'를 의미하는 STORY의 합성어 입니다.

학생 뮤즈(Muse)의 학교,수업시간에서의 이야기 혹은 데일리 스토리를 'MARCATORY'만의 명확하고 유니크한 무드가 있는 캐주얼웨어로 전개해 나가는 브랜드 입니다."
마크제이콥스,https://usercontents-c.styleshare.io/images/19281899/700x394,Louis Vuitton의 수석 디자이너 Marc Jacobs가 전개하는 브랜드. 모던한 엘레강스와 신선함을 전하는 그의 디자인은 시대를 불문하고 모든 여성에게 사랑받고 있습니다.
마키 MAQI,https://usercontents-c.styleshare.io/images/43113297/700x394,"파리 홍콩 등 해외 각지 스타일에 영감을 받은 특별한 패션 브랜드, 독특하고 최신 트렌드를 잘 담은 디자인을 선 보입니다. 독창적인 디자인 및 자체 생산으로 퀄리티 높고 가성비 좋은 제품을 연령대에 상관없이 자신있게 자신을 표출할 수 있는 독특한 패션을 추구합니다."
막스마라,https://usercontents-c.styleshare.io/images/43025713/700x394,MAXMARA(막스마라)는 '도시 여성의 지적인 삶의 표현'이라는 컨셉을 바탕으로 베이직하고 심플한 여성복을 선보이는 브랜드입니다.
말리부,https://usercontents-c.styleshare.io/images/21615912/700x394,
매니퀸,https://usercontents-c.styleshare.io/images/19010319/700x394,"MANNEQUIN(매니퀸)은 국내에서 찾기 힘든 최고급 이태리 수입가죽을 사용하여 심플하면서도 고급스러운 지갑, 머니클립, 벨트, 가방에 이르기까지 유니크한 핸드메이드 레더 제품을 선보이고 있는 브랜드입니다."
매드마르스,https://usercontents-c.styleshare.io/images/18421691/700x394,매드마르스는 스트릿 패션 브랜드입니다. 매드마르스 제품들은 힙합 무드를 바탕으로 하여 기성복 느낌을 가미했습니다. 제품들은 자유로움을 표현할 수 있는 현대적인 유니섹스 의류들 입니다.
매든,https://usercontents-c.styleshare.io/images/25042933/700x394,매든 (MADN) 은 심플한 디자인과 스트릿 캐쥬얼국을 지향하는 유니섹스 브랜드입니다.
매스노운,https://usercontents-c.styleshare.io/images/20020964/700x394,"MASSNOUN(매스노운)는 일상에서의 가치로 매길 수 없는 트렌드를 제안 하려 합니다. Massnoun 은 "" 셀 수 없는 명사 "" 를 뜻하는 사전적 표현의 의미를 두었습니다. 그래서 우리는 정형화 되고 제한된 틀에서 벗어나 셀수 없는 가치를 지닌 명확한 스타일을 지향하는 브랜드로 거듭나고자 합니다."
매시브,https://usercontents-c.styleshare.io/images/a2e6b2aa-e86e-4eae-a946-9c7e73f3439d/700x394,"점점 빨라지는 뷰티 트렌드, 더 가벼워지는 소비 트렌드에 맞추어진 MASSIVE.
MASSIVE(매시브)는 가장 트렌드에 민감하게 반응하여 가장 빠른 뷰티 트렌드를 실현하는 대중적인 FAST BEAUTY 브랜드 입니다."
매치글로브,https://usercontents-c.styleshare.io/images/39163317/700x394,"MATCHGLOBE(매치글로브)는 2009년 론칭한 서울을 기반으로 진행되고 있는 패션 브랜드입니다.

포멀한 룩을 기본으로 다양한 패턴, 컬러, 디테일, 텍스처 등을 조화롭게 풀어냅니다. 영화, 음악, 문화적인 컨텐츠, 그리고 일상적인 공간에서 영감을 받고 있습니다.

시대를 걸쳐 질리지 않는 포멀한 형태를 유지하고자 노력하며 대중에게 편안하게 다가가고자 합니다."
맥,,"MATCHGLOBE(매치글로브)는 2009년 론칭한 서울을 기반으로 진행되고 있는 패션 브랜드입니다.

포멀한 룩을 기본으로 다양한 패턴, 컬러, 디테일, 텍스처 등을 조화롭게 풀어냅니다. 영화, 음악, 문화적인 컨텐츠, 그리고 일상적인 공간에서 영감을 받고 있습니다.

시대를 걸쳐 질리지 않는 포멀한 형태를 유지하고자 노력하며 대중에게 편안하게 다가가고자 합니다."
맥앤칩스,https://usercontents-c.styleshare.io/images/18719443/700x394,"MCNCHIPS(맥앤칩스)는 1980년대 이후 모든 개체들의 생각과 가치관을 그대로 표현하려 합니다. 빠르게 반응하며 움직이는 이들을 위해 맥앤칩스는 형식에 얽매이지 않고 오직 순간 순간을 즐기며, 작은 부스러기 하나 까지도 관찰하여 더욱더 매력적인 아트웍을 선사합니다. 감지하는 모든것들을 같이 느껴보는것, 그것이 목표입니다."
맥케이지,https://usercontents-c.styleshare.io/images/42727159/700x394,
맥퀸,https://usercontents-c.styleshare.io/images/43122497/700x394,"MACQUEEN(맥퀸)은 제품에 대한 고객만족도와 뜨거운 입소문을 통해 국내뿐 아니라 홍콩, 중국, 일본, 태국, 호주, 싱가폴 등 세계 곳곳으로 수출하며 빠른 성장세로 업계에서 주목받고 있는 글로벌 코스메틱 기업입니다."
맨하탄 포티지(Manhattan Portage),https://usercontents-c.styleshare.io/images/32712941/700x394,"뉴욕을 넘어 글로벌 브랜드로 자리잡은 맨하탄 포티지, 단순하지만 실용적인 디자인과 다양한 활용성이 제품의 아이덴티티로 보여지고 있습니다."
머지(MERZY),https://usercontents-c.styleshare.io/images/22510053/700x394,"MERZY(머지)는 자유로운 패셔너블 메이크업 브랜드입니다.
높은 퀄리티와 합리적 가격을 기반으로 코스메틱 업계의 새로운 트렌드를 이끌어 나갑니다."
머프,https://usercontents-c.styleshare.io/images/35311349/700x394,"겨울철 우리의 체온을 따뜻하게 유지시켜줄 수 있는 머플러를 필두로에센셜하고 다양한 굿즈를 선보인다.

발군의 제품 퀄리티이지만 요즈음의 소비 형태에 맞게 리즈너블하다.

언제나 당신 곁에 함께할 수 있는 브랜드"
먼데이하이킹,https://usercontents-c.styleshare.io/images/36478263/700x394,"먼데이 하이킹은 일상의 경험과 상상 속의 이미지를 콜라보하는, 언제든 떠나갈 수 있는 자유로운 사람들을 위한 캐쥬얼 브랜드입니다."
멀버리,https://usercontents-c.styleshare.io/images/42759066/700x394,"MULBERRY(멀버리)는 최고급 가죽을 사용한 핸드메이드 백과 액세서리 등을 선보이는 영국의 럭셔리 브랜드입니다. 최근에는 영역을 넓혀 여성복과 남성복 컬렉션을 선보이고 있습니다. 멀버리 브랜드를 상징하는 하얀색 멀버리 나무는 그리스신화에서 ""지혜""를 상징하고 있습니다."
멀블리스,https://usercontents-c.styleshare.io/images/35009236/700x394,"MERBLISS는 May Everyday Remain BLISS의 약자로
행복하고 싶은날 멀블리스와 함께 하는 뜻을 의미합니다.
멀블리스는 모든 결혼을 꿈꾸는 여성들에게
소중함과 특별함, 미 의대명사 라는 특별한 가치를 선물하고 싶습니다."
멈칫,https://usercontents-c.styleshare.io/images/25447528/700x394,"최적의 원료, 효율적인 제조공법을 통해 가격은 낮추고 품질을 높이다.  당신의 향기에 'MUMCHIT'할 수 있도록."
메가팩,https://usercontents-c.styleshare.io/images/21519980/700x394,메가팩 (MEGA PACK)은 사용자의 스타일을 고려한 제품 디자인 및 소재로 어떠한 스타일에도 매치가 잘되는 브랜드 입니다.
메디컬팩토리,https://usercontents-c.styleshare.io/images/34901539/700x394,
메디플라워,https://usercontents-c.styleshare.io/images/20290108/700x394,MEDIFLOWER(메디플라워)는 수년간 피부 관리샵 전문 화장품 제조업체의 노하우와 한층 진일보된 자연 성분과 신기술을 도입한 피부 에스테틱 전문 브랜드입니다.
메디필,https://usercontents-c.styleshare.io/images/35177781/700x394,"메디필만의 특별한 피부 공법 코슈메티컬로 제품에대한 자신감을 갖고 좋은 원료, 기술, 품질로 피부 최적의 환경을 조성, 건강한 피부로 개선 시키려 노력하고있습니다."
메디힐,https://usercontents-c.styleshare.io/images/42357377/700x394,
메르세데스 벤츠,https://usercontents-c.styleshare.io/images/21186968/700x394,메르세데스 벤츠는 The best or nothing. ‘최고가 아니면 만들지 않는다’ 는 모토로 브랜드를 전개합니다.
메리먼트,https://usercontents-c.styleshare.io/images/42183071/700x394,"MERRIMENT는 일상생활에 새로운 라이프 스타일을 제안합니다. 편안하고 자유스러우면서 스타일리쉬한 라이프 스타일을 제안하는 브랜드입니다. 스포티하고 젊은 감성의 고객들에게 MERRIMENT를 바탕으로 우리들만의 일상과 여행, Culture 공감대를 형성하는 트랜드한 감성을 추구합니다."
메리몽드,https://usercontents-c.styleshare.io/images/32928194/700x394,"화장품은 여성의 장난감이란 말이 있죠.
인형을 선물 받던 때의 기억을 떠올려보세요.
얼마나 설레였는지를 ! 
Merry monde는 여성들의 동심을 재해석한 K-beauty 메이크업 전문 브랜드 입니다."
메리뮤,https://usercontents-c.styleshare.io/images/25005532/700x394,"메리뮤는 프랑스어로 '가치' MERITE & '더 많은' MIEUX의 합성어로
""보다 더 큰 가치를 위하여"" 라는 의미를 가진 브랜드입니다."
메리바움,https://usercontents-c.styleshare.io/images/fc1a64d7-94d9-41bb-9849-8ba2789b27ec/700x394,"가성비 맛집♥ 로맨틱& 페미닌무드 메리바움
매일 신상 업데이트로 오늘의 스타일, 걱정하지 마세요"
메리에코,https://usercontents-c.styleshare.io/images/34057042/700x394,"MARRY(결혼하다) + ECO(자연)가 합쳐진 합성어로 자연과 결혼하다. 즉, 자연과 하나로 결합된 천연유래 화장품이라는 의미입니다.
피부의 사계절을 위해,  한국의 아름다운 사계절 속 자연에서 찾아낸 착한 성분으로 ‘도심 속 힐링’을 추구하는 착한 자연주의 브랜드 입니다."
메모리홀릭,https://usercontents-c.styleshare.io/images/23557489/700x394,"메모리홀릭은 나의 기억을 메모 할수 있는 모든것에 적어 놓는다.
 메모리홀릭은 그 기억들을 메모리홀릭의 방식으로 디자인하는 디자인전문브랜드입니다."
메블릭퍼퓸,https://usercontents-c.styleshare.io/images/40677197/700x394,"MEBLIC PERFUME(메블릭퍼퓸)은 ""대중들이 기억하는 향""이라는 뜻입니다."
메시지인더삭스,https://usercontents-c.styleshare.io/images/31849572/700x394,"메시지 인 더 삭스(MESSAGE IN THE SOCKS)는
세상에 존재하는 수많은 감정과 메시지를 Contemporary, Refined, Artwork의 범주 안에서 New Design, Material Development, Visual Artwork, Brand Collaboration을 통해 새롭게 만들어 갑니다."
메이네티 MAINETTI,https://usercontents-c.styleshare.io/images/42651326/700x394,"메이네티의 60년 노하우가 집약된 명품 옷걸이로, 이탈리아의 감성과
인체공학적인 설계가 더해져 수트를 형태 그대로 유지 시켜주는
최적의 솔루션을 제공합니다."
메이드모먼,https://usercontents-c.styleshare.io/images/21314427/700x394,"단 한순간을 간직하고, 단 하나의 상품을 제작하는 것을 우리는 '메이드 모먼'이라고 표현했습니다. 메이드 모먼은 당신의 순간이 더욱 소중해 지기를 바라는 마음을 담은 감성 라이프 디자인 브랜드입니다."
메이든느와르,https://usercontents-c.styleshare.io/images/19010353/700x394,"MAIDENNOIR(메이든느와르)는 ""젊은 여성의 흑백 영화""라는 의미입니다. 고독과 천진한 면을 동시에 머금은 젊은 여성의 취향, 관심사 그리고 호기심을 조명합니다. 고독한 블랙, 천진한 핑크를 메인 컬러로 편안한 향기와 다양한 오브제를 선보이는 라이프스타일 브랜드입니다."
메이시크,https://usercontents-c.styleshare.io/images/38119289/700x394,차별화된 느낌으로 누구나 당당해질 수 있는 메이크업을 추구하는 브랜드
메이썸데이,https://usercontents-c.styleshare.io/images/23152396/700x394,"handcraft costume jewelry,감각적인 핸드메이드악세사리 쇼핑몰입니다."
메이오렌지,https://usercontents-c.styleshare.io/images/40760512/700x394,"MAYORANGE는 젊은 스트릿 브랜드로 2019년 시작하였고, 베이직의 기본을 둔 디자인으로 따듯한 느낌의 감성을 담은 브랜드 입니다."
메이크프렘,https://usercontents-c.styleshare.io/images/39978593/700x394,"좋은 원료 + 정직한 효과 + 합리적인 가격
메이크프렘은 화장품의 핵심 가치에 기본을 둔 실용주의 뷰티를 지향합니다."
메이크힐,https://usercontents-c.styleshare.io/images/42357352/700x394,"새로운 나의 시작, Make a Change MAKEheal
메이크힐은 아름다움을 이야기하는 이상적 이론의 전문의와 예술적인 아트 감성의 아티스트와 함께 아름다움에 대해 고민했습니다. 
'메이크힐'은 기존의 메이크업보다 강력하고 성형보다 즉각적인 효과로 MAKE UP AFTER의 놀라움을 실현시키고자 합니다."
메인부스,https://usercontents-c.styleshare.io/images/41538967/700x394,MAINBOOTH(메인부스)는 우리는 일상에서 부담없이 즐길 수 있는 데일리웨어를 지향합니다. 지나치게 개성적이고 강한 여러 스트릿 브랜드들에서 벗어나 메인부스는 베이직하지만 결코 지루하지 않은 아이템들을 제안합니다.
메조쿤스트,https://usercontents-c.styleshare.io/images/23248235/700x394,
메종드모모,https://usercontents-c.styleshare.io/images/36637108/700x394,"프래그랜스 라이프스타일 브랜드, 메종드모모입니다."
메종마르지엘라,https://usercontents-c.styleshare.io/images/42889528/700x394,
메종미셸,https://usercontents-c.styleshare.io/images/42787221/700x394,
메종키츠네,https://usercontents-c.styleshare.io/images/42728349/700x394,"자연스러운 프렌치 디자인과 차분하면서 정제된 미학의 브랜드

메종 키츠네는 길다 로엑(Gildas Loaec)과 마사야 쿠로키(Masaya Kuroki)에 의해 2002년 프랑스 파리에서 만들어졌습니다. 길다스 로엑과 마사야 쿠로키는 매 시즌 파리와 도쿄에서 영감을 받아 현대적인 결과물들을 선보이고 있고 아름다움을 느낄 수 있는 모든 것에 대해 그들은 예리한 시선으로 메종 키츠네만의 독특함을 선보이고 있습니다."
메지언,https://usercontents-c.styleshare.io/images/43101168/700x394,하이엔드패션 스트릿웨어의 개성과 감성을 향으로 디자인하는 향수 브랜드
메타퍼,https://usercontents-c.styleshare.io/images/25043044/700x394,"메타퍼는 패션이 가지고 있는 요소들인 단순한 것, 친숙한 것, 대중적인 것, 현대적인 것, 사회적인 것, 상징적인 것등 이러한 모든 것들을 넘어서서 아우를 수 있는 브랜드로 나아갈 것이며 패션에 한정되지 않고 현 시대의 사회적, 경제적 사항 등을 고려하여 시대의 경향들을 아우르고 소비자들이 만족할 수 있는 디자인을 제안하고자 합니다."
멕리듬,https://usercontents-c.styleshare.io/images/21729904/700x394,메구리즘은 스팀아이마스크팩 및 굿나잇 스팀패치를 판매하고 있습니다. 멕리듬 아이마스크는 잦은 휴대폰사용으로 피로한 눈에 휴식을 줄수있습니다. 멕리듬으로 힐링 & 숙면 하세요 !
멜리사,https://usercontents-c.styleshare.io/images/19010358/700x394,
멜릭서,https://usercontents-c.styleshare.io/images/41275967/700x394,"멜릭서는 100% 비건 화장품으로, 천연 식물성 성분을 담아 피부를 건강하게 만듭니다."
멜팅하트,https://usercontents-c.styleshare.io/images/22816233/700x394,안녕하세요 자체제작 브랜드 멜팅하트 입니다 :-)
모그어스,https://usercontents-c.styleshare.io/images/21728306/700x394,"오스트레일리아의 드넓은 자연을 모티브로 하여 탄생된 라이프 스타일 브랜드입니다.
바쁜 현대인들이 일상생활에 편안함과 자연의 따스함을 전달하기 위해 다양한 디자인을 감성적 스토리로 선보이고 있습니다.
화려하지 않고 유행을 타지 않으며 캐쥬얼함과 클래식함의 적정 수준에 디자인으로 데일리 슈즈로써의 기능에 충실했습니다."
모노바비,https://usercontents-c.styleshare.io/images/1da7e639-34dd-4352-a798-4d65d1a1a8d5/700x394,봄 내음 가득담은 S/S슈즈 [모노바비]
모더먼트,https://usercontents-c.styleshare.io/images/33091447/700x394,A Modern Movement 라는 의미의 Moderment는 현 세대의 스타일을 누구보다 빠르게 접목시켜 디자인하면서도 누구나 편하게 그리고 세련되게 연출할수 있는 데일리 스트릿 디자인을 표방하는 디자이너브랜드입니다. 매 시즌 테마를 정해 소개되는 디자인들은 같이 그리고 따로 입어도 모더먼트만의 감성을 느낄수 있도록 디자인되고 있습니다.
모레모,https://usercontents-c.styleshare.io/images/24289708/700x394,"여린 피부를 위한 순수와 설레임을 담은 
감성코스메틱 브랜드 MOREMO"
모브,https://usercontents-c.styleshare.io/images/23103716/700x394,"MAUVE(모브)는 최초의 합성염료로 지혜의 컬러, 혼합의 컬러로 불리며 존중되어 온 컬러로 유행의 중심에 있었습니다. 이처럼 매 시즌 새로운 컨셉을 가지고 디자인에 재미있는 컬러와 디테일을 혼합하여 트렌디한 ""모브""만의 감성을 보여주고자 합니다."
모스키노,https://usercontents-c.styleshare.io/images/42727735/700x394,
모스트맘,https://usercontents-c.styleshare.io/images/43096078/700x394,프리미엄 홈웨어 쇼핑몰 홈웨어의 모든것
모아,https://usercontents-c.styleshare.io/images/24556940/700x394,"MOAA는 아메카지 스타일에 일본 감성을 더한 컨템포러리 브랜드입니다. 
일상 속에서 자연스럽게 묻어 나오는 이야기를 스타일에 담고자 합니다.
일본 현지 로케이션 촬영 및 일본 패션 피플과의 협업을 통해 만들어낸 차별화된 컨텐츠를 제공합니다."
모어올레스,https://usercontents-c.styleshare.io/images/21608878/700x394,"서울을 기반으로 한, 여성의 담백하고 강한 면을 쿨한 에티튜드로 풀어낸 컨템포러리 의류 브랜드 모어올레스(mol.) 입니다."
모즈모즈,https://usercontents-c.styleshare.io/images/42792809/700x394,"[MOZMOZ Studio는 “Make Over Zero, 0을 넘어서다”라는 브랜드슬로건에 맞게 無에서 有를 창조하여 베이직한 아이템에서 새로운 무드를 발견하고 다양성과 함께 편안함을 추구하는 스트릿브랜드입니다.]"
모즈베인,https://usercontents-c.styleshare.io/images/21307658/700x394,
모코모코,https://usercontents-c.styleshare.io/images/38511335/700x394,모코모코는 강아지를 만질 때 나는 복슬복슬 소리를 뜻하며 심플하지만 친숙함과 귀여운 감정들을 담아내는 일본 컨셉의 브랜드입니다.
모토모토,https://usercontents-c.styleshare.io/images/41983588/700x394,"'당신의 모토는 무엇인가요?' 우리의 삶은 수많은 선택으로 채워집니다. 선택의 방향을 결정짓는 것은 다름 아닌 나의 모토. 모토모토는 바이크를 매개체로 자유분방한 감성과 설렘 가득한 여정을 재해석하여 디자인으로 담은 데일리웨어 브랜드입니다. 내가 선택한 곳이라면 어디로든 갈 수 있는 자유와 설렘, 호기로운 여정을 디자인으로 재해석해 스타일 속에 담아내고 있습니다."
모트모트,https://usercontents-c.styleshare.io/images/38587413/700x394,"꿈을 이루어주는 주문, 모트모트입니다."
모티브스트릿,https://usercontents-c.styleshare.io/images/38837484/700x394,"모티브스트릿(MOTIVESTREET)은 변화하는 트렌드 안에서 스트릿 감성을 기반으로 누구나 쉽고, 가볍게 입고 즐길 수 있는 유니섹스 캐쥬얼 브랜드입니다.
매 시즌 트렌드 흐름에서 영감을 받아  모티브스트릿만의 컬러와 디자인으로 베이직 하지만, 유쾌하고 웃음이 묻어나는 새로운 스타일을 만듭니다."
모프,,"모티브스트릿(MOTIVESTREET)은 변화하는 트렌드 안에서 스트릿 감성을 기반으로 누구나 쉽고, 가볍게 입고 즐길 수 있는 유니섹스 캐쥬얼 브랜드입니다.
매 시즌 트렌드 흐름에서 영감을 받아  모티브스트릿만의 컬러와 디자인으로 베이직 하지만, 유쾌하고 웃음이 묻어나는 새로운 스타일을 만듭니다."
목스녹스,https://usercontents-c.styleshare.io/images/33215417/700x394,"all custom case for your day & night.

빛나는 일상의 기록을 위해 전 제품 커스텀 제작이 가능한 

목스녹스만의 감성 폰 케이스 디자인을 제안합니다."
몬스,https://usercontents-c.styleshare.io/images/40939172/700x394,"건강한 아름다움을 위한 브랜드 몬스입니다. 건강한 라이프 스타일, 이너뷰티를 함께 만들어갑니다."
몬스터리퍼블릭,https://usercontents-c.styleshare.io/images/d8743a47-370b-44cf-a87a-43e98f4e9d2d/700x394,"인플루언서들이 선택한 가방
9년동안 가방만 선택한 브랜드
몬스터리퍼블릭은 자랑하고 싶은 가방입니다."
몬스터리퍼블릭 헤드웨어,https://usercontents-c.styleshare.io/images/25225934/700x394,"누구나 행복의 가치는 다르지만 열정 없는 행복감은 없음을 믿는다.
MONSTER REPUBLIC 의 이야기는 '열정' 이라는 하나의 단어로 부터 시작된다. 
우리는 도저희 말이 안되는 꿈, 그리고 꿈꾸는 주체를 'MONSTER' 라 표현하며, 
MONSTER REPUBLIC 은 그것에 포커싱된 제품들을 선보인다. 
목적의식 아래 꿈꾸고, 열정적으로 도전하는 MONSTER 의이야기에 귀 기울이고 공감하며,
그들과의 소통을 통한 상생 관계를 발전 시킨다."
몬스터크라운,https://usercontents-c.styleshare.io/images/22826466/700x394,
몬키즈,https://usercontents-c.styleshare.io/images/20305181/700x394,"몬키즈(Monkids)는 복잡한 도시의 생활 속에서 잠시 여유를 찾으려는 사람들을 생각합니다. 'GO OUT'이라는 슬로건을 내걸고, 닫힌 공간보다 자연에 한발 가까이 다가가기를 권장합니다."
몰가드,https://usercontents-c.styleshare.io/images/38284950/700x394,"카드 한 장으로 몰카를 찾는 방법!?

모연예인 리벤지 포르노, 웹하드 몰카 카르텔 등등..
유독 불법촬영 관련 사건이 많았던 2018년
2019년도 안심할 수 없습니다!

★ 당신의 행동이 세상을 바꿉니다."
몰링부스,https://usercontents-c.styleshare.io/images/25237051/700x394,"MALLING + BOOTH
; 사고 싶은 물건만 찾아다니는 쇼핑이 아닌 몰링부스에서 다양한 생활, 경험을 동시에 즐겨요!"
몽벨,https://usercontents-c.styleshare.io/images/42109683/700x394,몽벨(MONT BELL)은 우리의 일상 속에서 1g의 헛된 무게도 허용하지 않는 가벼움을 제안하는 브랜드입니다. 몽벨만의 탁월한 기능과 섬세한 미학을 살려 스마트하고 가치있는 소비를 즐기는 여러분에게 다가가고 있습니다.
몽블랑,https://usercontents-c.styleshare.io/images/41431689/700x394,"알프스 산맥에서 가장 높은 산 '몽블랑'의 이름에서 유래된 몽블랑은 '배틀링 볼드'체로 쓰여진 로고와 눈 덮인 몽블랑 산 정상을 형상화한 '몽블랑 스타'심볼을 사용하고 있다.
몽블랑은 만년필을 비롯한 필기구,가죽제품,시계,주얼리,향수 등을 제작,판매하는 독일의 명품 브랜드로, 1909년부터 고품질의 만년필이라는 것을 강조하기 위해 '몽블랑'이란 단어를 제품 이름으로 사용했다.
1950년대 저렴한 볼펜의 대중화로 만년필 산업이 위기에 처했지만, 몽블랑 심플로 GmBH는 보급형 만년필로 상품군을 확대해 위기를 넘겼고, 1970년대 후반부터 고급화 정책을 통해 명품 이미지를 구축했다.
1990년대부터 몽블랑 심플로 GmBH는 인수 합병을 통해 필기구 이외에 시계,주얼리,향수,지갑,벨트 등으로 상품군을 넓혀 나갔다."
몽삭,https://usercontents-c.styleshare.io/images/5e8f5a1f-bbb3-4a06-82a3-b7c5c04da42b/700x394,"토스카나의 아늑한 구름과 석양이 빚어낸 와인을 한해 한해 묵히는 설렘으로
몽삭은 자연의 손길에서 숙성된 본연의 가죽만을 취했습니다.
장인의 섬세한 손길로 만들어진 엔틱한 공예품과 같이, 
천연가죽 본래의 자연스러움과 오래 쓸수록 멋이 깊어지고 
새로운 모습으로 당신에게 길들여지는 특별함을 위해
삶 속에서 숙성되고 동화되는 것이 몽삭이 추구하는 최고의 가치입니다."
몽클레어 그레노블,https://usercontents-c.styleshare.io/images/42759110/700x394,"MONCLER(몽클레어)는 극한 생활과 일상적인 도시 생활을 결합한 프랑스의 산악용품 브랜드로, 남성, 여성, 어린이용 패딩 파카 및 니트웨어, 슈즈 등을 제작,판매하는 브랜드입니다."
묘오한,https://usercontents-c.styleshare.io/images/40578760/700x394,"""아무도 만들어주지 않아 직접 만들었다""
묘한 끌림이 있는 이상한 브랜드
세상 소중한 '당신과 나' 만을 위한 특별한 제품을 만들어갑니다."
무노도넛,https://usercontents-c.styleshare.io/images/19010371/700x394,MUNO DONUT(무노도넛)은 별도의 유통과정을 거치지 않고 MUNO DONUT만의 기술로 직접 제작하는 핸드메이드 디자인 아트 제품입니다. MUNO DONUT의 모든 제품은 재생원단으로 제작되며 그 가치를 높여 디자인된 Upcycle bracelet으로 기존의 악세사리와는 다른 감성을 느낄 수 있습니다.
무로,https://usercontents-c.styleshare.io/images/38150154/700x394,"사물의 본질에 다가가려는 노력, 무로는 편안한 일상을 선물합니다."
무미무미(mumimumi),https://usercontents-c.styleshare.io/images/33454162/700x394,mumimumi(무미무미)는 다양한 니즈를 충족시킬 수 있는 디자인상품으로 넓은 선택권을 제공하는 것이 큰 목표입니다.
무슈제이,https://usercontents-c.styleshare.io/images/25969669/700x394,"정우성의 인생을 만나다
Men's language"
무스너클,https://usercontents-c.styleshare.io/images/42849271/700x394,
무스텔라,,
무스투스,https://usercontents-c.styleshare.io/images/39085804/700x394,"식물 속 에너지, 피토케미컬을 연구하는 브랜드 무스투스입니다."
무아무아,https://usercontents-c.styleshare.io/images/37359774/700x394,"연인끼리 입맞춤을 할 때나는 소리를 뜻하는 무아무아(MUAH MUAH)는
설렘, 기쁨, 수줍음의 감정을 시초로 전개되었습니다.  
가장 순수하고 매력적인 순간을 매 시즌 새로운 컨셉을 정해 컨셉츄얼하게 제안합니다.
걸리시한 무드를 담은 웨어러블 한 아이템과 자유분방함을 담은 그래픽의 아이템들로
누구에게나 기분 좋은 설렘을 드리고자 합니다."
무츄(MOOCHUU),https://usercontents-c.styleshare.io/images/41884864/700x394,"무츄는 재생고를 사용 제작하여 친황경적인 고품질의 슬리퍼 입니다.
내구성이 좋으며 물기에 미끄러지지 않아 비 오는날, 물놀이에 신기 좋습니다.
또한, 10가지의 밑창 컬러와 17가지의 스트랩을 커스터마이징하여 연출 할 수 있습니다."
문나인,https://usercontents-c.styleshare.io/images/35558413/700x394,"문나인은 일상에 존재하는 소스들을 옷에 접목시켜, 심플하면서도 유니크한 의류를 
추구하는 브랜드입니다. 익숙하지만 창의적인 느낌을 항상 추구하려고 합니다.
매시즌 새로운 느낌을 담은 의류 컬렉션을 진행합니다."
문샷,https://usercontents-c.styleshare.io/images/39915089/700x394,"‘달에 우주선을 쏘다’ 라는 뜻으로 엉뚱한 상상이 현실로 이루어지면서 세상에 새로운 패러다임을 가져온, 기대하지 못한 즐거운 상상을 메이크업으로 전달하는 브랜드"
물다,https://usercontents-c.styleshare.io/images/39859099/700x394,"한번 물리면 헤어나올 수 없는 아름다움을 완성해주는 셀프 메이크업브랜드 
뷰티 어플에 의존하지 않고 화장품 하나로 보정한 듯한 효과로 Real way에서도 셀럽 메이크업을 따라 할 수 있도록 구성된 Secret이 담긴 메이크업 브랜드입니다."
물들임,https://usercontents-c.styleshare.io/images/42034021/700x394,"물들임은 바쁜 현대인들의 삶 속에 편안하고 부드러운 어반 힐링 뷰티 스킨케어를 제공합니다.
민감한 피부로 고민했던 피부전문가의 노하우로 철저하게 만들어진 4S 처방 원칙을 통해 
Safe (안전), Soothing (진정), Skin balancing (균형), Strong (강력)으로 만든 코스메틱 브랜드 입니다."
뮤스템(MU:STEM),https://usercontents-c.styleshare.io/images/38952481/700x394,"민감한 피부를 위한 최적의 화장품
뮤스템만의 리포좀 공법, 안심포뮬라로 피부를 안전하게, 
자연유래성분으로 피부를 건강하게 만드는 스킨케어 브랜드"
뮤즈베라,https://usercontents-c.styleshare.io/images/32374259/700x394,제조사가 직접 만든 브랜드! 오랜 경험과 노하우를 응집하여 만든 신뢰할 수 있는 제품
뮤트먼트,https://usercontents-c.styleshare.io/images/23590950/700x394,"이름 뜻 그대로, 조용히 진보하는 것을 추구하는 브랜드입니다.
미니멀한 감성을 미술적인 요소를 통하여 풀어내는 브랜드입니다.
지향하는 디자인 요소를 극대화 한 아트워크를 매 시즌 진행하는 브랜드입니다."
뮬라웨어,https://usercontents-c.styleshare.io/images/42521373/700x394,"뮬라웨어는 요가복 브랜드계의 선두주자로써, 더욱 편안하고 아름다울 수 있도록 누구나 즐길 수 있는 프리미엄 피트니스웨어를 만드는 브랜드이다."
미네스트,https://usercontents-c.styleshare.io/images/42171139/700x394,미네스트는 가장 이상적인 나를 현실화 시켜주고 나의 존재감과 확립함을 공감하고 지지하며 나 자신의 표현에 대한 자율성을 부여하여는 브랜드입니다.
미뇽네프,https://usercontents-c.styleshare.io/images/23444488/700x394,"MIGNONNEUF(미뇽네프)는 ""귀여운"",""사랑스러운""의 뜻과""새로운"",""독창적인""뜻을 나타내는 합성어입니다. 프랑스 유학 당시 여러 단체 활동(동물, 자연, 사회)을 경험했던 디자이너가 그 활동을 많은 사람들과 함께 이어나가고자 탄생한 브랜드로 예술적 형태로 구성하여 제품으로 고안하면서부터 시작되었습니다."
미뉴잇,https://usercontents-c.styleshare.io/images/36540120/700x394,"미뉴잇은 프랑스어로 '자정, Midnight' 이라는 뜻을 가지고 있습니다.
미뉴잇만의 디자인 감성으로 국내뿐만 아니라
해외(싱가포르, 중국 등)에서도 많은 사랑을 받고 있습니다.
언제나 함께 하고 싶은 마음, 0시 00분 미뉴잇입니다."
미니골드,https://usercontents-c.styleshare.io/images/33883823/700x394,"미니골드는 한국 최초의 패션 주얼리 전문 브랜드로서 지난 40년 동안 제품의 개성화, 
가격의 차별화, 디자인의 다양화를 통해 고객의 실질적인 만족을 추구해온 국내 최고의 패션주얼리 브랜드입니다."
미니멀 프로젝트,https://usercontents-c.styleshare.io/images/41416435/700x394,"미니멀프로젝트는 단순함과 간결함을 추구합니다.
아트웍과 장식적인 디자인을 최대한 절제하며 최소한의 실루엣으로
좋은 옷을 만들기 위해 집중합니다.

소재, 패턴, 봉제, 컬러감은 옷에 있어서 가장 중요하고 기본적인 부분입니다.

미니멀 프로젝트는 트렌드, 유행을 추구하는 것이 아닌
좋은 옷을 만들기 위한 가장 중요한 부분에 포커스를 맞추고
그 안에서 미니멀 프로젝트만의 무드를 연출합니다.

좋은 옷을 만들기 위한 기본적인 조건인
소재, 패턴, 봉제, 칼라만을 추구합니다.
그것이 미니멀 프로젝트의 콘셉트입니다."
미니멀코드,https://usercontents-c.styleshare.io/images/23629194/700x394,"화려한 장식이나 디테일은 최대한 없애고, 트렌디한 패션을 최대한 간단하고 심플하게
만들어 부담스럽지 않고 매일매일 즐겨 입을 수 있는 ‘패션트렌드’ 를 만들자는
브랜드 철학을 기반으로 전개를 하고 있습니다."
미니언즈,https://usercontents-c.styleshare.io/images/25512195/700x394,"인류의 탄생전 미니언이 있었다.
다양한 캐릭터의 귀여운 미니언시계. 성인과 아동 모두에게 어필하는 캐릭터와치!"
미다,https://usercontents-c.styleshare.io/images/42542546/700x394,
미드나잇모먼트,https://usercontents-c.styleshare.io/images/19010375/700x394,"MIDNIGHT MOMENT(미드나잇모먼트)의 아이템들은 겉으로 보여지는 스타일뿐아니라, 한사람의 애티튜드를 결정짓는 중요한 요소로서 존재합니다. 원자재 셀렉부터 디자인 탄생까지 모두 ""미드나잇 모먼트"" 안에서 이루어집니다."
미드나잇무브,https://usercontents-c.styleshare.io/images/21802012/700x394,
미드나잇본,https://usercontents-c.styleshare.io/images/19010378/700x394,"MIDNIGHT BORN(미드나잇본)은 상상,바램,꿈을 생각합니다. 희망이란 항상 바라고 상상하고 꿈꾸는 이에게 존재한다고 믿습니다. 희망을 담는 방법으로 천연 뷰티 제품안에 건강한 천연 재료와 그에 맞는 로맨틱한 상상과바램을 담아 이야기하며 우리가 꿈꾸는 것에 한발자국씩 다가가길 바라는 마음을 담습니다."
미멜로디,https://usercontents-c.styleshare.io/images/39380525/700x394,"내 아름다운 피부의 선율
순하고 자연스러운 기초케어솔루션"
미미로린스,https://usercontents-c.styleshare.io/images/25367533/700x394,"세련된 니치퍼퓸의 세계,
일상의 가치를 높여 주는 니치 퍼퓸 라이프"
미미카위,https://usercontents-c.styleshare.io/images/19010382/700x394,MIMICAWE(미미카위)는 컨템포러리 걸룩 미미카위는 LAYKUNI의 컬렉션 레이블 unbounded AWE(언바운디드 어위)의 SISTER LABEL로 닮고 싶은 누군가를 흉내내고 싶어하는 소녀들의 감성과 AWE의 귀엽고 독특한 스토리텔링 방식이 응용되어 미미카위는 탄생하게 되었습니다.
미바,https://usercontents-c.styleshare.io/images/33563146/700x394,"내면이 아름다운 화장품 
피부에 가까운 자연성분을 사용하는 브랜드 '미바'입니다."
미샤,https://usercontents-c.styleshare.io/images/42271495/700x394,"'ME의 기준' 미샤는 다양한 어반 라이프를 살고 있는
2030 여성들과 함께 'ME의 기준'을 만들어가는
브랜드입니다."
미스레그,https://usercontents-c.styleshare.io/images/37171722/700x394,"당신의 가벼운 다리를 사랑합니다. 대한민국 레그케어의 시작, 미스레그입니다"
미스사사,https://usercontents-c.styleshare.io/images/21214110/700x394,
미스치버스프릭,https://usercontents-c.styleshare.io/images/18421730/700x394,MISCHIEVOUS FREAK(미스치버스 프릭)은 레트로한 느낌의 일러스트를 의류에 접목시켜 귀엽고 독특하게 캐릭터화한 브랜드입니다.
미스터앤미세스퍼,https://usercontents-c.styleshare.io/images/42727820/700x394,"알레시아 지아코비노는 그녀의 스키 여행을 위해 완벽한 파카를 찾지 못하던 중 빈티지 미군 스타일 아우터에 새로운 안감을 더해 자신만을 위한 아우터를 만들어냈고 그 계기를 바탕으로 미스터 앤 미세스 이탈리아를 2009년에 설립했습니다. 클래식 군인 유니폼에서 영감을 찾는 브랜드는 고급스러운 시어링을 통해 더욱 특별한 상품을 제작합니다. 세련된 보머 재킷부터 따뜻한 패딩 코트, 시그니처 파카까지 추운 날씨에도 근사한 패션을 연출할 수 있는 브랜드의 다양한 아이템을 확인해보세요."
미스틱던,https://usercontents-c.styleshare.io/images/38348221/700x394,"미스틱던은 창의적이고 활동적인 디자인을 추구하는 유니섹스 데님브랜드입니다.
제품의 품질을 기본으로 하며 좋은질의 소재와 다양한 기법을 사용하여 미스틱던만의 핏과 디자인을 제안합니다."
미우미우,https://usercontents-c.styleshare.io/images/42889524/700x394,
미쟝센,https://usercontents-c.styleshare.io/images/34163399/700x394,"당신의 스타일 디렉터, 미쟝센. 미쟝센은 당신의 헤어스타일과 이미지를 완성도 높게 디렉팅한다는 철학을 지닌 페셔너블 헤어토털 브랜드입니다."
미첼앤네스,https://usercontents-c.styleshare.io/images/41042715/700x394,"Mitchell and Ness(미첼앤네스)는 1904년 설립 이후 오리지널리티를 잃지 않고 있는 글로벌 브랜드입니다. 팀 의류, 복각 셔츠, 스냅백, 모자, 상표가 표시된 의류를 유통하고 있으며, 미국 4대 리그의 레전드 선수들의 라이선스를 보유 시즌 복각 제품을 제작할 수 있는 유일의 브랜드입니다."
미팩토리,https://usercontents-c.styleshare.io/images/36267301/700x394,"뷰티가 유쾌함을 만났을 때, 미팩토리.
좋은 뷰티 제품에 그치지 않고, 일상 속 유쾌함을 함께 나눌 수 있는 브랜드가 되겠습니다."
믹스,,"뷰티가 유쾌함을 만났을 때, 미팩토리.
좋은 뷰티 제품에 그치지 않고, 일상 속 유쾌함을 함께 나눌 수 있는 브랜드가 되겠습니다."
민타레트로,https://usercontents-c.styleshare.io/images/21897790/700x394,"런던 60년대 빈티지 스타일을 모던하게 민타레트로만에 느낌으로 재해석하여 디자인 합니다. 다양한 색상을 조화롭게 사용하여, 여성의 활기차고 로맨틱한 모습이 연상되는 룩을 선보이고 있습니다."
밀라이트,https://usercontents-c.styleshare.io/images/42684033/700x394,"밀라이트가 건강한 식습관의 A 부터 Z 까지 책임지겠습니다.
밀라이트는 더 좋은 식습관 경험을 제공하기 위해 노력합니다.
가볍고 건강한 라이프를 선사합니다."
밀리마쥬,https://usercontents-c.styleshare.io/images/34242301/700x394,"천개의 이미지 심플 메이크업 밀리마쥬
꼭 필요한 것만 남겨 메이크업 라이프의 퀄리티를 높이는 메이크업 미니멀리즘."
바구아 마가리타,https://usercontents-c.styleshare.io/images/19010509/700x394,"BAGUA(바구아)는 2009년 프랑스 몽마르트에서 3명의 파리지앵으로 부터 시작된 ""BAGUA FOOTWEAR""는 상방되는 컨셉의 대비를 통해 이상적인 밸런스를 추구하는 브랜드입니다."
바나날,https://usercontents-c.styleshare.io/images/42098394/700x394,"나만의 욕실 속 달콤한 섬, 나를 닮은 향기 모발에 피어나다.
바나날의 모든 향은 약 20년 경력의 크리에이티브한 프로페셔널 조향사와 숙련된 향료 전문가들의 까다롭고 세밀한 연구 과정을 통하여 탄생합니다."
바나다,https://usercontents-c.styleshare.io/images/41813762/700x394,"모바일액세사리 전문 브랜드로 스마트폰케이스, 스마트링, 하드케이스, 무선충전기, 배터리등이 있습니다."
바나디스,https://usercontents-c.styleshare.io/images/43094890/700x394,"왜 모노톤 신발만 신어야 해?

라는 질문에서 출발한 컬러리스트 슈즈디자이너 브랜드 바나디스는 화려한 색으로 수집가들에게 사랑받는 광석 물질 바나디스처럼,

감각적인 컬러로 수집하고 싶은 슈즈를 제안합니다.

“COLOR YOUR DAY”

평범하고 지루한 일상에 바나디스만의 색을 더해 유쾌하고 매력있는 하루를 선사합니다."
바나바나,https://usercontents-c.styleshare.io/images/38237218/700x394,"바나바나는 ‘집을 짓다, 세우다, 건축하다’는 뜻의 히브리어 3인칭 동사로, 발전과 성장을 넘어서 더 나아가 번성함을 의미합니다.
 어감에서 느껴지는 부드럽고 깨끗한 이미지를 바탕으로 YOUNG & CUTE STYLE을 표현하며, 새로운 것에 호감을 보이며 적극적으로 받아들이는 발랄하고 희망찬 세대를 상징합니다.
 ROMANTIC FEMININE과 TRENDY한 감각을 SIMPLE한 감성을 BASIC으로 표현하며, 합리적인 현대 여성고객을 위한 패션잡화 브랜드입니다."
바니루니,https://usercontents-c.styleshare.io/images/21184571/700x394,BANI RUNI(바니루니)는 독일 수입 메이크업 전문 브랜드입니다.
바닐라코,https://usercontents-c.styleshare.io/images/38557320/700x394,"바닐라코는 해외여성들의 워너비가 된 요즘 서울여자의 뷰티와 패션, 즐거운 라이프스타일과 함께 패션뷰티의 새로움을 그립니다. 동시대 여자라면 누구나 함께 할 수 있는 컨템포러리 라이프스타일을 만들며 단순한 얼굴 화장을 넘어 나의 개성을 꾸미는 즐거움, 그리고 나의 일상과 라이프스타일을 아름답게 만들어 가는 것을 추구합니다."
바디네이처,https://usercontents-c.styleshare.io/images/38815066/700x394,자극을 최소화하고 집에서도 효과적으로 사용할 수 있도록 각종 민감성 피부를 위해 맞추어진 제모 제품을 취급합니다.
바디랩스(BODY LABS),https://usercontents-c.styleshare.io/images/42606598/700x394,덜어냄의 가치를 통해 일상의 건강함과 아름다움의 본질을 추구합니다.
바디콜로지,https://usercontents-c.styleshare.io/images/21214112/700x394,바디콜로지(bodycology)는 미국 스페셜티 배스 브랜드1위 브랜드로 미국 대형 마트 및 드럭스토어에서 많은 사랑을 받고 있습니다. 향의 지속력을 결정하는 퍼퓸의 농도가 높아 향이 오랫동안 은은하게 지속됩니다.
바디판타지,https://usercontents-c.styleshare.io/images/21086363/700x394,"바디판타지(BODY FANTASIES)는 1초에 하나씩 판매되는 글로벌 베스트셀러로, 고품질의 향료 사용으로 오랫동안 은은하고 향기로움을 지속시킵니다. 키스를 부르는 향기, 바다판타지 프래그런스와 함께 매일매일 향기 스타일링을 해보세요."
바디홀릭,https://usercontents-c.styleshare.io/images/42380966/700x394,"마법의 레시피로 만들어진 Bodyholic만의 특별한 제품들로
어떤 때이든, 어느 곳이든 매력이 뿜어져 나오는 마법 같은 순간을 경험하세요."
바랑소리,https://usercontents-c.styleshare.io/images/25449529/700x394,'착한성분'을 담은 '착한가격'의 자연주의 브랜드
바루랩,https://usercontents-c.styleshare.io/images/23699203/700x394,바루랩은 병원 전문 화장품 브랜드로 피부 스스로의 힘을 키워낼 수 있는 건강한 해결책을 제시해주어 피부고민을 바로잡는 바른 화장품 연구소입니다
바리케이트,https://usercontents-c.styleshare.io/images/25512443/700x394,"barricade는 절대로 따라올 수 없는 우리만의 기술이며 공간입니다.
기존의 틀을 깨고 새로운 혁명을 일으킨다는 뜻으로, 합리적인 가격에 최고의 상품을 공급합니다."
바버,https://usercontents-c.styleshare.io/images/41401073/700x394,BARBOUR(바버)는 1984년 영국에서 시작된 클래식 브랜드로 왁스 처리된 기능성 아우터로 영국 황실 납품 인증을 수여받아 품질을 인정받은 영국 대표 브랜드입니다.
바브레아,https://usercontents-c.styleshare.io/images/42467355/700x394,"본연의 아름다을 추구하는 일상 속에 아름다움, 바브레아입니다."
바비수아,https://usercontents-c.styleshare.io/images/43209047/700x394,"원피스 맛집,바비수아♥

꾸안꾸 사랑스러운 데일리룩 쇼핑몰:)"
바스틱,https://usercontents-c.styleshare.io/images/9fc7e0d4-a483-4665-b84e-eac49987db0e/700x394,"VASTIC(바스틱)은 편안하고 일상에서 주로 착용이 가능한 기본적인 제품을 기획하는 캐주얼 브랜드입니다. 
시간, 장소에 구애받지 않는 단 한 벌을 모든 제품마다 고심하며 제작하고 있습니다. 
한때의 소유보다 오랜 시간 간직되길 바라는 마음으로 임하고 있는 브랜드입니다."
바스파,,"VASTIC(바스틱)은 편안하고 일상에서 주로 착용이 가능한 기본적인 제품을 기획하는 캐주얼 브랜드입니다. 
시간, 장소에 구애받지 않는 단 한 벌을 모든 제품마다 고심하며 제작하고 있습니다. 
한때의 소유보다 오랜 시간 간직되길 바라는 마음으로 임하고 있는 브랜드입니다."
바오바오,https://usercontents-c.styleshare.io/images/42206681/700x394,"독특한 감각과 예술적인 패션을 선보이고 있는 일본을 대표하는
패션디자이너 이세이 미야케 브랜드에서 
2010년 ""BAO BAO ISSEY MIYAKE""로 시작하게 되었다.
'우연으로 만들어진 모양'이라는 테마로 펼쳤을 때는
종이처럼 납작하게 펼쳐지지만,
물건을 넣으면 그 모양에 따라 자유자재로 입체적인 모양을 만들어내는 매력적인 브랜드이다."
바이든,https://usercontents-c.styleshare.io/images/23998558/700x394,"바이든(VIDN)은 'THE NEW WAVE, THE REAL STREET, THE OTHER BOUTIQUE'를 철학으로 핸드메이드 작업을 통한 빈티지 아웃솔의 조화를 통해 여느 브랜드에서 쉽게 찾아볼 수 없는 유니크함을 선보이고 있다. 고급스러움과 빈티지가 공존하는 스크래치와 빈티지 효과를 나타내기 위해 여러 종의 왁스처리, 핸드워싱 기법으로 얼룩과 특별한 주름을 통해 바이든만의 차별화된 감성을 추구한다. 바이든은 캐쥬얼부터 스트릿까지 트렌드한 핏과 다양한 디자인을 선보이며 기존 스니커즈와는 다른 매력을 발산, 트렌드세터들에게 핫한 스니커즈로 떠오르고 있다."
바이모스,https://usercontents-c.styleshare.io/images/22530226/700x394,"MOST OF SIMPLE STYLE 의 슬로건을 바탕으로
가장 기본적인 디자인과 트렌디한 요소를 믹스하여, 어느곳에서든
자연스럽게 스며들수 있는 디자인을 추구합니다."
바이바이섭,https://usercontents-c.styleshare.io/images/39737173/700x394,"'bibyseob'은 캐쥬얼을 베이스로 하여 구조적이며 직선적인 디테일을 사용하여 과하지 않은 멋스러움을 지향하는 브랜드이다.
디자인에 따라 'bi'의 의미를 살려 남과여의 구분을 없애는 옷을 나타내고자 한다.

'bibyseob'is a casual designer brand aims at non-excessive style with structural and linear details.
As you can tell by the prefix 'bi', the brand strive to dissolve intersexual difference in its collection."
바이빠세,https://usercontents-c.styleshare.io/images/20949301/700x394,"바이빠세(BYPHASSE)는 1996년 스페인 현지 바로셀로나에서 시작된 국민 브랜드로, 뛰어난 퀄리티와 대용량, 합리적인 가격의 큰 장점으로 고객에게 친근하게 다가가고자 합니다."
바이얼민스,https://usercontents-c.styleshare.io/images/39915028/700x394,"바이얼민스는 [by all means]-'아무렴 좋고말고'라는 뜻의 변형으로,
베이직 캐주얼 스트릿이라는 큰 범주 속, 유니크한 디자인을 더해가는 브랜드이며,
우리만의 '독특한 특별함'을 확립하고 구현해 선보일 예정이다."
바이오더마,,"바이얼민스는 [by all means]-'아무렴 좋고말고'라는 뜻의 변형으로,
베이직 캐주얼 스트릿이라는 큰 범주 속, 유니크한 디자인을 더해가는 브랜드이며,
우리만의 '독특한 특별함'을 확립하고 구현해 선보일 예정이다."
바이온에어,https://usercontents-c.styleshare.io/images/35179077/700x394,아기피부로 돌아오네요 - 바이온에어
바이탈,https://usercontents-c.styleshare.io/images/29468247/700x394,
바이탈뷰티,https://usercontents-c.styleshare.io/images/43228675/700x394,"바이탈뷰티는 진정한 아름다움은 내면에서 가꾸어 외면으로 나타나는 것이라는 철학 아래 탄생한 국내 최초의 이너뷰티(Inner Beauty) 브랜드입니다. 
건강함과 아름다움이 하나라는 믿음을 바탕으로 진정한 아름다움을 완성하기 위해서는 내면의 근본적인 변화가 필요하다는 결론을 얻었습니다. 
이러한 건강한 아름다움에 대한 앞선 생각에서 바이탈뷰티는 탄생했습니다"
바이탈사인,https://usercontents-c.styleshare.io/images/23006394/700x394,Vital Sign Between Your Heart and Brain
바잘,https://usercontents-c.styleshare.io/images/18797936/700x394,바잘(VARZAR)은 다양한 헤드웨어 통해 어떤 문화와의 접목을 도모하기보단 순수한 재해석과 다양한 시도로 진행되는 헤드웨어 전문 브랜드입니다. 각각의 시즌테마를 잡고 여러가지 문화와 사건을 본인들의 시각에서 재해석하여 위트와 감성이 담긴 모자로 풀어내고자 합니다.
박스앤콕스,https://usercontents-c.styleshare.io/images/23598020/700x394,"하나의 일을 둘이 함께 한다는 의미의 어원입니다.
심플 디자인에 절제된 트랜드를 믹스매치하여 친숙하지만, 나만의 개성을 위한 슈즈 브랜드 입니다."
박준,https://usercontents-c.styleshare.io/images/18798379/700x394,PARKJUN(박준)은 1980년대 남자 미용사 박준이 최초로 미용 프랜차이즈 박준뷰티랩을 오픈. 이후 ㈜피엔제이라는 본사를 설립하며 미용계에 새로운 시장을 열기 시작했다. 그리고 21세기에 맞춰 국제 co-work으로 새로운 브랜드 준앤안티가 만들어져 한류의 붐을 미용계에도 불어 넣을 수 있는 파워를 갖추었다.
박카스,https://usercontents-c.styleshare.io/images/34240581/700x394,"대표적인 국민 피로회복제 '박카스'의 굿즈 탄생!
뷰티 제품부터 키덜트 제품까지 일상 속 피로를 풀어주는 실용적이면서도 재미있는 상품을 선보입니다."
반스,https://usercontents-c.styleshare.io/images/25512165/700x394,"VANS(반스)의 설립자 폴 반 도런은 미 동부의 스니커즈 생산자로 자신이 만든 신발을 직접 소비자에게 판매함으로써 직접적인 반응을 관찰하고 탐구하였습니다. 이후 성공을 거둔 폴의 반스는 고객의 스포츠와 라이프스타일을 만족시켜주는 영역으로 제품라인을 확대했으며, 타고난 반항적 이미지와 강렬한 개성을 가진 브랜드로 성장하고 있습니다."
반에이크오,https://usercontents-c.styleshare.io/images/42902005/700x394,"VANAKE oh! 는 10-20대 스트릿 캐주얼 편집샵으로

자유, 반항, 순수, 열정의 YOUTH CULTURE 를 반에이크만의 감성으로 재해석.

타겟층의 니즈에 부합하는 VAN AKE oh! 제품 라인업을 구축하여

뚜렷한 아이덴티티를 바탕으로 다양한 스타일을 매시즌 트렌디하게 선보입니다."
발레아,https://usercontents-c.styleshare.io/images/33284803/700x394,"발레아는 1995년 독일 DM사에 의해 만들어졌습니다. 피부케어 제품부터 바디, 욕실용품까지 다양한 상품군을 높은품질과 합리적인 가격대로 제공하며, 전연령에 사랑받고있습니다."
발렉스트라,https://usercontents-c.styleshare.io/images/42727736/700x394,
발렌시아가,https://usercontents-c.styleshare.io/images/42889520/700x394,
발렌티노,https://usercontents-c.styleshare.io/images/42849214/700x394,
발렌티노 루디,https://usercontents-c.styleshare.io/images/42206629/700x394,"발렌티노 루디는 심플함과 엘레강스를 기본이념으로
노련한 장인의 손끝을 거쳐 완성된 제품들과 지적이고
세련되었으면서도 기존의 관념에 얽메이지 않는
적정한 프라이스 라인을 갖추고 있습니다.
심플함속에서도 이탈리아의 밝고 활달한
패션 취향을 충분히 담아 일상의 멋을 표현 합니다.
성실한 장인정신과 가치있는 품질로
사회적으로 존경받을 수 있는 브랜드를 향해 나아가고 있습니다."
발롱블랑,https://usercontents-c.styleshare.io/images/42904434/700x394,"About Ballon Blanc
프랑스어로 하얀풍선을 뜻하는 발롱블랑은 어른이 되어버린 당신에게 순백의 순수함을 돌려드리고 싶은 마음을 담았습니다."
발리,https://usercontents-c.styleshare.io/images/42889551/700x394,
발리안트,https://usercontents-c.styleshare.io/images/39184469/700x394,"Valiant는 ”용맹한“, ”단호한“ 이란 뜻을 품고 있으며,
편안한 오버핏에 날 세운 디자인으로 멋을 더하는
GYM-wear & Street fashion을 지향하는 브랜드입니다."
발망,https://usercontents-c.styleshare.io/images/42727658/700x394,
배드룸,,
배드스킨,https://usercontents-c.styleshare.io/images/25366722/700x394,"Don`t worry! byebye Badskin! 
나쁜 피부 지우는 베이직 레시피"
배럴,https://usercontents-c.styleshare.io/images/42997533/700x394,"배럴은 서핑 문화를 중심으로 건강한 라이프스타일을 제안하는 대한민국 스포츠 브랜드입니다.
배럴의 모든 제품은 각 종목 최고의 국가대표선수와 전문가들이 상품기획에 참여하여 진정성있게 제작되었습니다.
현재는 워터스포츠와 스윔, 우먼 피트니스, 라이프스타일 웨어로 카테고리가 구성되어 있으며,
2020년에는 피트니스와 라이프스타일 웨어의 볼륨을 확장하고 새롭게 선보이는 다양한 구성의 신상품들이 준비되어 있습니다."
백레이블,https://usercontents-c.styleshare.io/images/40173229/700x394,일러스트 Base의 아티스트들과 협업을 통해 대중과 소통하는 프로젝트 브랜드
백록,https://usercontents-c.styleshare.io/images/42694328/700x394,"백년을 기록하다, 백록(百錄)
흘러간 시간도, 지금 이 순간 앞으로 내게 스며들 시간도, 무엇 하나 소중하지 않은 것이 없습니다.
백 년이라는 시간 속에 나를 오롯이 아로새길 수 있도록,
한 해가 지난수록 더욱 단단해지는 나의 기록을 백록이 담아냅니다.
과거는 따뜻하게 품어주고, 현재는 담담하게 지켜보며 미래는 조용히 응원하는 백록은 당신의 동반자입니다"
백야(BAEK-YA),https://usercontents-c.styleshare.io/images/42084060/700x394,"백야(BAEK-YA)는 거리의 예술, 음악, 스포츠 등 거리 집단 문화를 다양한 시선으로 접근하는 브랜드입니다. 라이프스타일에 유용하고 신선한 의견을 제시하며 매 시즌 새로운 컨셉트의 스토리텔링과 특별한 아트워크, 디테일을 통해 색다른 방식의 디자인을 선보입니다."
백야드,https://usercontents-c.styleshare.io/images/21208914/700x394,백야드(BACKYARD)는 배드민턴 슈즈로 시작되어 유럽지역에서 큰 인기를 끈 슈즈 브랜드 입니다.
백투백,https://usercontents-c.styleshare.io/images/20294769/700x394,"BACKTOBACK(백투백)은 경험과 지식을 토대로 지속적인 연구와 기술투자를 바탕으로 2012년 설립, NEW YORK 디자이너 마켓 쪽에서 먼저 러브콜을 받고 있으며 제품 퀄리티의 완벽 구현을 목표로 삼고 있으며 착한 가격과 질 좋은 상품을 많은 소비자들에게 멋진 경험을 제공하고 있는 브랜드입니다."
밴웍스,https://usercontents-c.styleshare.io/images/23878388/700x394,"vannworks는 HIGH QUALITY의 제품을 제작하기 위해 원사,편직,염색, 가공 등 
일련의 과정을 직접 관리하고 있으며 국내외 유명브랜드들이 CONTACT한 봉제공장과 나염공장을 
자체적으로 보유하고 있는 NON STOP, ONE WAY SYSTEM의 고품격 BRAND입니다.

밴웍스는 현재 수십여개의 주요 온/오프라인 판매처에서 판매중이며, 의류 및 악세사리 등 더욱 다양한
아이템과 고객의 니즈가 반영된 디자인을 전개할 예정입니다."
밸롭,https://usercontents-c.styleshare.io/images/39223559/700x394,"몇년전 스킨슈즈라는 이름으로 국내에 처음으로 아쿠아슈즈 보급을 시작한지 어느덧 5년이 흘렀습니다. 이제는 국내 워터파크 어디를 가든 절반이상의 고객들이 아쿠아슈즈를 신고 물놀이를 즐기게 되었습니다.

국내에 크게 형성되지 않았던 시장을 타겟으로 세우고 차분히 시장을 만들어 온 지금 (주)지티에스글로벌은 5년전보다 30배의 매출이 신장하였고, 고용인원은 13배로 신장하였습니다. 제품의 라인업도 아쿠아슈즈 단일품목에서 수영복(레쉬가드), 에슬레져 의류, 워킹화, 각종 악세서리까지 1,000SKU가 넘는 제품을 출시하며 실내운동과 물놀이에 특화된 종합 스포츠 브랜드로 발돋움하고 있습니다.

아쿠아슈즈 국내 1등이라는 부담스런 타이틀에 교만하지 않고 밸롭은 지난 3년간 1년에 10회이상 해외전시회 참가라는 중소기업으로서는 결코 쉽지 않은 해외마케팅을 추진하면서 지난 2년 연속 수출 100만불 돌파와 함께 중국 광조우 휘메이 그룹과 3년간 250억 판매 개런티 계약을 성사시켰습니다."
뱅어스,https://usercontents-c.styleshare.io/images/25382135/700x394,"BANGERS는 흔히 아주 좋은 음악이나 신나는 파티, 멋있는 사람을 말합니다.
비비드한 색감과 레트로 느낌의 아트웍이 특징으로, 유니섹스 캐쥬얼 브랜드를 지향합니다."
버닝,https://usercontents-c.styleshare.io/images/18862461/700x394,"BURNING(버닝)은 클래식과 위트가 공존하는 모던 미니멀리즘의 버닝은 클래식을 기본 개념으로 하여, 라인의 아름다움과 심플함을 표현할 수 있는 패션을 젊고 창의적으로 표현하는 브랜드입니다."
버버리,https://usercontents-c.styleshare.io/images/20964820/700x394,"100년의 역사를 자랑하는 영국 대표 명품, ‘버버리(BURBERRY)’. 클래식한 영국 스타일을 세련되게 표현한 향수로, 유럽과 아시아는 물론 전세계에서 사랑받고 있는 브랜드- 버버리의 멋스러운 향기를 경험해보세요."
버블더블,https://usercontents-c.styleshare.io/images/41468866/700x394,"비눗방울이라는 의미의 BUBBLE에 두배의 의미를 가지고있는 
DOUBLE을 합쳐만든 브랜드네임으로 
비눗방울이 가지고있는 몽환적인 느낌에 키치함을 더해 
버블더블만의 감성으로 
일상생활에 자연스럽게 녹아드는 디자인을 하고 있다."
버빌리안,https://usercontents-c.styleshare.io/images/40034266/700x394,BUBILIAN(버빌리안)은 마음이 가벼워지는 감성을 토대로 한발 앞서가는 생각과 디자인으로 누구나 어울리는 제품을 만들고자 노력하며 normal한것같으나 센스있는 현대적인 감각으로 재해석한 스타일리쉬한 브랜드 입니다.
버켄스탁,https://usercontents-c.styleshare.io/images/19335054/700x394,"BIRKENSTOCK(버켄스탁)은 전 세계 캐주얼 시장에서 브라운 슈즈 브랜드로서 명성을 얻고 있으며 특히 코르크를 이용한 독특한 제조 공법이 특징이 제품입니다. 독일 사람이라면 누구나 버켄스탁 한두 켤레씩 가지고 있을 정도로 생활에 깊숙이 침투해있으며, 이미 유럽, 미국, 일본 등지에서 고급 샌들 브랜드로서 높은 인지도와 함께 큰 인기를 끌고 있습니다."
버켄스탁(가방),https://usercontents-c.styleshare.io/images/22319254/700x394,"버켄스탁은 국내에서 가방 및 잡화를 중심으로 독점 라이센스를 발급 받아 
정식으로 판매하는 브랜드로 샌들을 독점으로 판매하고 있는 
독일의 버켄스탁과는 다른 브랜드입니다."
벗딥,https://usercontents-c.styleshare.io/images/9c9539ef-5e23-4f77-a9b9-e039863f74e7/700x394,"현대에서 추구하는 화려함과 빠른 트렌드 변화로 피로해진 대중에게 한 발자국 쉬어가며,
가끔은 단순함이 좋다는 것을 어필하는 라이프 스타일 브랜드 입니다.
SIMPLE IS BEST 를 목표 아래, SIMPLE BUT DEEP. 단순하지만 깊은 것 들을
라이프 스타일 프로덕트에 담아내고 있습니다."
베네피트,,"현대에서 추구하는 화려함과 빠른 트렌드 변화로 피로해진 대중에게 한 발자국 쉬어가며,
가끔은 단순함이 좋다는 것을 어필하는 라이프 스타일 브랜드 입니다.
SIMPLE IS BEST 를 목표 아래, SIMPLE BUT DEEP. 단순하지만 깊은 것 들을
라이프 스타일 프로덕트에 담아내고 있습니다."
베러댄88(betterthan88),https://usercontents-c.styleshare.io/images/36340454/700x394,"세상 가장 심플하고 , 베이직함 가득 담은 스트릿 브랜드 Betterthan88 

FastFashion 속에서 트렌드를 따라가기 보다는 심플 패션 그 기본에 충실한 인더스트리얼 스트릿 

우리는 Best를 위해 끊임없는 연구와 발전을 통하여 최고 품질의 제품을 생산합니다."
베르두,https://usercontents-c.styleshare.io/images/42481929/700x394,독특한 전문기술로 프랑스 100년 전통 니치향수
베르사유의 장미,https://usercontents-c.styleshare.io/images/21206254/700x394,"베르사유의 장미는 18세기 프랑스를 배경으로 한 동명의 명작 만화를 컨셉으로 탄생시킨 브랜드입니다. 격동의 시대를 찬란하게 살았던 '오스칼'과 '마리 앙투아네트'처럼, 고귀한 여성의 삶을 마음껏 펼치고 살아가자는 의미에서 만들어졌습니다."
베르사체,https://usercontents-c.styleshare.io/images/42727383/700x394,"베르사체(VERSACE)는 전세계 럭셔리 패션을 리드하는 패션하우스로 명성을 떨치고 있는 브랜드로 메두사를 로고로 사용, 고대 그리스 로마의 전통을 현대화한 신고전주의 디자인을 지향해왔습니다. 도나텔라 베르사체는 베르사체의 정신은 지키면서도 그녀의 오빠인 지아니 베르사체가 소홀히 했던 모던하고 산뜻한 면을 부각시킨 좀더 실용적인 디자인을 선보이는데 주력하고 있습니다."
베리 수스,https://usercontents-c.styleshare.io/images/42787272/700x394,
베리나인플럭스,https://usercontents-c.styleshare.io/images/25438639/700x394,"Verynineflux는 반복되고 지쳐있는 삶을 바꾸고 싶어하는 이 시대의 모든 사람들에게 항상 새로운 변화를 추구합니다.

레트로적인 감성을 현대 시대의 세련된 스타일로 재 해석하여 새롭게 재 탄생하여 미니멀하고 유니크한 스타일을 
자연스럽게 디자인을 혼합하고 매치시키는 것을 목표로하는 브랜드입니다"
베리드얼라이브,https://usercontents-c.styleshare.io/images/19558450/700x394,"BURIED ALIVE(베리드 얼라이브)는 SKATEBOARD, PUNK ROCK, B급 HORROR등을 모티브로 펼쳐지는 WHOLE COLLECTION & LIFE STYLE을 표방하는 브랜드입니다."
베리마스,https://usercontents-c.styleshare.io/images/21786366/700x394,
베리미,https://usercontents-c.styleshare.io/images/23588873/700x394,"“Hug Me! Love Me! Very Me!” 

남들의 소비패턴에 맞추는 천편일률적이고 특색없는 소비가 아닌, 진짜 본인이 원하는 것을 소비할 수 있는 진짜 소비를 실현하고 싶었습니다.
자신만의 개성을 담은 상품을 통해 스스로를 더 사랑하고 존중할 수 있으며, 자신만의 독특한 특색을 갖는 것, 이것이 Very Me의 비전입니다."
베리썸,https://usercontents-c.styleshare.io/images/25299652/700x394,매일매일 예뻐지는 즐거움 베리썸
베리영,https://usercontents-c.styleshare.io/images/43028812/700x394,I'M BERRY YOUNG! 언제 어디서든 사랑스러운 연두콩
베베드몽,https://usercontents-c.styleshare.io/images/38332637/700x394,
베베케이스,https://usercontents-c.styleshare.io/images/40583651/700x394,"Bebe Case!

Je conçois toujours en tant que naïf enfant."
베스하우스,https://usercontents-c.styleshare.io/images/21785124/700x394,"화장품에 대한 고상한 편견을 깨는 즐거운 놀이터, Bath House!
베스하우스는 남여노소 누구나 사용할 수 있는 즐거운 뷰티아이템을 만드는 곳입니다.
즐겁고 유쾌한 뷰티아이템 개발을 통해 아름다움에 대한 편견을 깨고 즐거움을 선물하는 곳,
여기는 ""즐거운 화장품 놀이터, Bath House""입니다."
베어파우,https://usercontents-c.styleshare.io/images/ffb066c9-9e0d-45e4-8150-bd77912b7596/700x394,
베이비센토르,https://usercontents-c.styleshare.io/images/20885314/700x394,"BABY CENTAUR(베이비 센토르)는 THE CENTAUR(더 센토르)의 세컨라인으로, SEASONLESS의 PROJECT BRAND 입니다."
베이비하트,https://usercontents-c.styleshare.io/images/d819a264-1d71-438d-b843-54b3204fbf59/700x394,"우리 아기 피부를 위한 첫번째 선택

민감한 우리 아기 피부에 특화된 막심 최초의 베이비 케어

베이비하트로 우리 아기에게 건강한 피부를 전하세요!"
베이스모먼트,https://usercontents-c.styleshare.io/images/42616667/700x394,"베이스모먼트(BASEMOMENT)는 
'기본'을 뜻하는 BASE와 '순간'을 뜻하는 MOMENT의 합성어 입니다.
베이스모먼트는 '기본적인 요소들이 갖추어진 순간에 가장 멋스럽고 아름답다' 라는 생각을 바탕으로
스트릿 문화를 재해석하여 위트있는 스타일로 소비자들에게 쉽게 다가가는 스트릿 캐주얼 브랜드 입니다."
베이스언유즈,https://usercontents-c.styleshare.io/images/42074139/700x394,"basedonyouth 는 '청춘에 기반하여'의 슬로건 아래, 미니멀한 디자인과 경계없는 시선으로 브랜드 만의 취향을 공유하고자 합니다."
베이직코튼,https://usercontents-c.styleshare.io/images/42556179/700x394,BASIC COTTON(베이직코튼)은 베이직한 아이템에 모던하고 큐트한 감성을 믹스한 유니섹스 브랜드입니다.
베이크솔,https://usercontents-c.styleshare.io/images/42197064/700x394,"'베이크솔(BAKE SOLE)은 매일 신발을 구워낸다는 철학을 가졌으며,
무던한 듯 캔버스 슈즈로서의 가장 아름다운 비율을 뽐내고 있는 브랜드 입니다."
베이프릴,https://usercontents-c.styleshare.io/images/22424473/700x394,"Beige + April 의 합성어인 베이프릴은
새로운 출발을 하는 이들을, 응원하는 마음으로 
매는 이가 언제나 기분좋은 가방을 연구하고 
제작하는 라이프스타일 브랜드이다."
베자,https://usercontents-c.styleshare.io/images/43003233/700x394,"2004년에 프랑스에서 시작된 VEJA는 브라질어로'바라보다'라는 뜻을 가진 브랜드 입니다. VEJA는 브라질 북쪽지방의 오가닉 코튼과 아마존에서 채취한 천연 고무를 사용하며 모든 제품을 브라질에서 생산합니다. 높은 퀄리티와 친환경적인 생산과정,합리적인 가격으로 인정받는 VEJA는 특별한 광고와 마케팅 없이 전세계적으로 인기를 얻고 있는 브랜드입니다."
베테제,https://usercontents-c.styleshare.io/images/41275148/700x394,"VETEZE(베테제)는 View Time Ze의 약자이며 시선, 시간, 성별에 구애받지 않고 자유롭게 살아가고 싶어 하는 이들을 위한 유니섹스 감성 스트리트 브랜드입니다."
베트멍,https://usercontents-c.styleshare.io/images/42759245/700x394,"VETEMENTS(베트멍)은 프랑스 의류브랜드 마이테레사(mytheresa)의 하위브랜드로, 뒤셀도르프와 파리의 발렌시아가 매장에서 디자이너 그루지야 태생의 디자이너 뎀나 바잘리아(Demna Gvasalia, 1981년 3월 25일 ~ )를 중심으로 2016년 시작된 의류 브랜드입니다."
벤데이비스,https://usercontents-c.styleshare.io/images/18825262/700x394,BEN DAVIS(벤 데이비스)는 1935년에 탄생하여 광고를 전혀 하지 않고 서해안의 스트릿 문화 안에서 많은 인기를 얻어 성장하였다고 전해지는 워크웨어 브랜드입니다.
벤시몽,https://usercontents-c.styleshare.io/images/43128215/700x394,"Since 1975. By Serge Bensimon.
유행이나 세월에 구애받지 않고
유럽인들의 일상에 컬러를 더하는 라이프 스타일 브랜드 벤시몽..
문화와 예술을 기반으로 브랜드를 전개하며,
싸게 사서 금세 입고 버리는 패스트 패션의 포화 속에서
오래 입는, 오래 신는, 오래 착용하는
""슬로 패션"" 의 대표 브랜드로 명맥을 유지하고 있습니다."
벤크,https://usercontents-c.styleshare.io/images/20444010/700x394,"VENQUE(벤크)는 캐나다 토론토의 가방브랜드 VENQUE는 Simon과 Victor 형제로부터 시작되어 심플하고 아름다운 디자인, 내구성 강한 가방, 누구나 감당할수 있는 합리적인 가격을 자랑하는 브랜드 입니다."
벤토이,https://usercontents-c.styleshare.io/images/24985396/700x394,"벤토이는 현재 중국,대만,홍콩,일본등에서 큰 인기를 끌고  있는 
캐릭터문구전문브랜드입니다.
우수한 품질과 귀여운 디자인으로 
우리나라에도 상당한 매니아층이 있으며,
자체제작된 귀여운 캐릭터들로 여성분들의 큰 사랑을 받고있습니다."
벨라지아,https://usercontents-c.styleshare.io/images/23466429/700x394,"벨라지아는 이탈리아어로 아름다운 여성을 뜻하며, 
보다 아름다운 여성을 위한 제품 및 서비스 제공을 위해 
노력하는 벨라지아의 기업 의지를 담고 있습니다."
벨로티,https://usercontents-c.styleshare.io/images/41416494/700x394,"벨로티는 세계 곳곳으로 뷰티 제품울 수출해왔습니다.
국내시장에는 2019년 8월부터 판매를 시작했습니다.
페이셜/풋/네일 케어 툴 등이 주요 생산제품입니다."
벨론,https://usercontents-c.styleshare.io/images/20301899/700x394,벨론(BELLON)은 진짜 천연 화장품으로 보다 건강하고 정확하게 '잘 씻는 방법을 알리는 캠페인을 진행합니다. 좋은 제품으로 잘 씻는 것이 피부관리의 시작입니다.
벨르주니,https://usercontents-c.styleshare.io/images/25374333/700x394,
벨리불리,https://usercontents-c.styleshare.io/images/25428986/700x394,"새롭고, 건강하고, 쉬운!
일상 속에서 간편하게 경험할 수 있는 이너뷰티 솔루션.벨리불리와 함께 맛있게 즐기다 보면
아름다운 변화는 자연스럽게 찾아옵니다"
벨바,https://usercontents-c.styleshare.io/images/4f5400e6-f2ab-46f2-990b-3cdaf5ec6805/700x394,"BALANCE OF YOUR LIFE! 

벨바의 비전은 '당신 삶의 밸런스'에서 출발하며

실용성과 감각적인 디자인을 겸비한 제품을 

합리적인 가격으로 제공하는 것을 철학으로 삼고 있습니다"
벳규어스,https://usercontents-c.styleshare.io/images/32110274/700x394,"BETGURES (벳규어스) 는 ""팝아트""를 기반으로, 알파벳과 도형의 혼합적인 미를 표현합니다. 
팝아트의 실험적인 요소를 지향하며, 그 속에 내포된 자유를 옷에 첨가하였습니다. 
이로인한 틀에 얽매이지 않은 다양성을 가진 옷들을 만나보실수 있는 브랜드 입니다."
변화로움,https://usercontents-c.styleshare.io/images/36478975/700x394,세상의 반인 여자의 행복한 그 날을 위한 변화의 시작 - 변화로움
보나수아,https://usercontents-c.styleshare.io/images/42471445/700x394,뷰티&이너뷰티를 책임지는 콜라겐 전문기업 보나수아
보나쥬르,https://usercontents-c.styleshare.io/images/40157722/700x394,"피부가 좋아지는 습관, 천연 기능성 화장품 브랜드 보나쥬르(BONAJOUR)"
보다나,https://usercontents-c.styleshare.io/images/21193093/700x394,"보다나(VODANA)는 20여 년간 헤어기기를 전문적으로 제조 및 개발해온 BSKOREA 의 기술력을 바탕으로 2012년 설립되었으며, 헤어살롱을 주력으로 제품을 공급하다 지난 2015년 가정에서도 전문가용 제품을 사용 할 수 있도록 판매처를 확대했습니다. 미국에서는 할리우드 스타의 헤어 디자이너가 애용하는 고데기로 매체에 소개되기도 할 만큼 전문가에게 탄탄한 지지를 얻은 보다나는 세계 13개국의 안전인증을 받아 제품력을 입증하고 있습니다."
보만 (BOMANN),https://usercontents-c.styleshare.io/images/41703882/700x394,"보만은 1982년 설립된 독일가전브랜드로서 주방, 생활, 이미용 제품을 유럽을 포함한 세계에 선보이고 있습니다. 주방에 어울리는 모던하고 심플한 디자인의 고품질 제품을 합리적 가격으로 만나보실 수 있습니다."
보스,https://usercontents-c.styleshare.io/images/42849171/700x394,
보얀,https://usercontents-c.styleshare.io/images/42294964/700x394,그리스 에우보이아 섬의 자연을 담은 내추럴 코스메틱 '보얀'
보우드,https://usercontents-c.styleshare.io/images/21330128/700x394,"보우드는 아름답게 빛나는 사랑의 순간, 서로의 진심을 전하기 위해 탄생한 브랜드입니다.  정성 가득한 진심으로부터 사랑이 시작된다고 믿기에, 이 믿음을 고스란히 담아 까다롭게 선택한 고급 천연원목을 재단하고, 작은 디테일 하나하나 수작업의 온기를 불어넣어, 사랑의 아름다움을 가장 아름다운 형태의 우드워치로 승화시켰습니다.  우드워치 브랜드 VOWOOD와 함께 잊혀지지 않을 소중한 순간을 함께 하시길 바랍니다."
보이런던,https://usercontents-c.styleshare.io/images/25512206/700x394,"쥬얼 믹싱 와치 브랜드 '보이런던(Boylondon)'! 
보이런던은 한자리에 머무르지 않고 보이런던만의 디자인 컨셉으로 시계를 재해석하고 새로운 트렌드를 만들어 내며 패션시계 시장의 트렌드 리더로 자리매김하고 있는 정통 유로스타일 시계 브랜드입니다."
보이런던와치,https://usercontents-c.styleshare.io/images/19027959/700x394,"BOYLONDON WATCH(보이런던와치)는 영국 킹스로드에서 태생한 패션 브랜드 보이런던의 시계를 선보이고 있으며, 현재 가장 트랜디한 스타일로 다수의 온라인 완판 기록을 세우며, 패션피플들에게 어필하고 있습니다."
보테가베네타,https://usercontents-c.styleshare.io/images/42759056/700x394,"BOTTEGA VENETA(보테가베네타)는 품질,장인정신,개성이라는 덕목들을 최우선으로 강조하면서 럭셔리 제품으로 탈바꿈된 브랜드입니다. 독일 출신의 디자이너 토마스마이어는 현재 PPR 그룹의 럭셔리 부문에 속해있는 이탈리아 럭셔리 라이프 스타일 브랜드인 ""보테가베네타""의 크리에이티브를 맡고있습니다."
본비반트,https://usercontents-c.styleshare.io/images/21186556/700x394,"본비반트(Bonvivant)는 '생기있는 사람, 인생을 즐기는 사람'을 의미합니다. 피부에 생기를 불어넣는 자연 원료를 찾아 겉으로만 화려한 작위적인 아름다움이 아닌 피부 본연의 생기로 빛나고 자연스러운 아름다움을 선사한다는 브랜드 철학이 담겨 있습니다."
본수이,https://usercontents-c.styleshare.io/images/43110947/700x394,영국 브랜드이며 여성스러움이 돋보이는 의류 상품을 주력으로 판매중인 브랜드
본플러스,https://usercontents-c.styleshare.io/images/40275156/700x394,"국제공인기관이 인증한 유기농 순면커버 생리대 
국내 제조 친환경 유기농 생리대"
부루앤쥬디,,"국제공인기관이 인증한 유기농 순면커버 생리대 
국내 제조 친환경 유기농 생리대"
부르조아,https://usercontents-c.styleshare.io/images/19015950/700x394,부르조아(BOURJOIS)는 프렌치 감성에 위트를 더한 프랑스 메이크업 브랜드입니다.
부테로,https://usercontents-c.styleshare.io/images/42759130/700x394,"BUTTERO(부테로)는 1974년, 세계 최고의 Riding Boots를 만들기 시작한 Mauro Sani에 의해서 시작된 BUTTERO는Sani일가에 의해서 현재까지 그 명성을 이어오고 있습니다.이태리內 전통방식으로 만들어지는 BUTTERO 의 신발은 와인과 같이 시간이 갈수록 아름다움을 더하는 토스카나 지역 최고의 Vegetable Tanned Leather만을 사용하며, 아직까지도 전통방식에 의한 100% Handcraft 제조방식을 고수하고 있습니다."
불가리,https://usercontents-c.styleshare.io/images/19282064/700x394,"1884년 그리스 출신의 소티리오 불가리(Sotirio Voulgaris)가 세운 회사에서 출발했습니다. 트레이드마크는 고대로마 양식으로 ‘BVLGARI’라고 쓰며, 1970년대까지 보석으로 이름을 떨쳤지만 오늘날에는 시계, 핸드백, 향수, 액세서리, 호텔 사업으로 인정받고 있습니다."
불꽃언니리턴즈,https://usercontents-c.styleshare.io/images/40887827/700x394,"불꽃언니리턴즈 '이너헬스 is Real'

내가 먹는 것이 곧 몸이 되고, 몸 속에 차곡차곡 쌓는 것들이 곧 내가 되고, 건강한 몸에서 시작하는 것이 곧 진정한 아름다움이다.

건강한 아름다움의 리얼 뷰티를 선사하는 브랜드 '불꽃언니리턴즈'"
불량소녀,https://usercontents-c.styleshare.io/images/43133654/700x394,"착한가격,예쁜 아이템
예뻐지는 10대 대표 쇼핑몰 불량소녀♡"
붐디아다,https://usercontents-c.styleshare.io/images/24635807/700x394,"붐디아다는 아프라카어로 '나는 세상을 사랑합니다' 라는 의미입니다.
생명이 있는 모든 것이 살아가는 세상, 그 생명의 근원이 되는 자연을 담은 
자연주의 화장품을 붐디아다에서 만나보세요."
붐잉케이스,https://usercontents-c.styleshare.io/images/25185262/700x394,"붐잉케이스는 트렌드와 다양한 컨셉을 케이스에 담아내며,
매일 함께하는 핸드폰을 컬러풀하게 바꾸어 줌으로 일상에 작은 특별함을 줍니다."
뷰인스,https://usercontents-c.styleshare.io/images/c13a53a3-bbaa-4d5d-9477-508d1fd493d4/700x394,"뷰인스는 자연이 간직한 아름다움의 지혜를 그대로 담아
이상적인 아름다움을 실천하는 자연주의 브랜드 입니다."
뷰킷리스트,https://usercontents-c.styleshare.io/images/21332514/700x394,"피부에서 부터 전해지는 은은한 섹시함. 섹시한 사람이 되고 싶나요? 몰래 열어보세요. ""섹시한 언니들의 뷰티레시피"""
뷰티끄랩,https://usercontents-c.styleshare.io/images/25429001/700x394,"LE SECRET DE BEAUTE. 아름다움의 비밀 뷰티끄랩.
네일&스킨&바디케어 등 다양한 미용용품이 한자리에! 차별화되고 엄선된 상품만을 판매하는 믿을 수 있는 브랜드!"
뷰티레시피,https://usercontents-c.styleshare.io/images/23663428/700x394,"착한성분을 바탕으로 만들어지는 착한화장품

순수하고 건강한 아름다움을 위한 저자극 코스메틱브랜드입니다."
뷰티메이커스,https://usercontents-c.styleshare.io/images/40388913/700x394,"뷰티메이커스는 각각의 메이커의 스토리가 모여 만들어진 브랜드입니다.
메이커의 아이디어와 영향력에 뷰티메이커스의 상품기획과 서비스가 더해지고
스마트팩토리 제조과정을 통해 고객에게 가치 있는 상품을 전달합니다."
뷰티블랜더,,"뷰티메이커스는 각각의 메이커의 스토리가 모여 만들어진 브랜드입니다.
메이커의 아이디어와 영향력에 뷰티메이커스의 상품기획과 서비스가 더해지고
스마트팩토리 제조과정을 통해 고객에게 가치 있는 상품을 전달합니다."
뷰티비기닝,https://usercontents-c.styleshare.io/images/40081075/700x394,"뷰티에 처음 접하는 비기너들을 위한 컬러플레이 브랜드, 뷰티 비기닝
가격은 물론 패키지까지 장착하고 싶은 트렌디한 사랑스러운 아이템입니다!"
뷰티에어포트,https://usercontents-c.styleshare.io/images/36722917/700x394,"새로운 뷰티를 여행하다! 
아름다움을 위한 여행에서 설렘과 기쁨을 신뢰로 지키는 뷰티 공간 뷰티에어포트입니다!"
뷰티클로,https://usercontents-c.styleshare.io/images/33064685/700x394,자연의 아름다움에 끌려 자연 그대로를 담아내는 자연주의 코스메틱 브랜드입니다. 엄선된 천연성분만을 사용해 피부자극 없이 효과적인 제품으로 피부 본연의 아름다움을 찾아 드립니다.
뷰티포뮬라,https://usercontents-c.styleshare.io/images/21205461/700x394,30여년의 전통 영국 브랜드인 뷰티포뮬라는 자연을 아끼고 사랑하는 뷰티 포뮬라는 전 제품에 대해 자연성분을 바탕으로 안전하고 기분좋게 제공하고자 노력하고 있습니다.
뷰티피플,https://usercontents-c.styleshare.io/images/25502873/700x394,"전문가의 노하우로 만들어진 색조 브랜드 뷰티피플
직장인, 학생 누구나 손쉽게 전문가적인 메이크업이 가능하도록 개발되었습니다."
뷰티핏,https://usercontents-c.styleshare.io/images/35234619/700x394,"뷰티 전문가가 소비자의 니즈를 파악하고 질문하며 
그 공간을 채우기 위해 끊임없이 연구하고 반복된 테스트로 완성되는 제품 '뷰티핏'입니다."
브라바도,https://usercontents-c.styleshare.io/images/19028242/700x394,"BRAVADO(브라바도)는 글로벌 No.1 음악회사인 유니버설뮤직 산하에 있는 머천다이즈 브랜드로 ""More than Music""(음악 그 이상 것)이라는 모토 아래 음악과 접목할 수 있는 여러 분야를 개척하기 위해 다양한 시도를 하고 있습니다."
브라비시모,https://usercontents-c.styleshare.io/images/21905491/700x394,
브래디백(Breaybags),https://usercontents-c.styleshare.io/images/33573083/700x394,"Hand Made in Walsall, England 브래디백 제품의 공정에 대한 철학은 수작업, 고품질의 소재 사용에서 고스란히 나타납니다. 밀리터리 스펙의 Heavy-Duty Bag 구조와 평소 관리만으로도 오랜 세월 유용하게 사용할 수 있는 비결은 바로 이러한 이유에 있습니다."
브렌슨,https://usercontents-c.styleshare.io/images/38402634/700x394,BRENSON (브렌슨)은 트렌드한 감성으로 퀄리티 높은 베이직하면서도 기본적인 아이템들로 가성비 높은 합리적인 제품들을 제작하는 브랜드 입니다
브로이스터,https://usercontents-c.styleshare.io/images/20294161/700x394,"BROISTER(브로이스터)는 Brother & Sister 의 약자로 실용성(practicality)과 편안함(comfortability), 세련된(Smartness) 스타일로 누구나 편안하게 착용하기 좋은 클래식 캐쥬얼 브랜드입니다. 우수한 품질의 원단을 사용, 전 공정 과정을 한국 가방 장인들과의 수작업으로 진행하여 최상의 퀄리티를 완성하고, 넉넉한 수납공간으로 실용성을 높이고 있습니다."
브리스코,https://usercontents-c.styleshare.io/images/20294206/700x394,"BRISCO(브리스코)는 가방에 관심이 많은 한 청년이 가방 판매일을 하다가, 가방을 만드는 여러 사람들과 협력하여 수십 년 쌓인 노하우로 우리만의 ""최고의 제품을 만들어 모든 가방의 표본이 되자!"" 라는 모토로 만들어진 브랜드이다."
브리아,https://usercontents-c.styleshare.io/images/25969185/700x394,"브리아는 ""빛을 발하다"",""빛나다""를 뜻하며 피부 본연의 힘으로 피부가 밝게 빛나도록  도와주는 코스메틱 브랜드입니다. 
브리아가 빛을 잃어버린 당신의 피부에 찬란하게 빛나는 빛을 다시 되찾아드립니다."
브이블랙,https://usercontents-c.styleshare.io/images/39998072/700x394,유니섹스 패션 액세서리 브랜드 브이블랙
블라쿤,https://usercontents-c.styleshare.io/images/23095788/700x394,"BLAKOON은 여러분야의 감성을 종합적으로 반영해 그래픽 디자인과 디테일, 실루엣을 잘 살린 디자인을 선보이는 10~20대 유니섹스 스트릿 웨어 브랜드입니다."
블랑블랙,https://usercontents-c.styleshare.io/images/19015881/700x394,"BLANCBLACK(블랑블랙)는 누가 사용하든, 어디서 사용하든, 어느 세대가 사용하든 모든 것을 어우르는 디자인. ""가장 기본적인 것이 최고이자 보편적인 가치"". 프렌치 감성과 미국감성의 결합된 디자인 가장 실용적이고 실질적이고 심플한 디자인 추구하며 어디에나 잘 어울리고, 질리지 않는 디자인이 블랑블랙이 추구하는 Brand Identity 입니다. 블랑블랙은 가방, 파우치, 미용소품등 전반적인 코스메틱 용품을 디자인, 생산, 판매 합니다."
블랙루즈,https://usercontents-c.styleshare.io/images/42074203/700x394,"고퀄리티 제품과 합리적인 가격으로 트렌드를 선도하는 색조 전문 메이크업 브랜드 블랙루즈
입니다."
블랙마틴싯봉,https://usercontents-c.styleshare.io/images/34979944/700x394,프랑스 디자이너 마틴싯봉의 디자인 철학을 YOUNG 하고 CHIC한 감성으로 플어낸 브랜드
블랙브라이어,https://usercontents-c.styleshare.io/images/19016217/700x394,"BLACK BRIAR(블랙 브라이어)는 국, 내외 스노우보드 프로선수 생활과 각종 익스트림 스포츠와 캠핑/음악에 취미를 가지고 있는 디자이너의 브랜드입니다. 경험을 바탕으로 기능성과 디자인을 모두 고려하여 만족스러운 제품을 출시했으며, 익스트림 스포츠 뿐만 아니라 캠핑/어반 스트릿에도 중점을 둔 브랜드입니다."
블랙블론드,https://usercontents-c.styleshare.io/images/25503973/700x394,"블랙블론드(BLACKBLOND)는 유니섹스 펑키스트릿 캐쥬얼웨어 브랜드입니다. 트렌디하며 스타일리쉬한 로열펑키 스타일을 지향하며,""Put away that kind of prejudice, Just recognize"" 의 슬로건은블랙블론드가 만들어 나아갈 퓨쳐 아이덴티티를 상징합니다."
블랙쉘,https://usercontents-c.styleshare.io/images/19027907/700x394,BLACK SHELL(블랙쉘)은 최고급 자재를 사용한 디자이너 슈즈 브랜드 입니다.
블랙페이지,https://usercontents-c.styleshare.io/images/19027880/700x394,"BLACK PAGE(블랙페이지)는 스트릿 패션 스타일의 팝하고 스포티한 유니섹스 캐쥬얼 의류로써 ‘BLACK PAGE’ 만의 독특한 감성을 통해 디자인과 스타일 또는 아이디어와 소재,컬러 등을 과감하게 믹스시켜 의상에서의 재미와 유니크 함을 선보이고 있습니다."
블랭크블랑,https://usercontents-c.styleshare.io/images/41813975/700x394,
블러브,https://usercontents-c.styleshare.io/images/20027345/700x394,BLUV(블러브)는 트렌디하게 복잡하고 난해한 패턴에서 벗어나 블러브만의 감성으로 아이덴티티를 표현합니다.
블레스문,https://usercontents-c.styleshare.io/images/36271428/700x394,SHE IS SO BLESSED !
블론드나인,https://usercontents-c.styleshare.io/images/36820457/700x394,"일상에서 얻은 사소한 영감과 현재를 살아가면서 생기는 개인의 색을 떠올리며 블론드나인 만의 감성을 완성하고, 단조로운 일상에서 벗어나 베이직하지만 결코 지루하지 않은 아이템들을 제안하는 유니섹스 캐주얼 브랜드입니다."
블루마운틴,https://usercontents-c.styleshare.io/images/18825525/700x394,"BLUE MOUNTAIN(블루마운틴)은 2013년 론칭하여 국내 우븐 슈즈 시장을 선도하고 있는 브랜드로, 누구나 신을 수 있는 국민 슈즈를 콘셉트로 기획된 브랜드입니다."
블루야드,https://usercontents-c.styleshare.io/images/21187129/700x394,"BLUE YARD(블루야드)는 2015년 가을/겨울에 데뷔하여 '블루'를 컬러의 기본으로 상징하며, 현대의 젊음이 추구하는 문화와 공감에서 얻는 감성을 모티브로 하여 전개되는 브랜드입니다. 'MY YOUTH'를 슬로건으로 현대인 자신의 젊음을 위한, 젊음에 의한 메시지를 전달하며 풀어나가고 있습니다."
블루엘리펀트,https://usercontents-c.styleshare.io/images/25481225/700x394,"상상가(imagineer)의 창의성을 상징하는 'BLUE ELEPHANT'는 크리에이티브를 추구하며 1970's의 아메리칸 클래식과 빈티지를 모티브로 뮤즈, 아이콘, 패션피플, 아티스트들과의 협업을 통해 다양한 분야에서 영감을 얻어 현대적으로 재해석한 컨템포러리 아이웨어 브랜드입니다."
블루오버블루,https://usercontents-c.styleshare.io/images/23006742/700x394,Blu Ova Blue(블루 오버 블루)는 푸른 바다에서 헤엄치는 것과 같이 틀을 벗어난 자유로움을 지향하는 신진 브랜드입니다. 유니크한 핏과 콜라주 기법을 활용한 스트릿 디자인을 통해 진부한 디자인으로부터 벗어나고 싶은 10대 - 20대 유니섹스 패션을 기반으로 합니다.
블루킥스,https://usercontents-c.styleshare.io/images/19028476/700x394,BLUKICKS(블루킥스)는 하와이의 자연을 닮은 신발을 상품화한 것으로 하와이의 풍경과 걱정 없이 보내는 휴가의 여유로움을 담고 있다.
블루파이,https://usercontents-c.styleshare.io/images/2d3a1569-9441-45e0-be8e-42f1adb80c0a/700x394,We make risque clothes that will attract you.
블리스텍스,https://usercontents-c.styleshare.io/images/19570065/700x394,"블리스텍스(BLISTEX)는 1947년 미국에서 설립되어 50가지 이상의 립밤을 전 세계 85개국에 판매하는 프리미엄 립밤 브랜드입니다. 차별화된 원료와 탁월한 보습효과, 진정효과, 흡수력, 지속력 등 효과는 블리스텍스 제품들의 우수한 점으로 전 세계에서 사랑받고 있습니다."
블링썸,https://usercontents-c.styleshare.io/images/20398724/700x394,"블링썸(BLINGSOME)은 바쁜 현대인을 위해 간단히 쉽고 빠른 Fast Makeup을 지향하며 천연에서 얻는 자연 유래 성분을 함유하여 건강, 편의, 효능 모두를 생각하는 틴트 전문 브랜드입니다."
비디보브,,"블링썸(BLINGSOME)은 바쁜 현대인을 위해 간단히 쉽고 빠른 Fast Makeup을 지향하며 천연에서 얻는 자연 유래 성분을 함유하여 건강, 편의, 효능 모두를 생각하는 틴트 전문 브랜드입니다."
비레머디스,https://usercontents-c.styleshare.io/images/39049715/700x394,"Basic REMEDIES for skin - B:REMEDIES
피부의 기본에서 시작합니다."
비마이무드,https://usercontents-c.styleshare.io/images/36292389/700x394,"‘ 당신의 분위기가 되어줄 가방 '
 
비마이무드 (be my mood) 는 합리적이고 실용적인 디자인을 중요시하며, 
단순히 사용을 목적으로 한 상품으로 끝나는게 아닌 하나의 분위기를 더 해줄수 있는 상품을 만들기 위해 노력합니다. 

디자인을 할때 늘 생각하는 세가지의 키워드
합리적인 가격  / 가지고싶은 디자인 / 실용적인 편리함

이 세가지가 모두 충족되는 상품을 만들기 위해 노력하여 구매해주신 분들에게 만족을 드리고 가치를 높이는 브랜드가 되려합니다."
비바클래시,https://usercontents-c.styleshare.io/images/31867583/700x394,"비바클래시(VIVACLASSY)는 언제나 입고 싶은, 언제나 생각나는, 영원히 사랑할 아이템을 로맥틱&러블리한 무드로 전개하는 디자이너 브랜드입니다."
비방트,https://usercontents-c.styleshare.io/images/39029123/700x394,"VIVANT는 프랑스어로 ‘살아있는, 생기있는’이라는 뜻을 가지고 있습니다.
생기있게 살아숨쉬는 젊은시절, 혹은 소중한 시간들을 함께 추억하는 제품을 만들고자합니다."
비비안웨스트우드,https://usercontents-c.styleshare.io/images/42206631/700x394,"존재감만으로도 카리스마가 느껴지는 영국의 살아있는 전설, 비비안 웨스트 우드는
섹시하면서도 강렬한 느낌의 디자인이 주를 이루며, 독특한 개성과 누구도 흉내 낼 수 없는
테일러링 기법으로 영국의 왕족과 귀족들이 입었던 클래식함에 바탕을 두고 현재 패션계를
리드하는 패셔너블함으로 패션계의 여왕이라는 칭호를 받으며 활동하고 있습니다.
매 시즌 다양하고 과감한 색상들과 각종 스트라이프 패턴, 그리고 플라워 프린트 등 화려한
패턴을 접목하여 비비안 웨스트 우드 매니아만을 위한 디자인이 탄생됩니다."
비쉬(VICHY),,"존재감만으로도 카리스마가 느껴지는 영국의 살아있는 전설, 비비안 웨스트 우드는
섹시하면서도 강렬한 느낌의 디자인이 주를 이루며, 독특한 개성과 누구도 흉내 낼 수 없는
테일러링 기법으로 영국의 왕족과 귀족들이 입었던 클래식함에 바탕을 두고 현재 패션계를
리드하는 패셔너블함으로 패션계의 여왕이라는 칭호를 받으며 활동하고 있습니다.
매 시즌 다양하고 과감한 색상들과 각종 스트라이프 패턴, 그리고 플라워 프린트 등 화려한
패턴을 접목하여 비비안 웨스트 우드 매니아만을 위한 디자인이 탄생됩니다."
비아모노,https://usercontents-c.styleshare.io/images/18900230/700x394,"VIAMONOH(비아모노)는 VIA(~경유하여)+MONO(~단일의, 단품의)의 합성어로 가방이라는 단품을 통해 세계로 나아간다는 의미를 포함합니다. 재미있는 생각, 새로운 것에 대한 열정으로 일년 간의 준비기간을 걸쳐 탄생하였습니다."
비아봉드비아,https://usercontents-c.styleshare.io/images/18296406/700x394,VIABON DE VIA(비아봉드비아)는 세련된 패턴과 흥미로운 디테일로 매 시즌마다 새로운 주제의 컬렉션이 전개됩니다. 무엇보다도 기본에 충실하지만 형식에 얽매이지 않은 브랜드를 만들고자 합니다. 어릴적 보물찾기를 하듯이 저마다의 가벼운 일탈을 꿈꾸게 합니다.
비아이에이(VIA),https://usercontents-c.styleshare.io/images/39272433/700x394,"SIMPLE IS BEST!!
비아이에이는 심플함을 추구하며 어떤 스타일에도 자연스럽게 어울리는 코디를 제안 합니다."
비앤솝,https://usercontents-c.styleshare.io/images/40436518/700x394,특별한 당신을 위한 감성 라이프 코스메틱
비에스래빗,https://usercontents-c.styleshare.io/images/21079765/700x394,"BSRABBIT(비에스래빗)은 SNOW BOARD의 B와 STREET의 S의 합성어로 스노우 보드와 스트릿 패션, 두 마리 토끼를 한 번에 잡을 수 있다는 의미로 이니셜 B와S를 RABBIT의 형태로 브랜드 로고를 제작하고, 2010년 8월 브랜드를 런칭하였습니다. 비에스래빗은 스트릿과 스노우 보드 관련 상품만으로 구성 되어 있으며 구매자들의 만족도를 높이기 위해 매월 다양한 디자인을 선보이도록 최선을 다할 것 입니다. 비에스래빗은 고객을 위해 흘리는 땀을 두려워하지 않는 정직한 브랜드입니다."
비에이블투,https://usercontents-c.styleshare.io/images/19027805/700x394,"B ABLE TWO(비에이블투)는 언어유희로 be able to = can ""할수있다""를 뜻하며, 긍정적인 위트를 신선하고 재미있게 풀어낸 컨템포러리 유니섹스 브랜드입니다."
비엔비세븐틴,https://usercontents-c.styleshare.io/images/23524323/700x394,"박정상 & 최정민 디자이너의 세컨브랜드 「BNB17」
17세 감성스타일을 좀더 편안하게 공감할수 있는 캐주얼룩으로 표현합니다.
디자이너가 만드는 10대들을 위한 감성 브랜드 「BNB17」
불나방은 열일곱살이에요"
비오르,https://usercontents-c.styleshare.io/images/42271509/700x394,"다이아몬드, 육각수등에서 알수 있듯이 가장 완전한 구조의 육각형 형태 비오르는 보다 완전하고 좋은 상품으로 다가서고자 하는 노력을 위한 육각형을 상징화한 브랜드입니다."
비온뒤,https://usercontents-c.styleshare.io/images/38100057/700x394,"오늘도 Dreamer인 당신과 함께 할 제품을 만들고 있는

비온뒤는 당신의 Dream follower"
비욘드,https://usercontents-c.styleshare.io/images/19043794/700x394,에코 뷰티 브랜드 비욘드(BEYOND)는 자연 에너지의 생명력을 고스란히 담고 있는 천연 성분을 활용해 피부 스스로의 아름다움을 되찾아줍니다.
비읍,https://usercontents-c.styleshare.io/images/39085474/700x394,"현대인을 위한 바른생활보감, 비읍"
비잉,https://usercontents-c.styleshare.io/images/24935607/700x394,BEING은 미니멀리즘을 기반으로 하며 스타일에 얽매이지 않고 자유롭고 다양한 디자인을 추구합니다.
비젼스트릿웨어,https://usercontents-c.styleshare.io/images/23082421/700x394,스포츠 감성과 기능을 기반으로 이루어진 스트릿웨어로서 감각적인 스포츠 디자인에 자유로우며 힙합적인 요소가 특징입니다.해외에서는 이미 보편화되어있는 정통 스트릿스포츠 패션을 선보이고 있습니다.또한 보드화의 최상위 기능적 & 디자인적 요소인 Covered Rubber 공법을 이용하여 제작된 비젼스트릿웨어의 슈즈라인은외부 환경으로 부터 발을 보호할 뿐만 아니라 독특한 디자인 감성까지 표현하고 있습니다.
비지트인뉴욕,https://usercontents-c.styleshare.io/images/42020341/700x394,VISIT IN NEWYORK(비지트인뉴욕)은 모던하고 시크한 감성을 지향하는 브랜드입니다.
비커즈,https://usercontents-c.styleshare.io/images/21553598/700x394,
비탈리아노 판칼디,https://usercontents-c.styleshare.io/images/42787314/700x394,
비토우,https://usercontents-c.styleshare.io/images/40388703/700x394,"‘BETOW’는 ‘문화와 트렌드를 결합한 가치 있는 패션’이라는 브랜드 철학 아래, 매 시즌 다양한 아티스트와의 협업을 통해 영향력 있는 옷을 만들어냅니다."
비피비(BPB),https://usercontents-c.styleshare.io/images/34816983/700x394,"BPB의 브랜드아이덴티티는, 위트 있고 키치 하면서도 초현실주의 미술품과 같은 감각으로 일상적인 주제를 상품화하는 것에 기반을 둡니다. 
궁극적으로 BPB의 제품을 통하여 사람들에게 유토피아적 사랑과 행복을 경험하게 하는 것이 브랜드 철학입니다. 

BPB의 행보는 아이덴티티를 잃지 않고 브랜드를 전개해 나가는 것과 패션에 국한되지 않고 다양한 활동을 통하여 
복합예술의 장을 마련함으로써 패션과 예술을 사랑하는 모든 이들과 함께 하는 것입니다."
