사베,https://usercontents-c.styleshare.io/images/38949858/88x50,https://www.styleshare.kr/brands/4316
사봉,https://usercontents-c.styleshare.io/images/22593837/88x50,https://www.styleshare.kr/brands/2872
사뿐,https://usercontents-c.styleshare.io/images/21571960/88x50,https://www.styleshare.kr/brands/3076
사토리산,https://usercontents-c.styleshare.io/images/40888064/88x50,https://www.styleshare.kr/brands/2838
사티아,https://usercontents-c.styleshare.io/images/19016163/88x50,https://www.styleshare.kr/brands/4541
삭스신드롬,https://usercontents-c.styleshare.io/images/40141748/88x50,https://www.styleshare.kr/brands/842
삭스어필,https://usercontents-c.styleshare.io/images/18825454/88x50,https://www.styleshare.kr/brands/4439
삭스타즈,https://usercontents-c.styleshare.io/images/32029690/88x50,https://www.styleshare.kr/brands/845
산돌티움,https://usercontents-c.styleshare.io/images/41813765/88x50,https://www.styleshare.kr/brands/3693
산리오,https://usercontents-c.styleshare.io/images/24781672/88x50,https://www.styleshare.kr/brands/4639
산수시(SANS SOUCIS),https://usercontents-c.styleshare.io/images/25040658/88x50,https://www.styleshare.kr/brands/3635
산테(sante),https://usercontents-c.styleshare.io/images/22528985/88x50,https://www.styleshare.kr/brands/3363
살랑,https://usercontents-c.styleshare.io/images/43038836/88x50,https://www.styleshare.kr/brands/3416
샐러드볼,https://usercontents-c.styleshare.io/images/42849204/88x50,https://www.styleshare.kr/brands/2380
샘 에델만,https://usercontents-c.styleshare.io/images/42259255/88x50,https://www.styleshare.kr/brands/4981
생로랑,https://usercontents-c.styleshare.io/images/18862177/88x50,https://www.styleshare.kr/brands/4870
샤넬,https://usercontents-c.styleshare.io/images/40869647/88x50,https://www.styleshare.kr/brands/4739
샤샤,https://usercontents-c.styleshare.io/images/24291254/88x50,https://www.styleshare.kr/brands/4695
샤카웨어,https://usercontents-c.styleshare.io/images/24678139/88x50,https://www.styleshare.kr/brands/857
서울어패럴,https://usercontents-c.styleshare.io/images/38557328/88x50,https://www.styleshare.kr/brands/4532
선데이텀블러,https://usercontents-c.styleshare.io/images/22101112/88x50,https://www.styleshare.kr/brands/3195
선티크 (SUNTIQUE),https://usercontents-c.styleshare.io/images/38788729/88x50,https://www.styleshare.kr/brands/3355
설화수,https://usercontents-c.styleshare.io/images/21205660/88x50,https://www.styleshare.kr/brands/4241
세따므아,https://usercontents-c.styleshare.io/images/35651219/88x50,https://www.styleshare.kr/brands/2991
세레브레이트 위드 어스,https://usercontents-c.styleshare.io/images/42725888/88x50,https://www.styleshare.kr/brands/4280
세레이져,https://usercontents-c.styleshare.io/images/36894013/88x50,https://www.styleshare.kr/brands/2743
세미코드,https://usercontents-c.styleshare.io/images/38605011/88x50,https://www.styleshare.kr/brands/3994
세미콜론 아이웨어,https://usercontents-c.styleshare.io/images/21800233/88x50,https://www.styleshare.kr/brands/3490
세스띠,https://usercontents-c.styleshare.io/images/43110831/88x50,https://www.styleshare.kr/brands/4093
세이어스,https://usercontents-c.styleshare.io/images/31719465/88x50,https://www.styleshare.kr/brands/4265
세이치즈,https://usercontents-c.styleshare.io/images/23161154/88x50,https://www.styleshare.kr/brands/2922
세이코,https://usercontents-c.styleshare.io/images/42759446/88x50,https://www.styleshare.kr/brands/4991
세인트갤러리,https://usercontents-c.styleshare.io/images/18945402/88x50,https://www.styleshare.kr/brands/3651
세인트스코트,https://usercontents-c.styleshare.io/images/37632400/88x50,https://www.styleshare.kr/brands/2804
세인트제임스,https://usercontents-c.styleshare.io/images/38365724/88x50,https://www.styleshare.kr/brands/4534
세일러문,https://usercontents-c.styleshare.io/images/33218205/88x50,https://www.styleshare.kr/brands/2204
세임폴츠,https://usercontents-c.styleshare.io/images/25510986/88x50,https://www.styleshare.kr/brands/4125
세잔느,https://usercontents-c.styleshare.io/images/5001d12a-6c27-45b5-b839-3d1e2f2ab892/88x50,https://www.styleshare.kr/brands/4209
세컨네이션,https://usercontents-c.styleshare.io/images/21192167/88x50,https://www.styleshare.kr/brands/3019
세컨드맨션,https://usercontents-c.styleshare.io/images/25245756/88x50,https://www.styleshare.kr/brands/3548
세컨드유니크네임,https://usercontents-c.styleshare.io/images/22826419/88x50,https://www.styleshare.kr/brands/2004
세컨스타바이지아,https://usercontents-c.styleshare.io/images/32071940/88x50,https://www.styleshare.kr/brands/2643
세컨아이디어,https://usercontents-c.styleshare.io/images/29882376/88x50,https://www.styleshare.kr/brands/3482
세타필,https://usercontents-c.styleshare.io/images/32608130/88x50,https://www.styleshare.kr/brands/2862
센스스튜디오,https://usercontents-c.styleshare.io/images/34696457/88x50,https://www.styleshare.kr/brands/882
센스오브그레이스,https://usercontents-c.styleshare.io/images/38133203/88x50,https://www.styleshare.kr/brands/3691
센텔리안24,https://usercontents-c.styleshare.io/images/34327227/88x50,https://www.styleshare.kr/brands/3610
센티멘탈리스트(SENTIMENTALIST),https://usercontents-c.styleshare.io/images/42759035/88x50,https://www.styleshare.kr/brands/3755
센펠,https://usercontents-c.styleshare.io/images/36722787/88x50,https://www.styleshare.kr/brands/3890
셀라피,https://usercontents-c.styleshare.io/images/25308211/88x50,https://www.styleshare.kr/brands/4170
셀러버,https://usercontents-c.styleshare.io/images/37758162/88x50,https://www.styleshare.kr/brands/3873
셀린느,https://usercontents-c.styleshare.io/images/39228135/88x50,https://www.styleshare.kr/brands/4851
셀티플러스,https://usercontents-c.styleshare.io/images/23868642/88x50,https://www.styleshare.kr/brands/4083
셀프뷰티,https://usercontents-c.styleshare.io/images/36037260/88x50,https://www.styleshare.kr/brands/3488
셀피쉬,https://usercontents-c.styleshare.io/images/37403687/88x50,https://www.styleshare.kr/brands/3905
셉템버29,https://usercontents-c.styleshare.io/images/21621137/88x50,https://www.styleshare.kr/brands/4337
셔터,https://usercontents-c.styleshare.io/images/37987248/88x50,https://www.styleshare.kr/brands/3271
션리,https://usercontents-c.styleshare.io/images/35232922/88x50,https://www.styleshare.kr/brands/4027
셜크,https://usercontents-c.styleshare.io/images/5c9c0c05-c2c8-4976-bcb2-22fd30cfec80/88x50,https://www.styleshare.kr/brands/4113
소곤소곤,https://usercontents-c.styleshare.io/images/38253858/88x50,https://www.styleshare.kr/brands/2853
소그냅,https://usercontents-c.styleshare.io/images/42569483/88x50,https://www.styleshare.kr/brands/4159
소녀나라,https://usercontents-c.styleshare.io/images/35725762/88x50,https://www.styleshare.kr/brands/3937
소렐,https://usercontents-c.styleshare.io/images/33887208/88x50,https://www.styleshare.kr/brands/2404
소무소무,https://usercontents-c.styleshare.io/images/40870335/88x50,https://www.styleshare.kr/brands/4193
소미노,https://usercontents-c.styleshare.io/images/37439237/88x50,https://www.styleshare.kr/brands/4777
소미담,https://usercontents-c.styleshare.io/images/41779864/88x50,https://www.styleshare.kr/brands/4000
소버먼트(soverment),https://usercontents-c.styleshare.io/images/19242516/88x50,https://www.styleshare.kr/brands/3853
소보제화,https://usercontents-c.styleshare.io/images/41711610/88x50,https://www.styleshare.kr/brands/4533
소소풀,https://usercontents-c.styleshare.io/images/43228026/88x50,https://www.styleshare.kr/brands/4115
소시에떼,https://usercontents-c.styleshare.io/images/41703889/88x50,https://www.styleshare.kr/brands/4634
소우리얼,https://usercontents-c.styleshare.io/images/43003445/88x50,https://www.styleshare.kr/brands/893
소일베이커,https://usercontents-c.styleshare.io/images/40365386/88x50,https://www.styleshare.kr/brands/4627
소피휼미,https://usercontents-c.styleshare.io/images/36452740/88x50,https://www.styleshare.kr/brands/5019
솔러스에어(SoleusAir),https://usercontents-c.styleshare.io/images/43244564/88x50,https://www.styleshare.kr/brands/4616
솔루도스,https://usercontents-c.styleshare.io/images/42282327/88x50,https://www.styleshare.kr/brands/4960
솔리노트,https://usercontents-c.styleshare.io/images/38933873/88x50,https://www.styleshare.kr/brands/4475
솔스틱 미니,https://usercontents-c.styleshare.io/images/20964593/88x50,https://www.styleshare.kr/brands/4056
솔트워터,https://usercontents-c.styleshare.io/images/21893232/88x50,https://www.styleshare.kr/brands/3304
쇼미쇼미,https://usercontents-c.styleshare.io/images/35951713/88x50,https://www.styleshare.kr/brands/4727
쇼브오프,https://usercontents-c.styleshare.io/images/35424697/88x50,https://www.styleshare.kr/brands/4313
쇼파드,https://usercontents-c.styleshare.io/images/21793205/88x50,https://www.styleshare.kr/brands/2676
숄더체크,https://usercontents-c.styleshare.io/images/38557334/88x50,https://www.styleshare.kr/brands/2949
수려한,https://usercontents-c.styleshare.io/images/42020336/88x50,https://www.styleshare.kr/brands/2797
수련,https://usercontents-c.styleshare.io/images/36292823/88x50,https://www.styleshare.kr/brands/4020
수아연,https://usercontents-c.styleshare.io/images/21204338/88x50,https://www.styleshare.kr/brands/3971
수오가닉,https://usercontents-c.styleshare.io/images/36289783/88x50,https://www.styleshare.kr/brands/3429
수페르가,https://usercontents-c.styleshare.io/images/37912057/88x50,https://www.styleshare.kr/brands/903
숨,https://usercontents-c.styleshare.io/images/40431189/88x50,https://www.styleshare.kr/brands/4242
숲(SOUP),https://usercontents-c.styleshare.io/images/36724778/88x50,https://www.styleshare.kr/brands/4667
쉬어로,https://usercontents-c.styleshare.io/images/d52df5b1-90e7-47ab-89c0-44e036690aa6/88x50,https://www.styleshare.kr/brands/4044
쉬엘,https://usercontents-c.styleshare.io/images/31907615/88x50,https://www.styleshare.kr/brands/2734
슈가레브,https://usercontents-c.styleshare.io/images/25063023/88x50,https://www.styleshare.kr/brands/4039
슈드비,https://usercontents-c.styleshare.io/images/34054041/88x50,https://www.styleshare.kr/brands/4153
슈레피,https://usercontents-c.styleshare.io/images/42792047/88x50,https://www.styleshare.kr/brands/4481
슈비엔,https://usercontents-c.styleshare.io/images/24934561/88x50,https://www.styleshare.kr/brands/2874
슈쁨,https://usercontents-c.styleshare.io/images/25521291/88x50,https://www.styleshare.kr/brands/6123
슈엣뜨샤폐,https://usercontents-c.styleshare.io/images/34159805/88x50,https://www.styleshare.kr/brands/3687
슈타트,https://usercontents-c.styleshare.io/images/39015055/88x50,https://www.styleshare.kr/brands/3442
슈퍼레이티브,https://usercontents-c.styleshare.io/images/38252264/88x50,https://www.styleshare.kr/brands/2518
슈퍼링크,https://usercontents-c.styleshare.io/images/41813766/88x50,https://www.styleshare.kr/brands/4901
슈퍼베이직,https://usercontents-c.styleshare.io/images/40736411/88x50,https://www.styleshare.kr/brands/3401
슈퍼크록,https://usercontents-c.styleshare.io/images/39274215/88x50,https://www.styleshare.kr/brands/3563
슈펜,https://usercontents-c.styleshare.io/images/21187471/88x50,https://www.styleshare.kr/brands/2148
슈프림,https://usercontents-c.styleshare.io/images/21375890/88x50,https://www.styleshare.kr/brands/920
스녹,https://usercontents-c.styleshare.io/images/32347155/88x50,https://www.styleshare.kr/brands/4192
스누피,https://usercontents-c.styleshare.io/images/42020339/88x50,https://www.styleshare.kr/brands/4640
스닐로스티치,https://usercontents-c.styleshare.io/images/42792873/88x50,https://www.styleshare.kr/brands/4517
스와로브스키,https://usercontents-c.styleshare.io/images/21614908/88x50,https://www.styleshare.kr/brands/4345
스웨거,https://usercontents-c.styleshare.io/images/39252094/88x50,https://www.styleshare.kr/brands/2587
스웨그레그,https://usercontents-c.styleshare.io/images/25063488/88x50,https://www.styleshare.kr/brands/2792
스위스킨,https://usercontents-c.styleshare.io/images/42860080/88x50,https://www.styleshare.kr/brands/3714
스위트숲,https://usercontents-c.styleshare.io/images/37053004/88x50,https://www.styleshare.kr/brands/4668
스카겐,https://usercontents-c.styleshare.io/images/23749967/88x50,https://www.styleshare.kr/brands/4903
스카디,https://usercontents-c.styleshare.io/images/42483167/88x50,https://www.styleshare.kr/brands/2851
스칼렛또,https://usercontents-c.styleshare.io/images/24587189/88x50,https://www.styleshare.kr/brands/4340
스캠프,https://usercontents-c.styleshare.io/images/19017365/88x50,https://www.styleshare.kr/brands/3443
스컬프터,https://usercontents-c.styleshare.io/images/40939189/88x50,https://www.styleshare.kr/brands/942
스코노,https://usercontents-c.styleshare.io/images/39961388/88x50,https://www.styleshare.kr/brands/945
스코어,https://usercontents-c.styleshare.io/images/24634922/88x50,https://www.styleshare.kr/brands/3261
스키니랩,https://usercontents-c.styleshare.io/images/a4b8bca6-25de-4525-9dd2-22beda71fb45/88x50,https://www.styleshare.kr/brands/4767
스킨1004,https://usercontents-c.styleshare.io/images/18900204/88x50,https://www.styleshare.kr/brands/3008
스킨79,https://usercontents-c.styleshare.io/images/20305185/88x50,https://www.styleshare.kr/brands/2121
스킨랩솔루,https://usercontents-c.styleshare.io/images/18839051/88x50,https://www.styleshare.kr/brands/4546
스킨스보니,https://usercontents-c.styleshare.io/images/19016305/88x50,https://www.styleshare.kr/brands/3467
스킨스튜디오,https://usercontents-c.styleshare.io/images/24419682/88x50,https://www.styleshare.kr/brands/4411
스킨앤랩,https://usercontents-c.styleshare.io/images/32917229/88x50,https://www.styleshare.kr/brands/3352
스타비,https://usercontents-c.styleshare.io/images/41400903/88x50,https://www.styleshare.kr/brands/2881
스타일쉐어x곽토리,https://usercontents-c.styleshare.io/images/22780137/88x50,https://www.styleshare.kr/brands/3576
스타일플랜,https://usercontents-c.styleshare.io/images/42728346/88x50,https://www.styleshare.kr/brands/948
스타터,https://usercontents-c.styleshare.io/images/42783953/88x50,https://www.styleshare.kr/brands/2352
스탠리큐브릭,https://usercontents-c.styleshare.io/images/42467965/88x50,https://www.styleshare.kr/brands/955
스탠바이미,https://usercontents-c.styleshare.io/images/38817700/88x50,https://www.styleshare.kr/brands/2238
스테디콤마,https://usercontents-c.styleshare.io/images/42759323/88x50,https://www.styleshare.kr/brands/3331
스테어,https://usercontents-c.styleshare.io/images/39222808/88x50,https://www.styleshare.kr/brands/2620
스텍업,https://usercontents-c.styleshare.io/images/36340673/88x50,https://www.styleshare.kr/brands/4577
스텔라레알레,https://usercontents-c.styleshare.io/images/38170645/88x50,https://www.styleshare.kr/brands/969
스텔라맥카트니,https://usercontents-c.styleshare.io/images/19282026/88x50,https://www.styleshare.kr/brands/4836
스톡홀름신드롬,https://usercontents-c.styleshare.io/images/23179079/88x50,https://www.styleshare.kr/brands/4897
스톤아일랜드,https://usercontents-c.styleshare.io/images/22091803/88x50,https://www.styleshare.kr/brands/4760
스투시,https://usercontents-c.styleshare.io/images/21184565/88x50,https://www.styleshare.kr/brands/3038
스튜어트와이츠먼,https://usercontents-c.styleshare.io/images/42020552/88x50,https://www.styleshare.kr/brands/4843
스트릭랜드,https://usercontents-c.styleshare.io/images/42368205/88x50,https://www.styleshare.kr/brands/4334
스티그마,https://usercontents-c.styleshare.io/images/20292543/88x50,https://www.styleshare.kr/brands/4052
스티멍,https://usercontents-c.styleshare.io/images/42443161/88x50,https://www.styleshare.kr/brands/4176
스틸라,https://usercontents-c.styleshare.io/images/36210352/88x50,https://www.styleshare.kr/brands/2301
스틸렛,https://usercontents-c.styleshare.io/images/29465572/88x50,https://www.styleshare.kr/brands/3147
스틸리슴,https://usercontents-c.styleshare.io/images/25565906/88x50,https://www.styleshare.kr/brands/2989
스틸앤츄,https://usercontents-c.styleshare.io/images/41198206/88x50,https://www.styleshare.kr/brands/2730
스팀베이스,https://usercontents-c.styleshare.io/images/25562995/88x50,https://www.styleshare.kr/brands/4549
스파오,https://usercontents-c.styleshare.io/images/c7c326cf-1b8d-444b-a1d5-fd45a17c2d30/88x50,https://www.styleshare.kr/brands/3295
스펑키,https://usercontents-c.styleshare.io/images/41780462/88x50,https://www.styleshare.kr/brands/2545
스페로네,https://usercontents-c.styleshare.io/images/18815190/88x50,https://www.styleshare.kr/brands/4748
스페이스비,https://usercontents-c.styleshare.io/images/21252828/88x50,https://www.styleshare.kr/brands/3620
스페이스에이지,https://usercontents-c.styleshare.io/images/24150178/88x50,https://www.styleshare.kr/brands/2992
스페트로,https://usercontents-c.styleshare.io/images/40081325/88x50,https://www.styleshare.kr/brands/3569
스포츠맨,https://usercontents-c.styleshare.io/images/18900242/88x50,https://www.styleshare.kr/brands/4570
슬레지코너,https://usercontents-c.styleshare.io/images/21187179/88x50,https://www.styleshare.kr/brands/2151
슬렌더톤,https://usercontents-c.styleshare.io/images/23466466/88x50,https://www.styleshare.kr/brands/6157
슬로우랩,https://usercontents-c.styleshare.io/images/43114482/88x50,https://www.styleshare.kr/brands/3137
슬로코스터,https://usercontents-c.styleshare.io/images/43003312/88x50,https://www.styleshare.kr/brands/2073
슬리피슬립,https://usercontents-c.styleshare.io/images/19044371/88x50,https://www.styleshare.kr/brands/2483
시그냅,https://usercontents-c.styleshare.io/images/37987592/88x50,https://www.styleshare.kr/brands/3301
시그니처,https://usercontents-c.styleshare.io/images/039c802e-a19c-4cb5-b2e3-63b2099b863e/88x50,https://www.styleshare.kr/brands/4409
시눈,https://usercontents-c.styleshare.io/images/35348637/88x50,https://www.styleshare.kr/brands/995
시디스콤마,https://usercontents-c.styleshare.io/images/39449426/88x50,https://www.styleshare.kr/brands/2366
시로앤마로,https://usercontents-c.styleshare.io/images/39911917/88x50,https://www.styleshare.kr/brands/3200
시모무라,https://usercontents-c.styleshare.io/images/20526842/88x50,https://www.styleshare.kr/brands/5005
시비즈,https://usercontents-c.styleshare.io/images/3beba13b-6f3b-4db8-969c-c55c41622a04/88x50,https://www.styleshare.kr/brands/4958
시세이도,https://usercontents-c.styleshare.io/images/42891551/88x50,https://www.styleshare.kr/brands/2214
시에로코스메틱,https://usercontents-c.styleshare.io/images/40504758/88x50,https://www.styleshare.kr/brands/4160
시은언니,https://usercontents-c.styleshare.io/images/20303354/88x50,https://www.styleshare.kr/brands/6145
시즈더데이,https://usercontents-c.styleshare.io/images/21187241/88x50,https://www.styleshare.kr/brands/3965
시즌키트,https://usercontents-c.styleshare.io/images/42994304/88x50,https://www.styleshare.kr/brands/4351
시코쿠 스튜디오,https://usercontents-c.styleshare.io/images/25520840/88x50,https://www.styleshare.kr/brands/4392
시크릿나인틴,https://usercontents-c.styleshare.io/images/42650597/88x50,https://www.styleshare.kr/brands/3296
시트러스,https://usercontents-c.styleshare.io/images/25042853/88x50,https://www.styleshare.kr/brands/2381
시티브리즈,https://usercontents-c.styleshare.io/images/24488161/88x50,https://www.styleshare.kr/brands/2536
시티즌,https://usercontents-c.styleshare.io/images/38554176/88x50,https://www.styleshare.kr/brands/4919
식포파이브,https://usercontents-c.styleshare.io/images/a72ea55a-9dcd-451c-8722-84a90813184d/88x50,https://www.styleshare.kr/brands/4492
심슨,https://usercontents-c.styleshare.io/images/25969414/88x50,https://www.styleshare.kr/brands/2548
쌍빠,https://usercontents-c.styleshare.io/images/21086382/88x50,https://www.styleshare.kr/brands/2571
써드위브,https://usercontents-c.styleshare.io/images/38557348/88x50,https://www.styleshare.kr/brands/1997
써리미,https://usercontents-c.styleshare.io/images/20956550/88x50,https://www.styleshare.kr/brands/2723
써리원플로어스(31floors),https://usercontents-c.styleshare.io/images/35561822/88x50,https://www.styleshare.kr/brands/4784
써스데이플랜테이션,https://usercontents-c.styleshare.io/images/19027726/88x50,https://www.styleshare.kr/brands/3418
써치410,https://usercontents-c.styleshare.io/images/42196664/88x50,https://www.styleshare.kr/brands/3340
써틴,https://usercontents-c.styleshare.io/images/35769078/88x50,https://www.styleshare.kr/brands/4253
썸데이무드,https://usercontents-c.styleshare.io/images/34742436/88x50,https://www.styleshare.kr/brands/6118
썸띵어쿠스틱,https://usercontents-c.styleshare.io/images/f30f06aa-77b3-4a85-aa61-00b7233380fe/88x50,https://www.styleshare.kr/brands/3580
썸머스이브,https://usercontents-c.styleshare.io/images/31843688/88x50,https://www.styleshare.kr/brands/2715
썸바이미,https://usercontents-c.styleshare.io/images/23601375/88x50,https://www.styleshare.kr/brands/4244
쎄쎄쎄,https://usercontents-c.styleshare.io/images/41154354/88x50,https://www.styleshare.kr/brands/2657
쎄이트(SSEYT),https://usercontents-c.styleshare.io/images/35332205/88x50,https://www.styleshare.kr/brands/3984
쎄투,https://usercontents-c.styleshare.io/images/25381785/88x50,https://www.styleshare.kr/brands/1990
쏘내추럴,https://usercontents-c.styleshare.io/images/20305210/88x50,https://www.styleshare.kr/brands/4705
쏘미미,https://usercontents-c.styleshare.io/images/24803576/88x50,https://www.styleshare.kr/brands/4010
쏘우클래식(SWCL),https://usercontents-c.styleshare.io/images/40291043/88x50,https://www.styleshare.kr/brands/3902
쏘차밍,https://usercontents-c.styleshare.io/images/31675945/88x50,https://www.styleshare.kr/brands/3665