사베,https://usercontents-c.styleshare.io/images/38949858/700x394,"SABE (사베)는 어리지만 자신을 사랑하고 자기취향을  
잘아는 FASHION SAVVY (패션을 잘 알고 이해하는) 
소녀들을 위한 사랑스러운 브랜드입니다. 
평범한듯 조금 다른 취향을 지향하는 젊은 감성을 대변합니다."
사봉,,"SABE (사베)는 어리지만 자신을 사랑하고 자기취향을  
잘아는 FASHION SAVVY (패션을 잘 알고 이해하는) 
소녀들을 위한 사랑스러운 브랜드입니다. 
평범한듯 조금 다른 취향을 지향하는 젊은 감성을 대변합니다."
사뿐,https://usercontents-c.styleshare.io/images/22593837/700x394,"편하고 베이직하게 신을 수 있는 데일리 슈즈
여자들의 가벼운 발걸음, 사뿐"
사토리산,https://usercontents-c.styleshare.io/images/21571960/700x394,"사토리산은 신발업계에서 다양하고 풍부한 경력을 쌓은 트렌디하고 개성 넘치는 전문가들이 모여 2010년 
런칭 한 스페인의 슈즈 브랜드입니다. 주변의 것과 조화와 균형을 이루는 삶을 중시하는 보헤미안 라이프스타일을 
추구하고 있으며 스페인의 아름다운 자연에서 끊임없이 영감을 얻고 있습니다. 스페인, 이태리의 최고급 가죽을 사용하여 
내구성 강하면서도 스타일리시한 제품을 선보입니다. 브랜드 이름인 사토리산은 사람의 마음을 읽는다고 알려진 전설 속의 존재로서, 
‘이해, 조화, 균형’을 의미합니다. 고객이 원하는 것을 이해하고 그에 맞추어 노력하려는 브랜드 철학을 담은 네이밍으로,
신발의 아웃솔과 바닥에 사토리산의 모습을 새겨 넣었습니다.

워싱 된 가죽, 특별한 가공을 거쳐 만들어진 자연스러운 주름과 불규칙적인 색상 스티치, 매듭 등의 디테일은 사토리산만의 특징입니다.
수작업으로 완성한 견고한 마감과 특별한 염색 기법으로 반복되지 않는 유니크함을 가집니다. 오랜 연구 끝에"
사티아,https://usercontents-c.styleshare.io/images/40888064/700x394,"'나그참파'라는 브랜드는 창업자가 1964년 장남 '나그라지'(Nagraj) 탄생과 향긋하고 달달한 '참파'(Champa) 꽃 향을 합하여 만들었습니다. 창업자 Shri Setyam Setty가 인도 전역을 여행 중, 유명한 그루인 Satya Sai Baba에게 영감을 받아 개발한 인센스로서, 1964년 출시 이래 세계적인 명성의 프리미엄 인센스로 성장하였습니다. 나그참파코리아는 KC인증으로 검증된 품질과 안정성을 보장하며, 전 성분표를 공개하여 안심하시고 사용하실 수 있도록 하였습니다. 정품 확인을 위해 스티커 속의 나그참파코리아를 꼭 확인하세요!"
삭스신드롬,https://usercontents-c.styleshare.io/images/19016163/700x394,"SOXX SYNDROME(삭스신드롬)은 합리적인 가격을 앞세운 심플하면서도 감각적인 디자인 위주의 상품으로 사람들 사이에 녹아들기위해 ""패션양말의 대중화""라는 슬로건을 걸고 탄생하였습니다."
삭스어필,https://usercontents-c.styleshare.io/images/40141748/700x394,"""매일 아침을 여는 행복 삭스어필!
삭스어필은 우리가 좋아하는 것들을  매일 신고 입는 양말과 데일리웨어에 담아 디자인하고 있습니다. 
매일 아침 양말을 고르고 그날의 옷을 고르는 시간이 더 행복할 수 있도록 하루를 기분 좋게 시작할 수 있는 제품들을 만들고 있습니다. """
삭스타즈,https://usercontents-c.styleshare.io/images/18825454/700x394,"SOCKSTAZ(삭스타즈)는 국내,외 30여 브랜드, 500여 종의 양말을 소개하고 있는 국내 최초 프리미엄 양말 편집샵입니다. 브랜드의 컨셉이 뚜렷한 국내 신진 디자이너의 패션양말부터 오랜 역사를 자랑하는 해외 양말 전문 브랜드 제품까지 다양한 레그웨어를 국내에 소개하고 있습니다."
산돌티움,https://usercontents-c.styleshare.io/images/32029690/700x394,
산리오,https://usercontents-c.styleshare.io/images/41813765/700x394,"산리오라는 사명은 스페인어 San Rio에서 유래하고 있습니다. San은 영어의 Saint(St.), “성스러운”을 의미하며, 
Rio는 영어의 River, “강”을 뜻합니다. Sanrio는 Saint River, 즉 “성스러운 강”이라는 의미를 지닌 사명입니다.
인류가 최초로 살기 시작했다고 전해지는 강가에 성스러운 문화를 쌓아 올리고 싶은 마음으로 회사를 설립하였습니다. 
이 곳에 모이는 사람들이 서로 배려하고 사이좋게 살 수 있는 Community를 만들고 싶다는 간절한 마음을 담아 오늘에 이르게 되었습니다.
대표적인 캐릭터로 헬로키티, 구데타마, 마이멜로디, 리틀트윈스타, 폼폼푸린, 케로케로케로피, 배드바츠마루, 시나모롤 등이 있습니다."
산수시(SANS SOUCIS),,"산리오라는 사명은 스페인어 San Rio에서 유래하고 있습니다. San은 영어의 Saint(St.), “성스러운”을 의미하며, 
Rio는 영어의 River, “강”을 뜻합니다. Sanrio는 Saint River, 즉 “성스러운 강”이라는 의미를 지닌 사명입니다.
인류가 최초로 살기 시작했다고 전해지는 강가에 성스러운 문화를 쌓아 올리고 싶은 마음으로 회사를 설립하였습니다. 
이 곳에 모이는 사람들이 서로 배려하고 사이좋게 살 수 있는 Community를 만들고 싶다는 간절한 마음을 담아 오늘에 이르게 되었습니다.
대표적인 캐릭터로 헬로키티, 구데타마, 마이멜로디, 리틀트윈스타, 폼폼푸린, 케로케로케로피, 배드바츠마루, 시나모롤 등이 있습니다."
산테(sante),https://usercontents-c.styleshare.io/images/24781672/700x394,"기초 스킨 케어부터 색조 메이크업 제품까지,
화학성분 대신 자연유래 성분만을 고집하는 40년 역사의 독일 자연화장품 브랜드입니다."
살랑,https://usercontents-c.styleshare.io/images/25040658/700x394,"특별한 일상생활 
A special daily life"
샐러드볼,https://usercontents-c.styleshare.io/images/22528985/700x394,"SALAD BOWLS (샐러드볼)은,여러 색상과 디자인을 믹스매치하여 매시즌 다양한 디자인을 전개합니다.
무심한 듯 세련된, 강인함과 여림 그리고 부드러움과 무거움 등이 공존하며 작은 디테일까지도 섬세하게 다뤄 조금 더 웨어러블하게 다가가고자 합니다."
샘 에델만,https://usercontents-c.styleshare.io/images/43038836/700x394,미국 브랜드로 레터링이 주 컨셉으로 작년부터 국내 판매를 시작으로 입지를 다져가고 있는중인 브랜드입니다.
생로랑,https://usercontents-c.styleshare.io/images/42849204/700x394,
샤넬,,
샤샤,https://usercontents-c.styleshare.io/images/42259255/700x394,아르간 오일로 모발 고민을 해결해주는 헤어 전문 브랜드 샤샤
샤카웨어,https://usercontents-c.styleshare.io/images/18862177/700x394,SHAKA WEAR(샤카웨어)는 경쟁력있는 가격에 최고의 품질의 티셔츠를 만들겠다는 하나의 목표로 설립되었습니다. 샤카의 가치를 이해하는 사람들에게 품질과 서비스를 제공하기 위하여 많은 노력을해왔습니다.
서울어패럴,https://usercontents-c.styleshare.io/images/40869647/700x394,"새로움 혹은 익숙함.
또 다른 시선으로 이 도시를 표현합니다.
당신이 모르는 낯선 서울

Newer and stranger for SEOUL APPAREL."
선데이텀블러,https://usercontents-c.styleshare.io/images/24291254/700x394,"당신의 향은 어떤 요일을 보내고있나요.
좋은 일이 일어날 것만 같은 날, 
우리 언제나 선데이텀블러해요."
선티크 (SUNTIQUE),https://usercontents-c.styleshare.io/images/24678139/700x394,"가장 진화된 맞춤형 선케어, SUNTIQUE
선티크는 A부터 Z까지 선케어의 모든 것을 책임지는 백과사전같은 브랜드입니다."
설화수,https://usercontents-c.styleshare.io/images/38557328/700x394,
세따므아,https://usercontents-c.styleshare.io/images/22101112/700x394,
세레브레이트 위드 어스,https://usercontents-c.styleshare.io/images/38788729/700x394,"세레브레이트 위드 어스

CLEBRATE WITH US (세레브레이트 위드 어스)는 트렌디세터를 위한 유니섹스 브랜드입니다.
 “Day Of Celebrate”의 슬로건을 베이스로 스토리텔링되는 매시즌 오더는 세레브레이트 위드 어스와
 함께하는 모든 이들을 만족시킵니다. “Fun & Bright”한 라이프스타일로 디자인 브랜딩되어 높은 품질로 
완성되는 스트릿&캐쥬얼웨어 브랜드입니다.

CLEBRATE WITH US is Unisex street & casual brand for worldwide trendsetter. 
""Day Of Celebrate"" is our maintain brand slogon and it also street & casual brand that made with top quality and design branding in a lifestyle."
세레이져,https://usercontents-c.styleshare.io/images/21205660/700x394,세계최초 세라믹 면도기 브랜드 세레이져(CERAZOR)는 피부 손상 방지와 금속 알레르기에 의한 피부 트러블을 방지합니다.
세미코드,https://usercontents-c.styleshare.io/images/35651219/700x394,"SEMICODE는 개개인이 가지고 있는 아름다움에서 출발합니다.
제품이 가지고 있는 고유의 BARCODE 넘버처럼 사람들은 각기다른 성격, 패션 취향 등 개개인마다
자신만의 'CODE'를 가지고 있습니다."
세미콜론 아이웨어,https://usercontents-c.styleshare.io/images/42725888/700x394,세미콜론 아이웨어(SEMICOLON EYEWEAR)는 '편안함을 쓰다'를 모토로 잡화/액세서리 카테고리에 속해있던 아이웨어를 패션의 메인 카테고리로 만드는 걸 목표로 합니다. 세미콜론의 고유한 감성과 독특함을 제품에 표현하고 소비자와 함께 공유합니다.
세스띠,https://usercontents-c.styleshare.io/images/36894013/700x394,"CESTI는 미의 여신 아프로디테의 허리띠 'CESTUS'에서 영감을 얻어 1994년 런칭, 점차 캐쥬얼화 되어가는 트렌디감성(CONTEMPORARY)을 베이직한 스타일에 MIX&MATCH 시켜 새롭게 재 탄생시킨 패션잡화 글로벌 SPA형 브랜드입니다."
세이어스,https://usercontents-c.styleshare.io/images/38605011/700x394,토너는 스킨케어의 첫단계가 아니라 클렌징의 마지막 단계입니다
세이치즈,https://usercontents-c.styleshare.io/images/21800233/700x394,
세이코,https://usercontents-c.styleshare.io/images/43110831/700x394,"시계의 정확성, 유용성 및 아름다움을 모두 높이기위한 끊임없는 노력으로 세계 최초의 결과를 얻었습니다. 1969 년 세계 최초의 쿼츠 시계 인 Seiko Quartz Astron으로 시계 제조 산업에 혁명을 일으켰습니다.
혁신적인 기술과 정교하게 다듬어 진 디자인 접근 방식뿐만 아니라, 감정적 인 호소력이 강하고 고객의 삶을 풍요롭게하는 시계를 만드는 것을 목표로합니다."
세인트갤러리,https://usercontents-c.styleshare.io/images/31719465/700x394,"세인트 갤러리는 ‘SAINT’ + ‘Gallery’의  단어의 뜻(‘SAINT’는 신성한, 경건한 사전적 의미)이 합쳐진 브랜드 네임입니다.

순수 미술, 그래픽, 영상, 패션, 제품, 포토 등 여러 예술 분야의 순수한 열정을 가진 아티스트와 디자이너들과 함께 프로젝트를 진행하고 있습니다.

세인트 갤러리가 진행하는 모든 프로젝트는 아티스트와 디자이너의 자립적 성장과 꿈을 위해 지원됩니다."
세인트스코트,https://usercontents-c.styleshare.io/images/23161154/700x394,"세인트스코트(St.Scott) 는 품격, 활기, 창의성, 친근함의 4가지 키워드를 바탕으로 적극적으로 트렌드를 받아들이고, 
이것을 클래식한 입장에서 재해석, 
재창조하여 트렌드와 실용성을 담아 가방 이상의 가치와 사랑스럽고 여성스러운 이미지를 전달합니다 ."
세인트제임스,https://usercontents-c.styleshare.io/images/42759446/700x394,
세일러문,https://usercontents-c.styleshare.io/images/18945402/700x394,SailorMoon(세일러문)은 일본의 만화가 타케우치 나오코가 제작한 만화를 바탕으로 제작된 TV 아사히에서 방영된 애니메이션입니다. 코스메틱 브랜드 ‘미라클 로망스’가 다양한 세일러문 코스메틱 제품들을 라인업하여 판매하고 있습니다.
세임폴츠,https://usercontents-c.styleshare.io/images/37632400/700x394,"세임폴츠는 유니섹스 캐주얼 브랜드입니다. 
세임폴츠는 편안하면서 멋스러움을 추구하는 사람들을 위한 디자인을 추구합니다. 동시에 새로운 것을 갈망하는 현대인들의 니즈를 반영한 스타일을 연구합니다.  세임폴츠는 소재의 고급화를 위해 노력하며, 꼼꼼한 공정을 거처 우수한 품질의 상품을 생산하기 위해 노력합니다."
세잔느,https://usercontents-c.styleshare.io/images/38365724/700x394,늘 곁에 두고 싶은 로맨틱한 설레임
세컨네이션,https://usercontents-c.styleshare.io/images/33218205/700x394,SECONNATION은 ’90년대 영스트릿컬쳐의 감성을 기반으로 국내 스트릿컬쳐씬의 영역을 이해하고 후원하는 스니커즈 브랜드
세컨드맨션,https://usercontents-c.styleshare.io/images/25510986/700x394,"SPECIAL_특별한 경험과 가치를 전달하는 것

MEANINGFUL_의미가 있는 무엇을 제공하는 것

자신이 원하는 꿈과 행복을 그릴 수 있는 진짜 나를 찾는 순간

여러분이 꿈꾸는 대저택으로 초대합니다."
세컨드유니크네임,https://usercontents-c.styleshare.io/images/5001d12a-6c27-45b5-b839-3d1e2f2ab892/700x394,SECOND UNIQUE NAME(세컨드유니크네임)은 영보이즈만의 베이직한 감성과 다양한 컬러가 담긴 영보이즈의 새로운 패션 소품 레이블 입니다.
세컨스타바이지아,https://usercontents-c.styleshare.io/images/21192167/700x394,'모든 일이 다 잘 될거야'라는 슬로건을 내걸고 세컨스타바이지아의 제품을 착용하는 모든 이들에게 꿈과 희망 그리고 행복을 주고 싶은 메세지를 담았습니다. 브랜드 '세컨스타바이지아'는 유행에 상관없이 남녀노소 불문하고 부담없이 편하게 착용할 수 있는 제품들과 심플하면서 세련미가 돋보이는 제품들을 선보이고 있습니다.
세컨아이디어,https://usercontents-c.styleshare.io/images/25245756/700x394,일상에서 소소하게 일어나는 작은 기쁨 모티브로 92.5% 실버를 보다 합리적인 가격으로 선보이고 있습니다.
세타필,,일상에서 소소하게 일어나는 작은 기쁨 모티브로 92.5% 실버를 보다 합리적인 가격으로 선보이고 있습니다.
센스스튜디오,https://usercontents-c.styleshare.io/images/22826419/700x394,SENSE DES STUDIOS(센스스튜디오)는 프랑스의 랜드마크를 비롯한 곳곳의 이미지를 모티브로 하여 프랑스 고유의 감성을 자연스럽게 풀어낸 얼반 스트릿 캐쥬얼 브랜드입니다. 브랜드가 지향하고 있는 예술적인 디자인 감성에 걸맞게 고퀄리티 원단과 부자재를 사용하고 완성도 있는 봉제로 마무리하여 만족스러운 품질의 의류를 합리적인 가격으로 공급하고자 합니다.
센스오브그레이스,https://usercontents-c.styleshare.io/images/32071940/700x394,
센텔리안24,https://usercontents-c.styleshare.io/images/29882376/700x394,동국제약 50년 피부과학 기술력으로 탄생한 대표 더마코스메틱 브랜드이며 꾸준하게 사랑받는 센텔리안24의 마데카크림은 동국제약의 핵심성분인 TECA 함유로 손상된 피부 개선 및 피부진정에 효과적인 제품입니다.
센티멘탈리스트(SENTIMENTALIST),https://usercontents-c.styleshare.io/images/32608130/700x394,"센티멘탈리스트(SENTIMENTALIST)는 한국 예술의 뉴웨이브(New wave)를 선도하는 젊은 작가들의 작품들에서 모티브를 얻어, 브랜드와 아티스트의 콜라보레이션를 통해 디자인하는 유니섹스 캐주얼 스트릿 브랜드입니다."
센펠,https://usercontents-c.styleshare.io/images/34696457/700x394,
셀라피,https://usercontents-c.styleshare.io/images/38133203/700x394,"""아름다움의 근본은 건강한 피부에서""
셀라피 만의 피부 가치를 모두가 경험할 수 있도록, '리얼더마, 셀라피'"
셀러버,https://usercontents-c.styleshare.io/images/34327227/700x394,"당신을 표현하는 가장 우아한 방법 ""셀러버 쉬폰향수"""
셀린느,https://usercontents-c.styleshare.io/images/42759035/700x394,CELINE(셀린느)는 프랑스 귀족주의의 감성이 묻어나는 세련되고 우아한 디자인과 실용성을 겸비한 여성패션을 선보이는 브랜드입니다.
셀티플러스,https://usercontents-c.styleshare.io/images/36722787/700x394,"단순한 화장품기능을 넘어, 화장품과 치료의 개념을 지닌 코스메슈티컬 브랜드입니다."
셀프뷰티,https://usercontents-c.styleshare.io/images/25308211/700x394,크리에이터와 함께 만드는 뷰티 서비스로 시작한 셀프뷰티는 독자들과 크리에이터의 니즈를 바탕으로 화장품을 만듭니다.
셀피쉬,https://usercontents-c.styleshare.io/images/37758162/700x394,"SELFISH는 서울을 기반으로 디자인하고 생산하는 컨템포러리 스트릿 브랜드입니다.
매 시즌 문화 전반에서 얻은 영감을 셀피쉬만의 시각으로 재해석하여, 
스트릿 문화와 현대인의 다양한 라이프 스타일과의 조화를 표방합니다."
셉템버29,https://usercontents-c.styleshare.io/images/39228135/700x394,"기본에 충실하되, 편안하면서도 멋스러운디자인을 가진 디자이너 브랜드입니다.

심플하면서도 디테일 포인트를 가미한 디자인으로 절제된 아름다움을 선사합니다."
셔터,https://usercontents-c.styleshare.io/images/23868642/700x394,"shutter는 틀에 얽매이지 않은 자유로운 감성으로, 감각적이고 독창적인 우리만의 스타일을 펼쳐내기 위해 노력하고 있습니다.
우리는 베이직과 트랜드의 중심에서, 절제된 미니멀 디자인으로 소비자에게 유니크한 컨템포러리룩을 제안합니다.
 스트릿 감성과 빈티지한 디테일을 자유롭게 재해석 하였으며, 베이직한 패턴을 기반으로 착장시 편안함을 느낄 수 있는 것에 
중점을 두었습니다.최상의 퀄리티 제품을 만들기 위해, 일반적인 프린팅이 아닌 직접 개발한 프린팅 기법을 사용했으며, 
우수한 퀄리티의 봉제, f a b r i c , 부자재를 사용해서 제작되었습니다.

현재 온라인 편집샵 및 오프라인 편집샵에 입점해 있으며, 신규 브랜드 임에도 기존 브랜드 못지않은 매출과
런칭이래 상승세를 이어나가고 있습니다. 앞으로의 무궁한 발전이 기대되는 브랜드 입니다."
션리,https://usercontents-c.styleshare.io/images/36037260/700x394,"남들과 다른 '나'를 표현하는 시간. 션리가 당신을 위한 즐거운 메이크업을 선사합니다. 과하지 않지만, 누가 봐도 예쁜, 각자의 개성은 명확하게, 그러나 자연스럽게. 자신만의 매력을 제대로 표현할 수 있는 방법과 '나'에게 가장 잘 어울리는 메이크업 스타일을 선사합니다."
셜크,https://usercontents-c.styleshare.io/images/37403687/700x394,"SHE ERK 는 

SHEER의 순진한, 회피하다와 ERK의 보병에 합성어로
순진하고 회피하는 병사라는 뜻을 담고있다.

병사=밀리터리의 투박한 느낌이 아닌  
첫시즌인 만큼 브랜드아이덴티티인 관심병사를 모티브로 삼았다. 

매 시즌 다양한 컨셉에 맞춰  셜크만에 패션철학으로 풀어내고자 한다.
비주류적 취향을 기반으로 둔 브랜드로서,
화려한 기교나 장식은 없지만 밀리터리 감성에 펑크철학을 바탕으로 
음산한 언더 그라운드 정신에 세련된 부르주아의 취향을 
믹스한 정의할 수 없는 창의적인 집단의 패션브랜드이다.

트렌드,문화와 함께가야된다는 신념으로 새로운 브랜드를 만들어 가고자 한다."
소곤소곤,https://usercontents-c.styleshare.io/images/21621137/700x394,"라이프 스타일 브랜드로 소곤소곤의 모든 제품은 100% 직접 그래픽디자인 하며, 국내생산으로 완성도를 높여 소장가치가 높습니다. 유쾌하고 발랄한 그래픽을 담은 유니크한 아이템을 통해 일상의 즐거움을 주고자 합니다."
소그냅,https://usercontents-c.styleshare.io/images/37987248/700x394,지속 가능한 아름다움을 추구하는 브랜드 소그냅입니다.
소녀나라,https://usercontents-c.styleshare.io/images/35232922/700x394,"착한가격 예쁜아이템 
10대 쇼핑몰 소녀나라"
소렐,https://usercontents-c.styleshare.io/images/5c9c0c05-c2c8-4976-bcb2-22fd30cfec80/700x394,
소무소무,https://usercontents-c.styleshare.io/images/38253858/700x394,"소무소무는 세대를 공유하는 밀도가 높아지고 있는 현대의 젊은이들에게
패션과 의복을 공유함으로써 외면뿐 아닌 내면의 힘을 쌓아가고자 함을 소무소무로 메세지를 전달합니다."
소미노,https://usercontents-c.styleshare.io/images/42569483/700x394,"소미노는 콩을 주 원료로 하여 특허받은 고유의 유산균 발효기술을 
활용하여 모든 제품을 자체 개발, 생산하는 식물성 유산균 발효식품 전문기업입니다.
'생명을 지키는 음식을 만든다'는 숭고하는 마음으로 우리 땅에서 정성껏 기른 
식재료를 우리 몸에 가장 적합한 음식으로 만들어 전합니다."
소미담,https://usercontents-c.styleshare.io/images/35725762/700x394,피부타입에 따라 또는 필요한 기능에 따라 선택할 수 있는 맞춤 선택형 천연비누 브랜드 소미담입니다.
소버먼트(soverment),https://usercontents-c.styleshare.io/images/33887208/700x394,"트랜디한 의복양식을 바탕으로 '소버먼트'의 색깔을 조화롭게 입혀냅니다.

고품질의 상품을 합리적인 가격에 제안합니다."
소보제화,https://usercontents-c.styleshare.io/images/40870335/700x394,소보제화 슈즈는 항상 좋은곳으로 데려다 준다.
소소풀,https://usercontents-c.styleshare.io/images/37439237/700x394,"소소하지만 확실한 피부 풀광!유효성분을 피부에 풀(full,草)로 채워주는 그린풀 마스크"
소시에떼,https://usercontents-c.styleshare.io/images/41779864/700x394,"제품에 대한 자신감을 바탕으로 좋은원료, 정직한 제품, 정직한 가격으로
고객 여러분에게 아름다움으로 가는 열쇠가 되어드리겠습니다"
소우리얼,https://usercontents-c.styleshare.io/images/19242516/700x394,"SEWREAL(소우리얼, SEW+REAL)은 내셔널 브랜드 10년이상 경력의 디자이너를 중심으로 2015년 하반기에 시작하였습니다. 레트로 & 모던을 믹스한 하이브리드 디자인을 지향하며, 다양한 시대 및 스타일을 어우르는 이미지를 제품으로 구현하고자 하는 브랜드입니다."
소일베이커,https://usercontents-c.styleshare.io/images/41711610/700x394,"소일베이커는 1999년, 한국의 대표적인 도자마을 여주에서 시작되었습니다.
15년 간 좋은 흙과 재료들로 섬세한 공정을 통해 튼튼하고 믿을 수 있는 그릇을 만들었습니다.
소일베이커의 그릇들은 전문적인 베이커들의 정성과 노력으로 빚어진 결과물로 뛰어난 품질을 자부합니다.
 
요리하는 정성과 음식, 식사하는 즐거움을 담을 수 있는 그릇을 굽습니다.
음식을 담는 도구로써의 기능은 물론 음식과의 조화도 생각합니다.
모두가 편하고 소중하게 오랜 시간 함께 할 수 있는 그릇을 굽습니다

소일베이커는 요리사와 디자이너, 그리고 도예작가 이렇게 세 분야의 전문가가 만나서 요리가 맛있고 예쁘게 담기는 그릇, 오래 사용할수록 멋스러운 디자인과 품질을 연구하여 탄생한 리빙 브랜드입니다.
이렇게 탄생한 소일베이커는 플레이팅의 멋스러움과 디자인의 품질을 인정받고 국내 유명 레스토랑 뿐만 아니라 뉴욕 레스토랑에서도 사용하는 그릇이 되었습니다."
소피휼미,https://usercontents-c.styleshare.io/images/43228026/700x394,"런던 패션위크에서 떠오르는 디자이너이며, 런던을 비롯한 유럽에 멀티숍을 운영중이며 편지봉투를 연상케 하는 디자인으로 버클부분 포인트를 준 대표 가방을 주력으로 여러 잡화들을 판매중인 브랜드"
솔러스에어(SoleusAir),https://usercontents-c.styleshare.io/images/41703889/700x394,"1997년에 설립된 20년의 역사를 지닌 미국 계절가전 브랜드 입니다. 일본의 히타치, 중국 그리와 같은 글로벌 가전 기업들과 오랜시간 프로젝트 제휴 및 독점판매를 바탕으로 현재 미국 내 많은 가전 전문 매장과 대리점, 아마존 등에 입점되어있습니다."
솔루도스,https://usercontents-c.styleshare.io/images/43003445/700x394,"201년 뉴욕에서 시작한 에스파드릴 슈즈 SOLUDOS는 스페인어의'SALUD - CHEERS[환호/위하여!]'와'SOL-Sun[태양] = Cheers to the Sun'어원을 가지고 있으며, 전통적인 에스파드릴 슈즈를 세련된 감각으로 재현하여 리조트 룩 뿐만 아니라 시티룩에서도 매치 할 수 있는 디자인을 선보이고 있습니다. 100% 천연 소재를 사용하여 계절에 상관없이 착용이 가능한 심플하고 일상적인 제품을 소개합니다."
솔리노트,https://usercontents-c.styleshare.io/images/40365386/700x394,"솔리노트각각의향수가1개의향으로구성 뿌릴수록, 믹스할수록매일매일내가원하는향을만들어낼수있는컨셉"
솔스틱 미니,https://usercontents-c.styleshare.io/images/36452740/700x394,"Shaver To Go
휴대용 미니 제모기
솔스틱 미니"
솔트워터,https://usercontents-c.styleshare.io/images/43244564/700x394,
쇼미쇼미,https://usercontents-c.styleshare.io/images/42282327/700x394,"쇼미쇼미는 심플, 러블리, 트랜디 그리고 유니크한 핸드폰 악세서리를 전문으로 취급하는 브랜드 입니다.
트랜드를 선두하는 액세서리, 트랜드에 구애받지 않을 유니크한 액세서리로 언제나, 누구에게나 보여주고싶은 핸드폰으로 만들어 드릴게요"
쇼브오프,https://usercontents-c.styleshare.io/images/38933873/700x394,쇼브오프는 `deny all the common things` 라는 슬로건과 영(young)한 감성을 바탕으로 전개하는 컨템포러리 브랜드입니다.
쇼파드,https://usercontents-c.styleshare.io/images/20964593/700x394,
숄더체크,https://usercontents-c.styleshare.io/images/21893232/700x394,"“당신의 수 많은 아름다움 중 그저 단 한 칸을 채워가는 중이다.”
당신은 단 한 번도 아름답지 않았던 적이 없었다. 젊음, 청춘 그리고 열정까지 당신에게는 수 많은 아름다움이 있고, 숄더체크는 그 중 한칸을 채우는 브랜드이다. 당신의 아름다움 그리고 한 칸을 숄더체크로 채워보길 바란다."
수려한,,"“당신의 수 많은 아름다움 중 그저 단 한 칸을 채워가는 중이다.”
당신은 단 한 번도 아름답지 않았던 적이 없었다. 젊음, 청춘 그리고 열정까지 당신에게는 수 많은 아름다움이 있고, 숄더체크는 그 중 한칸을 채우는 브랜드이다. 당신의 아름다움 그리고 한 칸을 숄더체크로 채워보길 바란다."
수련,https://usercontents-c.styleshare.io/images/35951713/700x394,건강한 생활을 디자인하는 사람들
수아연,https://usercontents-c.styleshare.io/images/35424697/700x394,착한 가격과 착한 성분의 착한 브랜드 수아연
수오가닉,,착한 가격과 착한 성분의 착한 브랜드 수아연
수페르가,https://usercontents-c.styleshare.io/images/21793205/700x394,"SUPERGA(수페르가)는 1925년 2750 제품군을 출시하면서 유럽 최고의 브랜드로 성장하게 됩니다. 이후 오랜 기간 이탈리아 및 유럽 전역에서 Classic Brand로 큰 사랑을 받던 SUPERGA는 1970년대에 이르러서 VULCANIZED외에 CITY, COUNTRY, SPORTS, SOLID 등 다양한 카테고리의 콜렉션을 선보이며 유럽의 대표 라이프스타일 슈즈 브랜드로서 완벽한 콜렉션라인을 갖추게 됩니다."
숨,https://usercontents-c.styleshare.io/images/38557334/700x394,
숲(SOUP),https://usercontents-c.styleshare.io/images/42020336/700x394,"SOUP(숲)은 ""Romantic & Feminine""이란 컨셉 아래 감각적이고 독자적인 마인드의 특별하고 사랑스러운 패션을 표현하는 브랜드입니다."
쉬어로,https://usercontents-c.styleshare.io/images/36292823/700x394,"브랜드명 SHERO(이하 쉬어로)는 디자이너의 이름을 암호처럼 섞어서 배열하여 만든 단어이며 동시에 여자 영웅을 뜻하는 사전적 의미이기도 하다. 
동시대적인 트렌디한 디자인과 함께 흔히 볼 수 없는 쉬어로만의 독특한 세계관을 대중적으로 풀어내어 다양한 패션 굿즈로 선보인다. 
남다른 관점을 통한 남다른 해석, 과감한 컬러 사용에 따른 풍부한 컬러감 등 특별하고 넘치는 아이디어들을 아끼지 않고 디자인 속에 가득 담는다. 쉬어로를 접하는 이들에게 재미와 새로움, 특별함 그리고 더 나아가 영감을 주며 브랜드와 고객 사이에 긍정적인 소통의 수단이 되기를 희망한다."
쉬엘,https://usercontents-c.styleshare.io/images/21204338/700x394,"쉬엘(SHELLE) 은 헤어 브러쉬 브랜드로, 미국에 수출하는 100% 국내제조제품으로 제품의 내구성 및 사용감이 좋아 많은 분들이 사용 후 만족도가 매우 높습니다."
슈가레브,https://usercontents-c.styleshare.io/images/36289783/700x394,꿈같은 현실을 선물하고자 태어난 코스메틱 브랜드 '슈가:레브'
슈드비,https://usercontents-c.styleshare.io/images/37912057/700x394,"'SHOULD BE' - 그래야 한다 라는 슬로건 아래

도전적인 정신을 녹여낸 특별한 색감을

컬렉션속에 그대로 녹여냅니다."
슈레피,https://usercontents-c.styleshare.io/images/40431189/700x394,Surepi Influenced by Influencer  뷰티 인플루언서들에게 받은 니치한 영감을 제품으로
슈비엔,https://usercontents-c.styleshare.io/images/36724778/700x394,"슈비엔[shoebien]은 BT21, 라인프렌즈, 디즈니, 마블, 포켓몬스터, 헬로키티등 인기캐릭터 슈즈 전문 제작 업체로 캐릭터 슈즈의 혁신을 꾀하고 슈즈의 유행을 선도하겠다는 신념으로 탄생된 브랜드입니다."
슈쁨,https://usercontents-c.styleshare.io/images/d52df5b1-90e7-47ab-89c0-44e036690aa6/700x394,"전상품 무료배송으로 
봄 신상 로퍼/플랫슈즈/미들힐까지 다양하게 만나보세요!"
슈엣뜨샤폐,https://usercontents-c.styleshare.io/images/31907615/700x394,"슈에뜨샤폐는 프랑스어로 chouette , sape 의 각각의 사전적인 의미인  "" 멋진,근사한 "","" 의복,의류 ""으로 매 시즌 트렌드와 새로운 스타일에서   영감을 받아 고유의 색감과 스타일로 컬렉션을 선보이고자 합니다."
슈타트,https://usercontents-c.styleshare.io/images/25063023/700x394,"슈타트는 과거와 현재 사이에 존재합니다. 

빈티지 워크웨어의 순수한 기능성에서 영감을 받아 현 시대에서 유용하게 사용할 수 있는 제품을 만듭니다. 
우리의 목적은 슈타트를 사용하는 모든 사람들이 오늘을 보다 생산적으로 사는데 도움이 되는 것입니다. 

""LIVE PRODUCTIVELY TODAY!"""
슈퍼레이티브,https://usercontents-c.styleshare.io/images/34054041/700x394,"키치문화에 영감을 받은 'SUPERLATIVE'는 '최상의'라는 뜻으로 기존의 원형을 깨고
자유로운 색채와 새로운 스타일 추구를 기본으로 데일리룩과 키치패션을 접목하여 슈퍼레이티브만의 뉴 트랜디룩을 제시한다."
슈퍼링크,https://usercontents-c.styleshare.io/images/42792047/700x394,디자인에 대한 중요성 제품 소재에 대한 탁월성 높은 퀄리티를 추구하는 스포츠웨어 브랜드
슈퍼베이직,https://usercontents-c.styleshare.io/images/24934561/700x394,"슈퍼베이직은 미니멀리즘을 추구하는 브랜드입니다.

본질에 충실한 단순한 디자인의 물건일수록 품질이 높을 가능성이 높으며, 단순하다는 것은 아름다움과 실용성을 완벽하게 겸비하고 있다고 생각합니다."
슈퍼크록,https://usercontents-c.styleshare.io/images/25521291/700x394,"슈퍼크록은 뭐든지 한 입 베어먹으면 그 것으로 변하는 무한한 능력의 슈퍼크록
언제 어느 곳에서든 누구도 따라올 수 없는 카멜레온 같은 변신력과 친화력으로 모두 흡수한다는
아이덴티티로 일반적인 디자인이 아닌 유니크한 패턴과 컬러 그리고 스토리를 감성적으로 풀어내고
있습니다."
슈펜,https://usercontents-c.styleshare.io/images/34159805/700x394,"아시아 최초 1ST SHOES SPA 로서 합리적인 가격으로 다가온 슈즈계의 핵심 브랜드입니다. 세계를 누비며 찾아낸 최상급 퀄리티의 소재를 직접 생산하고 디자인해 만들어낸 슈즈 SPA입니다.  2년에 걸쳐 고객테스트를 통과한 상품만 엄선해 선보이는 슈펜에는 매 시즌 18개 이상의 카테고리 3,000여 종류의 슈즈가 쏟아집니다."
슈프림,https://usercontents-c.styleshare.io/images/39015055/700x394,"슈프림은 1992년 뉴욕의 라파예트에서 시작된 브랜드로, 스케이트보드와 힙합 문화에 영향을 받은 스트리트 브랜드입니다.
슈프림은 항상 새로운 것을 추구합니다. 그래서 그들은 다양한 브랜드 혹은 디자이너, 아티스트와 협업하며 그들의 가치를 항상 최고의 것으로 지키고 있습니다."
스녹,https://usercontents-c.styleshare.io/images/38252264/700x394,SNOC 슬로건은 '새로운 문화를 입다'로 SOUL 과 새로운 사상 물결이라는 의미의 NEWWAVE 가 만나 창조적이고 유니크한 SNOC 만의 트렌드를 제안하려합니다 스타일의 새로운 물결을 창조해내고자 하는 SNOC 만의 감성을 담은 브랜드 입니다.
스누피,https://usercontents-c.styleshare.io/images/41813766/700x394,"찰스 M. 슐츠가 1950년 10월 2일부터 2000년 2월 13일까지 신문지상에 연재한 네칸 만화. 
구독자 3억 5500만명이 넘는 만화계의 전설. 75개국 2,600종의 매체에 연재되었다. 
스누피, 찰리브라운, 우드스톡, 샐리브라운, 루시반펠트, 라이너스반펠트, 리런반펠트, 페퍼민트 패티, 마시, 프랭클린 등의 캐릭터가 등장 합니다."
스닐로스티치,https://usercontents-c.styleshare.io/images/40736411/700x394,"Gorgeous designs & Beyond high quality - Snillo Stitch                                              

선택이 아닌 필수품으로 제작된 Snillo Stitch입니다.
자체 디자인과 한땀한땀 비욘드 하이퀄리티에 도전합니다.
바쁜 일상에 snillo stitch와 함께 쉬어가는 것은 어떨까요?"
스와로브스키,https://usercontents-c.styleshare.io/images/39274215/700x394,"흠없이 완벽한 깨끗함,독특한 커팅,찬란한게 빛나는 광채로 세계적인 명성을 지닌 스와로브스키는 컷 크리스털 시계의 진수를 보여줍니다.
작지만 아름답고 신비로운 빛을 발산하는 스와로브스키의 크리스털은 창립자 다니엘 스와로브스키의 완벽한 세공술을 통해 그 명성을 높여 왔습니다.
혁신과 디자인을 향한 그의 지속적인 열정은 스와로브스키를 세계 최고의 주얼리 및 액세사리 브랜드로 자리매김하게만들었습니다.
빛나는 아름다움을 전 세계에 선사한 스와로브스키의 마릴린 먼로,마돈나,제니퍼 로페즈,레이디 가가등 세기의 트렌드를 이끌어 온 셀러브리티들이 착용하며 브랜드로서의 입지를 더욱 굳건히 했습니다."
스웨거,https://usercontents-c.styleshare.io/images/21187471/700x394,
스웨그레그,https://usercontents-c.styleshare.io/images/21375890/700x394,SWAGLEG (스웨그레그)은 스트릿한 디자인을 기반으로 유니크하고 새로운 것 들을 합리적인 가격과 품질로 만나볼 수 있는 브랜드입니다.
스위스킨,https://usercontents-c.styleshare.io/images/32347155/700x394,스위스킨은 FUN+TREND+DERMA라는 세 가지 키워드로 남들과는 다르게 나만을 위한 피부 관리를 추구하는 브랜드입니다.
스위트숲,https://usercontents-c.styleshare.io/images/42020339/700x394,"SWEET SOUP(스위트숲)은 SOUP의 세컨 레이블입니다. ""Feminie & Casual""이란 컨셉 아래 달콤한 소녀들의 꿈과 그들의 데일리 룩을 대변합니다."
스카겐,https://usercontents-c.styleshare.io/images/42792873/700x394,"Skagen은 덴마크의 삶의 방식을 기념합니다 : 자유롭고 자발적인 순간. 우리의 시계와 보석류는 현대적인 디자인에 대한 애정으로 인해 색과 현재 유행에 영향을받습니다.
코펜하겐 패션 장면과 대담한 색상과 패턴을 믹스 앤 매치하는 새로운 덴마크 디자이너들에게 활력을 불어 넣습니다.
덴마크의 풍경, 즉 해초, 활기찬 하늘, 바위 해안선에서 상쾌한 영감을 얻고 있습니다. 현대적인 디자인은 이러한 자연적인 영향을받습니다.
현대적이고 기능적이며 간단한 특성을 가진 현대적인 기능을 갖춘 목적에 맞게 디자인되었습니다."
스카디,https://usercontents-c.styleshare.io/images/21614908/700x394,스트릿 감성의 도메스틱 가방 브랜드 독특한 스카디만의 디테일을 만나다.
스칼렛또,https://usercontents-c.styleshare.io/images/39252094/700x394,"scaletto는 급변하는 패션 트렌드를 담아낸 urban style의 costume jewelry 브랜드입니다.
scaletto의 각 상품은 튀는 듯하지만 이지적이고 기품이 넘치는 도회적인 디테일과 자연의 친근감을 녹여내 편안함을 추구합니다.
최신 트렌드의 디자인 상품을 원석과 브라스 등 다양한 소재를 사용해 가볍고 정교하게 제작해 고객님들의 만족도를 높여드리고 있습니다."
스캠프,https://usercontents-c.styleshare.io/images/25063488/700x394,"스캠프는 2009년 런칭한 브랜드로, 개성있는 로고와 다양한 컬러를 바탕으로 자유로운 스트릿 스타일과 대중성, 특별함을 지향하는 Brand 입니다."
스컬프터,https://usercontents-c.styleshare.io/images/42860080/700x394,매 시즌 위트 있는 스토리텔링으로 전개되는 스트릿 라인 ‘SCULPTOR’는 조각가와 같이 정성으로 빚은 옷을 만들어 낸다는 브랜드 철학에 따라 다양한 실루엣과 색을 사용하여 트렌드와 견고함을 갖춘 컬렉션을 만들어 냅니다.
스코노,https://usercontents-c.styleshare.io/images/37053004/700x394,"SKONO는 넘치는 트랜드를 쫒기보다는 SKONO만의 감각적인 디자인으로 당신의 룩에 경쾌한 센스가 묻어나게 하는 패션아이템으로써 당신의 패션라이프를 더 가치있게, 더 당신답게 만들어 줄 것입니다."
스코어,https://usercontents-c.styleshare.io/images/23749967/700x394,"스코어는 특별한 당신에게 맞는 맞춤형 브랜드 입니다.
스코어는 당신에게 다양한 컨셉을 제안합니다.
스코어는 당신과 함께 최고의 브랜드로 달려가고 싶은 목적과 목표가 있는 브랜드 입니다.
스코어는 당신을 위한 초심을 잃지 않고 고객을 우선으로 생각하는 브랜드 입니다.
스코어는 당신과 함께 행복한 인생의 결말을 꿈꾸고 있습니다.

스코어는 다시 돌아가도 고객을 우선으로 생각하는 브랜드로 시작하겠습니다."
스키니랩,https://usercontents-c.styleshare.io/images/42483167/700x394,"다이어트의 새로운 방법을 찾다, THIN소재 연구소 스키니랩.

더 이상 굶거나 힘든 다이어트가 아닌,
""날씬하게 만들어주는 방법""을 제시하는
유일한 브랜드로 자리매김하기 위한 열정과 함께
건강하고 안전한 다이어트의 새로운 방법을 제시하려 합니다."
스킨1004,https://usercontents-c.styleshare.io/images/24587189/700x394,"1,000가지 피부 + 4가지 피부문제(트러블/민감성/모공/홍조) = 스킨1004   
매년 1000명의 1000색 고민을 끊임없이 연구하여 매년 4개의 피부문제를 해결해주는 스킨천사입니다."
스킨79,https://usercontents-c.styleshare.io/images/19017365/700x394,SKIN79(스킨79)는 진보된 기술력으로 자연의 순수한 에너지를 안전하고 효과적으로 케어해주는 NATURAL SCIENCE 브랜드입니다.
스킨랩솔루,https://usercontents-c.styleshare.io/images/40939189/700x394,"10초 톤업크림 매직텐스노우,  바르는 즉시 화사하게, 내 피부처럼 자연스럽게"
스킨스보니,,"10초 톤업크림 매직텐스노우,  바르는 즉시 화사하게, 내 피부처럼 자연스럽게"
스킨스튜디오,https://usercontents-c.styleshare.io/images/39961388/700x394,"99%천연성분으로 안전하게 사용하는 여성을 위한 Cosmetic
특허성분함유&줄기세포추출물&유해물질 저해 작용"
스킨앤랩,https://usercontents-c.styleshare.io/images/24634922/700x394,글로벌 더마 익스퍼트 스킨케어 브랜드
스타비,https://usercontents-c.styleshare.io/images/a4b8bca6-25de-4525-9dd2-22beda71fb45/700x394,
스타일쉐어x곽토리,,
스타일플랜,https://usercontents-c.styleshare.io/images/18900204/700x394,"STYLE PLAN(스타일플랜)은 일상에 필요한 아이템, 
패션에 완성도를 높여주는 아이템을 
스타일 플랜만의 유니크한 멋으로 재해석하여 
높은 퀄리티, 실용성, 디자인, 가격 을 가장 기본으로 생각하는 브랜드입니다."
스타터,https://usercontents-c.styleshare.io/images/20305185/700x394,"STARTER(스타터)는 1971년 미국에서 탄생한 스포츠 웨어 전문 브랜드입니다. 35년이 넘는 전통을 바탕으로 실용적이면서도 가치 있는 스타일로 사랑받고 있습니다. 현재 미국을 비롯한 북아메리카, 유럽 25개국에 판매되고 있으며, NBA, NFL 등과 파트너십을 맺고 신뢰 있는 스포츠 웨어 브랜드로써 인정받고 있습니다."
스탠리큐브릭,https://usercontents-c.styleshare.io/images/18839051/700x394,스탠리 큐브릭 선글라스는 유니크와 트렌디함을 겸비한 해외바잉샵으로써 좀 더 나아가 가격까지 합리적인 가격으로 나만의 스타일을 만들어 갈 수 있게 도움을 줄 수 있는 아이웨어 브랜드입니다.
스탠바이미,https://usercontents-c.styleshare.io/images/19016305/700x394,"STANd.BY.ME(스탠.바이.미)는 매 시즌 다양한 컨셉의 제품을 선보입니다. 현대인들의 생활, 문화, 감성을 디자인에 담아 언제나 편리하고 친숙한 ""항상 곁에 두고 싶은 제품""을 만듭니다."
스테디콤마,https://usercontents-c.styleshare.io/images/24419682/700x394,"STEADY COMMA(이하 스테디콤마)는 10대-20대를 타겟으로 한 젊고 영한 감성의 Unisex 브랜드입니다.

제품에 기본을 중시 하며, 착장시 편안함과 제품의 지속성을 중요시 합니다.

STEDY COMMA는 STEADY(스테디)와 COMMA(콤마)의 합성어로써 꾸준하게 변하지않고, 편안하게 착용 할수있는 의복을 표현하고 있습니다.

주 타겟은 10-20대의 트렌디하면서도 합리적인 가격을 원하는 남성 및 여성들이며,

패션디자인 전공으로 브랜드 디자이너와 원단 및 브랜드 생산 경력자가 만들어 낸 브랜드입니다."
스테어,https://usercontents-c.styleshare.io/images/32917229/700x394,"클래식한 아이템을 현대적인 감각과 우리만의 감성으로 재해석한 리마인드 슈즈.
스테어만의 미니멀한 디자인은 언제나 누구에게든 익숙하고 자연스럽게 오래 신을수록 빛나는 아이템입니다.
가장 기본이 되는 편안함과 결제된 시대적 디자인을 반영하여 일상에서도 자연스럽게 
찾게되고 신을 수록 내것이 되는 나만의 스니커즈로써, 
그 느낌이 리마인드 슈즈 스테어가 추구하고자하는 새롭고 편안한 스니커즈의 존재감 입니다."
스텍업,https://usercontents-c.styleshare.io/images/41400903/700x394,스텍업은 생활용품을 통해 우리의 일상이 특별하고 즐거워 질 수 있게 하는 아이디어를 실현시키는 디자인 업체입니다.
스텔라레알레,https://usercontents-c.styleshare.io/images/22780137/700x394,"STELLAREALE(스텔라레알레)는 Urban Vintage를 추구하며, 70년대의 가장 유행했던 빈티지한 신골을 그대로 구현할 뿐 아니라 왁싱 공법을 소재에 적용하여 사용자의 습관과 감성에 따라 에이징이 다르게 되는 매력을 지닌 제품을 제작하는 브랜드입니다."
스텔라맥카트니,https://usercontents-c.styleshare.io/images/42728346/700x394,
스톡홀름신드롬,https://usercontents-c.styleshare.io/images/42783953/700x394,"사전적 의미의 스톡홀름신드롬은 인질이 납치범에게 공감과 동조 그리고 긍정적인 감정을 품게 되는 심리적 현상입니다. 자유롭게 표현 하지만 대중들이 공감 할 수 있는 디자인을 하며 인질을 대중, 납치범을 우리 또는 우리가 하는 행위라 비유했습니다."
스톤아일랜드,https://usercontents-c.styleshare.io/images/42467965/700x394,"스톤아일랜드의 설립자 오스티는 사업 초기부터 최첨단 섬유 개발과 다양한 염색 공법 개발을 위한 연구를 진행하였는데,
그렇게 스톤아일랜드는 지금까지 사용되지 않은 소재와 공정 방법을 최초로 도입하였고 외적인 아름다움뿐만 아니라 기능성까지 중요하게 여긴다는 브랜드의 철학으로 운영하게 됩니다.
때문에, 스톤아일랜드는 최첨단 섬유개발의 상징으로 자리 잡았고 그들이 연구팀과 개발한 염색 공법은 6만 여가지에 달한다고 합니다.
실험정신과 뛰어난 소재를 위한 꾸준한 노력이 바로 지금의 스톤아일랜드를 탄생시켰습니다."
스투시,https://usercontents-c.styleshare.io/images/38817700/700x394,"스투시는 1980년 SHAWN STUSSY 라는 서프보드에 열광하는 CREW가 만든 브랜드 입니다. 스투시의 특유의 로고는 SHAWN STUSSY가 
자기 이름을 대충 갈겨서서 만든 로고로 지금은 스트릿웨어에서 빼놓을 수 없는 브랜드로 자리 잡았지만 스투시의 시초는 캘리포니아에서
그가 티셔츠와 서프보드를 만들면서 시작된 작은 브랜드 였습니다. 스투시의 성공요인은 언제나 열린마인드로 도쿄와 런던 뉴욕의 보더,
DJ등과 교류를 하며 그들의 문화를 컨셉으로 잡고 1970~80년대 영국 펑크의 DIY정신까지 받아들여 현재까지 독립적이며 모든 스트릿
문화를 좋아하는 사람들이 동경하는 브랜드로 자리 잡았습니다."
스튜어트와이츠먼,https://usercontents-c.styleshare.io/images/42759323/700x394,
스트릭랜드,https://usercontents-c.styleshare.io/images/39222808/700x394,"STRICKLAND는 보드, 서핑, 음악을 비롯한 대중문화 전반에서 얻은 영감을 의류의 활동적인 감성과 접목시켜, 품질과 완성도 그리고 독창성이라는 세 가지 비전 아래 대중들에게 선보이고자 시작한 브랜드입니다.

우리 브랜드는'RISE TO THE MOMENT""라는 모토와 함께 순간의 과제에 계속해서 도전하는 것을 목표합니다. 안주하지 않고 우리에게 영감을 주는 모든 것들과 시선을 마주하며, 젊은 세대가 독창적이고 재미있는 라이프스타일을 함께 만들어나가길 원합니다. 곧, 우리는 멈추지 않는 세계의 교차사격 가운데 부단히 나아가는 이들을 위한 패브릭과 디자인을 지향하며, 연구합니다. 디자인에 담긴 우리의 메세지가 당신에게 제대로 전달되기를, 이에 당신이 바쁜 삶 이면의 또 다른 재미를 느끼고, 우리와 그것을 나눌 수 있기를 염원합니다.

마지막으로 옷을 만드는 데 있어 숫자로 셈해지는 맹목적인 결과가 아닌 인간 존엄성에 대한 존중을 우선시할 것을 우리는 약속합니다. 또한 우리"
스티그마,https://usercontents-c.styleshare.io/images/36340673/700x394,"STIGMA는 <성흔>또는 <오명>,<낙인>이라는 양면성의 의미를 담고 있다.
이는 서브컬쳐의 다양한 모습들이 존중과 비판의 양면성을 갖고 있는 것과 동일하다.
'CLASSIC'과 'STANDARD'한 하드웨어를 기반으로 다양한 장르의 서브컬쳐를 담아내며 'RESPECT'와 'FAME'을 공유하고자한다."
스티멍,https://usercontents-c.styleshare.io/images/38170645/700x394,"얇고 가볍고 시크한 한 피스의 컬러로기분따라 상황따라 쉽고 빠른 컬러 변신! 
스티멍은 새로운 이미지를 시도하기 위해 들여야 하는 시간과 노력을 단축시킴으로써 
‘나만의 새로운 아름다움’에 대한 욕구를 빠르게 만족시켜 주는 Fast Beauty 브랜드입니다"
스틸라,https://usercontents-c.styleshare.io/images/19282026/700x394,런웨이 감성을 바탕으로 하는 스틸라는 크리에이티브하고 자유로운 감각을 일상으로 옮겨놓은 프로페셔널 메이크업 브랜드입니다. 사용하기 편리한 패키지와 우수한 제품력으로 모든 고객이 자신만의 스타일을 창조해낼 수 있도록 노력합니다. 일반 여성들이 최소한의 노력으로 최대의 효과를 누릴 수 있도록 하는 것이 스틸라의 미션입니다.
스틸렛,https://usercontents-c.styleshare.io/images/23179079/700x394,""" Stitch(영어: 바느질하다) + Filât (프랑스어: 실로 만들다) "" 의 합성어 stilat(스틸렛)은 감각적인 스티치가 포인트인 심플함에 유니크를 더한 스니커즈 브랜드 입니다."
스틸리슴,https://usercontents-c.styleshare.io/images/22091803/700x394,"STYLISME(스틸리슴)은 의상의 스타일을 창조하고, 디자인하는 과정을 칭하는 프랑스어로 베이직한 실루엣 위에 여러 디자이너들의 다양한 감성을 더한 심플하지만 보다 특별한 디자인과 합리적인 가격으로 남녀노소 구분없이 언제, 어디에도 어울릴 수 있는 유니섹스 감성 디자인 플랫폼 브랜드 입니다."
스틸앤츄,https://usercontents-c.styleshare.io/images/21184565/700x394,"스틸앤츄(STILL AND CHEW)는 다양한 사람들이 행복해지는 일상의 유쾌한 이미지가 무엇일까라는 의문에서부터 시작되었습니다. 동물, 식물, 사물 등의 친숙한 이미지를 스틸앤츄의 시선으로 재해석하여 트렌드에 맞는 젊은 감각과 유쾌함, 재기발랄한 성격, 재치있는 일상을 디자인 제품에 담아내고 있습니다."
스팀베이스,https://usercontents-c.styleshare.io/images/42020552/700x394,"스팀베이스의 피부건축학
피부의 근본, '수분'부터 다릅니다."
스파오,https://usercontents-c.styleshare.io/images/42368205/700x394,"•2009년. 국내 최대패션회사 이랜드 그룹에서 대한민국 최초로 론칭한 KOREA NO.1 SPA브랜드입니다.

•TRENDS MEET BASIC. 트렌디한 베이직한 스타일을 지향합니다.

•강남, 홍대, 명동, 고양스타필드. 동성로 등 전국 S급 상권에 입점해있으며, 의류, 액세서리, 내의, 잡화, 정장라인 등 모든 패션품목을 제작&유통하고 있습니다.

•SPAO 콜라보레이션은 강력한 홍보력과 신선한 프로모션, 1등급상권의 매장의 강점으로 성공적인 콜라보를 이어가고 있습니다.

•취향 저격 스토리텔링 아이템 기획으로 단지 예쁜 상품이 아닌 고객 취향 저격하는, 이야기 거리가 될 아이템을 만듭니다."
스펑키,https://usercontents-c.styleshare.io/images/20292543/700x394,"SPUNKY(스펑키)는 스트리트 무드를 기반으로 진행하는 브랜드 로써, 웨어러블한 아이템들을 스펑키만의 스타일로 선보입니다"
스페로네,https://usercontents-c.styleshare.io/images/42443161/700x394,"SPERONE(스페로네)는 '더하는 힘' 이라는 의미로 특별한 감각이 일상이 된 현재,
개인의 감각이 비슷한 필터링으로 표준화되는 것을 지양하고 차별화된 새로움을 더하는 것에서 시작되는 브랜드입니다."
스페이스비,https://usercontents-c.styleshare.io/images/36210352/700x394,"SPACE-B(스페이스비)는 빈 공간 속에서 자신만의 색을 채우자는 의미입니다
다양한 색과 독특한 디자인으로 각자만의 아이덴티티를 완성시켜주는 패션브랜드입니다."
스페이스에이지,https://usercontents-c.styleshare.io/images/29465572/700x394,"SPACE AGE: ABOVE AND BEYOND
스페이스 에이지는 우주의 무한한 가능성을 동경합니다."
스페트로,https://usercontents-c.styleshare.io/images/25565906/700x394,""" SPETTRO (스페트로) 는 트렌드를 선도하는 유니크한 아이웨어를 선보이며

나만의 미적 환타지를 꿈꾸는 이들에게, 신선한 감각을 더해주는 토탈 패션 아이콘입니다 """
스포츠맨,https://usercontents-c.styleshare.io/images/41198206/700x394,"Sportsman Cap & Bag은 75 년 연속으로 모자 산업에서 경력을 쌓은 가족 소유의 회사입니다. 
지난 70 년 동안 구축 된 강력한 기반과 독창적 인 유통망, 기술 발전 및 업계 경계를 넘나 드는 
새로운 기회로 인해 무한한 성장 잠재력을 지닌 회사가 되었습니다.

현재는 17 개의 북미 지역, 18 개 브랜드, 311 개 스타일 및 2,600 개 이상의 상품을 보유하고 있는 회사입니다."
슬레지코너,https://usercontents-c.styleshare.io/images/25562995/700x394,비주얼 그룹 EMBARK에서 진행하는 슬레지코너는 대중매체와 미디어를 기반으로 정형화 되지 않는 테마를 문제삼아 그래픽 프로세스를 전개하는 스트릿 브랜드입니다. 현시대가 반영하는 대중문화를 다른 시각으로 해석하여 다양한 그래픽과 실루엣을 매 시즌 선보이고 있습니다.
슬렌더톤,https://usercontents-c.styleshare.io/images/c7c326cf-1b8d-444b-a1d5-fd45a17c2d30/700x394,"슬렌더톤은 재활, 미용 및 메디컬 분야에서 1966년부터 50년 이상 활약해온 EMS 기기의
선두기업인 아일랜드의 BMR(Bio Medical Research)社의 고도의 전문 지식과
다양한 경험을 바탕으로 설계된 근육강화 목적의 EMS 운동기기입니다."
슬로우랩,https://usercontents-c.styleshare.io/images/41780462/700x394,"휴식시간 만큼은 마음의 여유를 가지고 천천히 힐링하세요.
슬로우랩은 지쳐있는 몸의 피로를 풀어주고, 건강의 회복을 돕는 특별한 힐링 솔루션을 제공합니다."
슬로코스터,https://usercontents-c.styleshare.io/images/18815190/700x394,
슬리피슬립,https://usercontents-c.styleshare.io/images/21252828/700x394,"SLEEPYSLIP 은 SLEEPY(졸리운,생기없고 조용한) SLIP(미끄러지다) 합성어로 본인의 시간을 잃어가며, 바쁘게 살아가는 젊은 청춘의 라이프스타일을 나른함, 나태함, 게으름 이라는 모티브로 가끔은 나른함이라는 라이프스타일을 생각할수 있도록 도와주자 라는 취지로 시작되었습니다. SLEEPYSLIP 은 당신에게 따뜻한 주말 게으름, 그리고 나른함을 선물하고자 합니다."
시그냅,https://usercontents-c.styleshare.io/images/24150178/700x394,"시그냅은 SIGNATURE BY SNAP의 약자입니다. 
'SNAPS MAKE MY OWN SIGNATURE'라는 슬로건을 바탕으로, SNAP이라는 단어에 함축된   
1. '찰칵'(카메라의 셔터음)  2. 손목(사진을 찍는 행위에 필요한 도구)  3. 스냅사진(결과물) 
세가지의 SNAP을 통해 소비자가 주체가 되는 STREET SNAP이라는 문화를 제품으로 표현해내고 
우리의 제품을 통해 당신만의 시그니처를 찾길 바란다는 의미를 담고있습니다."
시그니처,https://usercontents-c.styleshare.io/images/40081325/700x394,"시그니처(SIGNATURE)는 변화하는 트랜드를 다양한 시선으로  풀어내어
보다 감각적이고 유니크한 디자인으로 구체화 합니다.
단순함과 간결함을 트랜드와 결합시켜
트랜디 캐쥬얼 웨어를 중심으로 전개하며 다양한 컬처를 담아내는 브랜드입니다.
매시즌 차별화된 핏과 디자인으로 유니크함을 제안합니다."
시눈,https://usercontents-c.styleshare.io/images/18900242/700x394,"SINOON(시눈)은 다양한 실험을 기반으로 둔 유니크 캐주얼 브랜드입니다. 파인아트,그래픽,설치미술 등 다양한 아트웍과 패션을 컨템포러리 아트라는 한 선상에 두고 재밌는 시도를 하려고 노력합니다. 웨어러블함을 바탕으로 흥미로운 디테일과 퀄리티 좋은 옷을 만듭니다."
시디스콤마,https://usercontents-c.styleshare.io/images/21187179/700x394,"SHETHISCOMMA(시디스콤마)는 그녀(SHE) 그(HE) 사이를 잇는 하나의 점' 이라는 메세지에 기반한 SHETHIS COMMA의 스타일은 sensitive한 감성을 바탕으로, 남과 여 복종에 구애받지 않는 색다른 LOOKING을 제안하는 브랜드입니다."
시로앤마로,https://usercontents-c.styleshare.io/images/23466466/700x394,
시모무라,https://usercontents-c.styleshare.io/images/43114482/700x394,"shimomura 시모무라는 1973년에 설립된 회사입니다.
다양한 디자인과 실용성있는제품들로 많은사랑을 받고있는 일본 생활용품 전문 브랜드입니다. 지역 · 산조 금속 가공 문화의 전통을 살린 제품을 국내는 물론 해외로도 판로를 확대 해 나가고 있습니다. 시모무라 브랜드는 연간 100 개 가까운 아이템을 세상에, 언론에도 주목 받고있으며 다양한 아이디어 제품들을 출시하고있습니다. 또한 시모무라는 40년 넘게 사용자들의 제안 된 수많은 아이디어를을 참고해 상품화하고 있습니다. 좋은 제품개발 뿐만아니라 안정되고 세련된 디자인으로 다양한 상을 수상했습니다. 일본 내에서도 주방용품 No.1 브랜드로 자리잡으며 일본내 인지도 및 평이 높은 가정용품 브랜드, 일상생활 편리함과 실용성을 동시에 잡은 아주 특별한 브랜드입니다."
시비즈,https://usercontents-c.styleshare.io/images/43003312/700x394,"2016년 봄/여름 시즌 새롭게 선보인 브랜드로 SeaVees는 1960년대 캘리포니아 라이프 스타일을 추구하는 미국의 슈즈 브랜드이다. SeaVees 브랜드에는 캘리포니아의 빈티지한 느낌이 잘 반영되어 있으며 합리적인 가격대의 남녀 슬립온 캔버스 슈즈가 매력적인 아이템이다. 레트로 디자인에 현대적인 감성을 더하여 유행을 타지 않는 스타일, 워싱 처리된 빈티지한 캔버스 소재, 편안한 풋배드가 SeaVees의 특징이다. 클래식한 디자인의 SeaVees 스니커즈, 슬립온은 캐주얼 룩 뿐만 아니라 세미정장 룩에도 매치 가능한 활용도 높은 아이템으로 소비자들의 니즈를 충족시킬 예정이다."
시세이도,https://usercontents-c.styleshare.io/images/19044371/700x394,"140여년 동안 시세이도는 아름다움에 대해 정의하고 그 뜻을 세계로 알리기 위해 노력했습니다. 시세이도는 대중과의 '공감' 과 '아름다움'으로부터 영감을 얻고, 다음 세대에도 전해질 지표를 제시합니다."
시에로코스메틱,https://usercontents-c.styleshare.io/images/37987592/700x394,
시은언니,https://usercontents-c.styleshare.io/images/039c802e-a19c-4cb5-b2e3-63b2099b863e/700x394,"페미닌하면서, 나만의 특별함을 보여주는
포인트있는 스타일룩"
시즈더데이,https://usercontents-c.styleshare.io/images/35348637/700x394,"시즈더데이(seizetheday)는 “Universal values”라는 슬로건을 가지고

매번 급변하는 시대 속에서 합리적인 라이프 스타일을 위해 실용적인 디자인과

감각적인 제품들로 가치를 이끌어내는 캐주얼 스트릿 브랜드 입니다."
시즌키트,https://usercontents-c.styleshare.io/images/39449426/700x394,"뷰티 라이프스타일 브랜드 '시즌키트'는 계절마다 반복되었던 불편함을 생각하고, 그 불편함이 더이상 나를 방해하지 않게 계절과 일상의 특별함을 즐길 수 있도록 당신의 라이프스타일 관점에서 더 나이진 생활을 위해 고민합니다."
시코쿠 스튜디오,https://usercontents-c.styleshare.io/images/39911917/700x394,"남쪽바다, 따뜻한 ‘시코쿠 섬’의 라이프를 만나보세요

 

시코쿠 스튜디오는 따뜻하고 온화한 남쪽 '시코쿠 섬'의 매력을 브랜드에 담았습니다.

40년 경력의 신발장인과 일본 유학파 디자이너가 만나 시작된

시코쿠스튜디오만의 밝은 컬러, 독특한 직조패턴, 그리고 쓸림 없는 자체개발 소재의 안락한 착화감…

 

지금 당신의 삶을 온화하게 만들어줄 시코쿠 스튜디오와 함께하세요."
시크릿나인틴,,"남쪽바다, 따뜻한 ‘시코쿠 섬’의 라이프를 만나보세요

 

시코쿠 스튜디오는 따뜻하고 온화한 남쪽 '시코쿠 섬'의 매력을 브랜드에 담았습니다.

40년 경력의 신발장인과 일본 유학파 디자이너가 만나 시작된

시코쿠스튜디오만의 밝은 컬러, 독특한 직조패턴, 그리고 쓸림 없는 자체개발 소재의 안락한 착화감…

 

지금 당신의 삶을 온화하게 만들어줄 시코쿠 스튜디오와 함께하세요."
시트러스,https://usercontents-c.styleshare.io/images/20526842/700x394,"CITLUS(시트러스)는 국내 자체제작 디자이너 브랜드 레이블로 오렌지, 레몬, 라임 등의 과일류를 총칭하는 CITRUS 의 생기 넘치는 이미지를 담고 있습니다. LIVE LIFE LIVELY라는 브랜드 슬로건을 통해 주도적이고 활력이 넘치는 건강한 사람들에게는 공감의 메시지를, 자신을 변화시키고 발전시키고자 하는 이들에게 응원의 메시지를 건내고자 합니다."
시티브리즈,https://usercontents-c.styleshare.io/images/3beba13b-6f3b-4db8-969c-c55c41622a04/700x394,"CTBRZ는 스트릿 컬쳐를 기반으로 여러 장르를 아우르는 컨템포러리 디자이너 브랜드이다.
타 브랜드들과는 차별화된 디자인 방향성과 깊이를 가지고 스포티와 고감도가 어우러진 시티브리즈만의 유니크한 감성을 추구한다.
또한 특정 문화나 컨셉에 국한되지 않는 아티스틱한 바리에이션으로 아트 컬렉션과 레디투웨어를 함께 전개한다."
시티즌,https://usercontents-c.styleshare.io/images/42891551/700x394,"1976 년 Citizen은 빛만을 전원으로 사용하는 세계 최초의 조명 아날로그 쿼츠 시계를 발명했습니다.
현재 Eco-Drive®로 알려진이 기술은 인공 광원, 자연광, 심지어 희미한 조명 등 모든 광원에서 전력을 생성하여 배터리를 교체하지 않고도 시계를 계속 작동시킬 수 있습니다."
식포파이브,https://usercontents-c.styleshare.io/images/40504758/700x394,"'만드는이에게 가장 필요한 것, 
또는 갖고 싶은 것을 만들며 그로 인해 대중들에게 공감을 얻는 것.' 을 
주제로 가방, 케이스, 그 외 핸드메이드 제품들을 디자인 하고 제작합니다. 
대량으로 제작하는 것보다는 희소성 있는 소량 제작을 선호하며, 
짜여진 무언가나 완벽한 무언가 보다는 때마다 느끼는 감정이 고스란히 들어간 
각각의 색깔이 있는 제품을 만듭니다."
심슨,https://usercontents-c.styleshare.io/images/20303354/700x394,"만화가 Matt Groening이 제작한 “더 심슨”은 1989년 미국 FOX TV를 통해 방영을 시작한 만화 프로그램으로 2017년 현재 수백 개의 에피소드가 진행되고 있으며 28번째 시즌이 인기리에 방영 중입니다. 31개의 Emmy Awards를 수상했으며, 미국 최장수 시트콤/애니메이션 프로그램이자, 황금 시간대에 방영하는 유일한 만화 프로그램으로 매주 1억9천만 명이 시청하고 있습니다."
쌍빠,https://usercontents-c.styleshare.io/images/21187241/700x394,"쌍빠(SAMPAR)는 프렌치 어반 스파 코스메틱 브랜드로써 현대 도시 여성의 라이프 스타일을 연구하고 도시 생활로부터 비롯된 주름, 노화, 칙칙함 등의 피부 문제를 효과적으로 개선시키는 데 도움이 되는 제품을 개발 합니다."
써드위브,https://usercontents-c.styleshare.io/images/42994304/700x394,"스트릿 캐주얼 룩의 베이스로, 우리가 일상에서 가장 친근하며 편하게 접하고 있는 제품군에 써드위브 만의 Graphic artwork을 입혀 그 안에서 차별성을 제공합니다. 서브컬쳐(Subculture) 적인 요소들과 컨셉으로 젊은 고객층과 소통하며 공감대를 형성하며, 트렌디함과 심플함을 동시에 갖춘 Artwork과 Design을 선호합니다. 제품의 디테일적인 측면에서는 빈티지 웨어에서 영감을 받은 요소들을 현재의 제품에 적절하게 접목시켜 제품의 특색과 장점, 입었을때 편안함을 극대화 시킵니다."
써리미,https://usercontents-c.styleshare.io/images/25520840/700x394,"데일리 힙합, 스트릿패션 유스컬처 쇼핑몰 써리미(30ME)"
써리원플로어스(31floors),https://usercontents-c.styleshare.io/images/42650597/700x394,31Floors는 기본적이지만 특별한 아이템을 선보이는 라이프 스타일 브랜드 입니다.
써스데이플랜테이션,https://usercontents-c.styleshare.io/images/25042853/700x394,"티트리 오일의 힘(향균력)을 호주 전역으로 알린 최초의 브랜드로 
40년 동안 지속적 연구, 개발을 통해 오일 고유의 영양성분을 유지하며, 
수분을 보충해주는 에센셜 오일을 베이스로한 호주의 천연화장품 브랜드입니다."
써치410,https://usercontents-c.styleshare.io/images/24488161/700x394,"SEARCH는 WEARABLE을 기반으로한 유니섹스캐주얼을 모티브로 YOUNG한 분위기와 
편안한 실루엣 그리고 컬러풀함으로 RETRO 풍의 분위기를 표현합니다. 
브랜드의 IDENTITY와 대중성 그 사이의 경계를 넘나들며 시즌에 구애받지않고 
유쾌하게 받아들일수 있는 브랜드로 각인 시키고자 합니다. 

SEARCH는 유니크한 스타일을 제공함과 동시에 즐거운 편안함의 센세이션을 유지합니다. 

패션 뿐만 아니라 일상생활의 또 다른 레벨을 제공합니다. 

편안함은 우리 브랜드의 무한한 이점중 하나입니다. 

단지 TRENDY만 추구하는 패션은 지양합니다. 

WEARABLE & IDENTITY가 살아있는 패션을 지향합니다."
써틴,https://usercontents-c.styleshare.io/images/38554176/700x394,"[THIRTEEN]은 디자인 개발부터 생산, 판매 라인 시스템을 

자체적으로 갖추고 있는 브랜드로,

감성적이고 트랜디한 디자인과 정성껏 장인 손길로 제작 된 제품을

소비자들에게 보다 나은 고품질의 제품을 합리적인 가격에 접할 수 있도록 합니다."
썸데이무드,https://usercontents-c.styleshare.io/images/a72ea55a-9dcd-451c-8722-84a90813184d/700x394,"[전상품 무료배송]
착한가격 데일리룩 맛집!
2-30대 전문 여성의류 쇼핑몰 입니다"
썸띵어쿠스틱,https://usercontents-c.styleshare.io/images/25969414/700x394,"'썸띵어쿠스틱'은 우리의 주변에서 쉽게 만날 수 있는 가장 편안하고 친숙한 일상의 모든 것을 모티프로 담아 위트있게 표현함으로써 유니크하면서도 따뜻한 감성을 담았습니다. 
일상에서 볼 수 있는 재미있는 모티프를 퀄리티 높은 자수를 활용한 다양한 아트워크로 표현하는 것이 특징입니다."
썸머스이브,https://usercontents-c.styleshare.io/images/21086382/700x394,
썸바이미,https://usercontents-c.styleshare.io/images/38557348/700x394,
쎄쎄쎄,https://usercontents-c.styleshare.io/images/20956550/700x394,SETSETSET(쎄쎄쎄)는 친구와 쎄쎄쎄 하듯 당신과 교감하는 브랜드 SET SET SET SETSETSET은 한국의 문화와 일상을 소재로 디자인 하여 옷으로 담는 디자이너 여성의류 브랜드입니다.
쎄이트(SSEYT),https://usercontents-c.styleshare.io/images/35561822/700x394,"쎄이트(SSEYT)는 프랑스의 아날로그 감성 라이프 스타일 풋웨어 브랜드로 아날로그 감성과 혁신, 정신을 브랜드의 모티브로 삼고있으며,

매 시즌 세계의 도시들을 탐험하며 느낀 영감들을 풀어내는 컬쳐메신저의 역할도 하고 있습니다.

현재까지도 프랑스의 아날로그 감성을 유지한채 많은 사랑을 받고 있습니다."
쎄투,https://usercontents-c.styleshare.io/images/19027726/700x394,"CESTTOUT(쎄투)가 보여줄 수 있는 건 c""est tout. 이게 다예요."
쏘내추럴,https://usercontents-c.styleshare.io/images/42196664/700x394,"피부 스스로의 힘, 좋은 원료, 정직한 제품, 정직한 가격"
쏘미미,https://usercontents-c.styleshare.io/images/35769078/700x394,쏘미미는 글로벌 소비자의 다양한 니즈에 맞춰 럭셔리 헤어&두피 케어민만을 고민하며 연구개발 합니다.
쏘우클래식(SWCL),https://usercontents-c.styleshare.io/images/34742436/700x394,"""SWCL"" 은 우리 일상에서 흔히 볼 수 있는 ""무엇""으로부터
  시작하여 입기 좋고 대하기 편한 실용적인 design 을 추구합니다.

  보는이로 하여금 동경을 불러일으키는 작품이 아닌
  보통의 감성에 덧씌워져 다양한 감도의 색깔로 표현되어질
  그 ""무엇"" 을 만들기 위해 노력합니다.

  기본에 충실하지만 흐름이 원하는 독창성을 더하여
  단순한 ""무엇""에도 가치와 의미를 부여합니다."
쏘차밍,https://usercontents-c.styleshare.io/images/f30f06aa-77b3-4a85-aa61-00b7233380fe/700x394,
