아날도바시니,https://usercontents-c.styleshare.io/images/34900311/88x50,https://www.styleshare.kr/brands/4375
아날로그무드,https://usercontents-c.styleshare.io/images/23162633/88x50,https://www.styleshare.kr/brands/3911
아노니스,https://usercontents-c.styleshare.io/images/43027289/88x50,https://www.styleshare.kr/brands/3143
아누아,https://usercontents-c.styleshare.io/images/21192833/88x50,https://www.styleshare.kr/brands/4977
아닉구딸,https://usercontents-c.styleshare.io/images/25562362/88x50,https://www.styleshare.kr/brands/2582
아더로브,https://usercontents-c.styleshare.io/images/38399112/88x50,https://www.styleshare.kr/brands/3567
아더사이드,https://usercontents-c.styleshare.io/images/38815076/88x50,https://www.styleshare.kr/brands/4216
아델,https://usercontents-c.styleshare.io/images/42356152/88x50,https://www.styleshare.kr/brands/4292
아도라,https://usercontents-c.styleshare.io/images/21216164/88x50,https://www.styleshare.kr/brands/4742
아디다스,https://usercontents-c.styleshare.io/images/42727114/88x50,https://www.styleshare.kr/brands/1042
아디다스 Y3,https://usercontents-c.styleshare.io/images/21184572/88x50,https://www.styleshare.kr/brands/4827
아로닉스,https://usercontents-c.styleshare.io/images/40051661/88x50,https://www.styleshare.kr/brands/2608
아로제,https://usercontents-c.styleshare.io/images/24097325/88x50,https://www.styleshare.kr/brands/4431
아루미루,https://usercontents-c.styleshare.io/images/42787310/88x50,https://www.styleshare.kr/brands/3293
아르마니,https://usercontents-c.styleshare.io/images/38447655/88x50,https://www.styleshare.kr/brands/4824
아르마따 디 마레,https://usercontents-c.styleshare.io/images/9dc2c1b5-32db-41d7-9ffe-6dcc60c94ce8/88x50,https://www.styleshare.kr/brands/2651
아르시코,https://usercontents-c.styleshare.io/images/43132519/88x50,https://www.styleshare.kr/brands/4222
아르지탈,https://usercontents-c.styleshare.io/images/33597095/88x50,https://www.styleshare.kr/brands/4536
아르지탈,https://usercontents-c.styleshare.io/images/34979812/88x50,https://www.styleshare.kr/brands/5012
아르테티끄,https://usercontents-c.styleshare.io/images/19587916/88x50,https://www.styleshare.kr/brands/3837
아리얼,https://usercontents-c.styleshare.io/images/34369632/88x50,https://www.styleshare.kr/brands/3919
아메리칸 어패럴,https://usercontents-c.styleshare.io/images/18839014/88x50,https://www.styleshare.kr/brands/2350
아메스,https://usercontents-c.styleshare.io/images/42756744/88x50,https://www.styleshare.kr/brands/3875
아몬무브먼트,https://usercontents-c.styleshare.io/images/31156052/88x50,https://www.styleshare.kr/brands/1047
아미,https://usercontents-c.styleshare.io/images/19027706/88x50,https://www.styleshare.kr/brands/4840
아미드팩토리,https://usercontents-c.styleshare.io/images/d2c2a05e-8c41-4ecf-a875-46322490ac76/88x50,https://www.styleshare.kr/brands/3809
아미옥,https://usercontents-c.styleshare.io/images/40160232/88x50,https://www.styleshare.kr/brands/3594
아벤느,https://usercontents-c.styleshare.io/images/35467040/88x50,https://www.styleshare.kr/brands/1980
아벨,https://usercontents-c.styleshare.io/images/23187836/88x50,https://www.styleshare.kr/brands/2776
아식스,https://usercontents-c.styleshare.io/images/35870845/88x50,https://www.styleshare.kr/brands/3060
아야야,https://usercontents-c.styleshare.io/images/31731082/88x50,https://www.styleshare.kr/brands/4451
아웃모드,https://usercontents-c.styleshare.io/images/e6958f3e-b64e-47b5-82f6-daf21e4f50dc/88x50,https://www.styleshare.kr/brands/3982
아웃스탠딩오디너리,https://usercontents-c.styleshare.io/images/23238956/88x50,https://www.styleshare.kr/brands/2014
아웃오브서클,https://usercontents-c.styleshare.io/images/20012698/88x50,https://www.styleshare.kr/brands/4013
아워,https://usercontents-c.styleshare.io/images/37332219/88x50,https://www.styleshare.kr/brands/3652
아워모먼츠,https://usercontents-c.styleshare.io/images/41448760/88x50,https://www.styleshare.kr/brands/6106
아이글로브스,https://usercontents-c.styleshare.io/images/42999432/88x50,https://www.styleshare.kr/brands/3153
아이넨,https://usercontents-c.styleshare.io/images/19093211/88x50,https://www.styleshare.kr/brands/2416
아이노아이원,https://usercontents-c.styleshare.io/images/41995205/88x50,https://www.styleshare.kr/brands/4110
아이더,https://usercontents-c.styleshare.io/images/35325998/88x50,https://www.styleshare.kr/brands/4587
아이디비,https://usercontents-c.styleshare.io/images/42532428/88x50,https://www.styleshare.kr/brands/4952
아이디에이지,https://usercontents-c.styleshare.io/images/41466684/88x50,https://www.styleshare.kr/brands/2286
아이디픽스스위치,https://usercontents-c.styleshare.io/images/21774671/88x50,https://www.styleshare.kr/brands/2900
아이마스큐,https://usercontents-c.styleshare.io/images/31696666/88x50,https://www.styleshare.kr/brands/4674
아이솔브,https://usercontents-c.styleshare.io/images/43228679/88x50,https://www.styleshare.kr/brands/3958
아이스펌킨,https://usercontents-c.styleshare.io/images/20302162/88x50,https://www.styleshare.kr/brands/4775
아이엘 컴퍼니,https://usercontents-c.styleshare.io/images/35061338/88x50,https://www.styleshare.kr/brands/4590
아이엠헤이,https://usercontents-c.styleshare.io/images/41813757/88x50,https://www.styleshare.kr/brands/2908
아이오스 뷰티,https://usercontents-c.styleshare.io/images/40274276/88x50,https://www.styleshare.kr/brands/3645
아이오페,https://usercontents-c.styleshare.io/images/36657777/88x50,https://www.styleshare.kr/brands/2504
아이캔디,https://usercontents-c.styleshare.io/images/42074055/88x50,https://www.styleshare.kr/brands/2382
아이코노그라피,https://usercontents-c.styleshare.io/images/41023467/88x50,https://www.styleshare.kr/brands/3931
아이크라운,https://usercontents-c.styleshare.io/images/25522142/88x50,https://www.styleshare.kr/brands/4007
아이크아이크,https://usercontents-c.styleshare.io/images/32637019/88x50,https://www.styleshare.kr/brands/4465
아이태미,https://usercontents-c.styleshare.io/images/19813430/88x50,https://www.styleshare.kr/brands/3877
아이홉소(IHOPESO),https://usercontents-c.styleshare.io/images/a1dbd731-4f61-4be3-b61f-22c4ae95e1ff/88x50,https://www.styleshare.kr/brands/4688
아일랜드 슬리퍼,https://usercontents-c.styleshare.io/images/38797844/88x50,https://www.styleshare.kr/brands/4551
아일리드,https://usercontents-c.styleshare.io/images/19767852/88x50,https://www.styleshare.kr/brands/3564
아임낫어휴먼비잉,https://usercontents-c.styleshare.io/images/41712403/88x50,https://www.styleshare.kr/brands/3758
아임미미,https://usercontents-c.styleshare.io/images/40159640/88x50,https://www.styleshare.kr/brands/2360
아임쉐이크,https://usercontents-c.styleshare.io/images/42357605/88x50,https://www.styleshare.kr/brands/3134
아쵸,https://usercontents-c.styleshare.io/images/42759154/88x50,https://www.styleshare.kr/brands/4285
아치오,https://usercontents-c.styleshare.io/images/32949023/88x50,https://www.styleshare.kr/brands/2414
아케이드코드,https://usercontents-c.styleshare.io/images/29882469/88x50,https://www.styleshare.kr/brands/3707
아코스튜디오스페이스,https://usercontents-c.styleshare.io/images/22780127/88x50,https://www.styleshare.kr/brands/4450
아쿠아사봉,https://usercontents-c.styleshare.io/images/24459046/88x50,https://www.styleshare.kr/brands/2773
아크네,https://usercontents-c.styleshare.io/images/39402541/88x50,https://www.styleshare.kr/brands/4858
아크미코드,https://usercontents-c.styleshare.io/images/33775746/88x50,https://www.styleshare.kr/brands/3790
아키아,https://usercontents-c.styleshare.io/images/40157834/88x50,https://www.styleshare.kr/brands/3612
아키요루,https://usercontents-c.styleshare.io/images/27327679/88x50,https://www.styleshare.kr/brands/2936
아키클래식,https://usercontents-c.styleshare.io/images/35851217/88x50,https://www.styleshare.kr/brands/2822
아타르,https://usercontents-c.styleshare.io/images/31823759/88x50,https://www.styleshare.kr/brands/1096
아텀스튜디오,https://usercontents-c.styleshare.io/images/39791293/88x50,https://www.styleshare.kr/brands/3221
아토팜,https://usercontents-c.styleshare.io/images/33595442/88x50,https://www.styleshare.kr/brands/4449
아트레이블,https://usercontents-c.styleshare.io/images/42925602/88x50,https://www.styleshare.kr/brands/3577
아틀리에파크,https://usercontents-c.styleshare.io/images/33568855/88x50,https://www.styleshare.kr/brands/4012
아티스트웨어,https://usercontents-c.styleshare.io/images/42759430/88x50,https://www.styleshare.kr/brands/3653
아틱,https://usercontents-c.styleshare.io/images/19558630/88x50,https://www.styleshare.kr/brands/3029
아파트걸,https://usercontents-c.styleshare.io/images/42379176/88x50,https://www.styleshare.kr/brands/4385
아페리레,https://usercontents-c.styleshare.io/images/23687672/88x50,https://www.styleshare.kr/brands/3835
아페쎄,https://usercontents-c.styleshare.io/images/35766861/88x50,https://www.styleshare.kr/brands/4935
아프로시스템,https://usercontents-c.styleshare.io/images/42727242/88x50,https://www.styleshare.kr/brands/3785
악셀아리가토,https://usercontents-c.styleshare.io/images/19027614/88x50,https://www.styleshare.kr/brands/4867
안나수이,https://usercontents-c.styleshare.io/images/42849277/88x50,https://www.styleshare.kr/brands/2265
안다르,https://usercontents-c.styleshare.io/images/40021936/88x50,https://www.styleshare.kr/brands/3968
안드레아 아이큐즈,https://usercontents-c.styleshare.io/images/42759412/88x50,https://www.styleshare.kr/brands/2771
안마닥터,https://usercontents-c.styleshare.io/images/19282006/88x50,https://www.styleshare.kr/brands/3241
안스미엘,https://usercontents-c.styleshare.io/images/39613687/88x50,https://www.styleshare.kr/brands/4008
안야힌드마치,https://usercontents-c.styleshare.io/images/37964008/88x50,https://www.styleshare.kr/brands/4801
알란스미시,https://usercontents-c.styleshare.io/images/42222114/88x50,https://www.styleshare.kr/brands/1113
알렉산더 맥퀸,https://usercontents-c.styleshare.io/images/35753294/88x50,https://www.styleshare.kr/brands/4874
알로곤,https://usercontents-c.styleshare.io/images/42759369/88x50,https://www.styleshare.kr/brands/3142
알리오,https://usercontents-c.styleshare.io/images/25502193/88x50,https://www.styleshare.kr/brands/4420
알비에로마르티니,https://usercontents-c.styleshare.io/images/41708232/88x50,https://www.styleshare.kr/brands/4865
알슨,https://usercontents-c.styleshare.io/images/19027558/88x50,https://www.styleshare.kr/brands/2294
알슨코리아,https://usercontents-c.styleshare.io/images/42020331/88x50,https://www.styleshare.kr/brands/4365
알에스브이피,https://usercontents-c.styleshare.io/images/35351508/88x50,https://www.styleshare.kr/brands/4156
알엔더블유,https://usercontents-c.styleshare.io/images/18838923/88x50,https://www.styleshare.kr/brands/4716
알티야 오가닉스(ALTEYA ORGANICS),https://usercontents-c.styleshare.io/images/37739061/88x50,https://www.styleshare.kr/brands/4004
알파인더스트리,https://usercontents-c.styleshare.io/images/39069538/88x50,https://www.styleshare.kr/brands/3083
알프츠,https://usercontents-c.styleshare.io/images/42020466/88x50,https://www.styleshare.kr/brands/3543
앙뜨삭스,https://usercontents-c.styleshare.io/images/20108068/88x50,https://www.styleshare.kr/brands/4624
앙스스킨,https://usercontents-c.styleshare.io/images/37133206/88x50,https://www.styleshare.kr/brands/3182
애니띵엘스,https://usercontents-c.styleshare.io/images/41183556/88x50,https://www.styleshare.kr/brands/2187
애드호크,https://usercontents-c.styleshare.io/images/20957580/88x50,https://www.styleshare.kr/brands/4672
애즈이즈투비,https://usercontents-c.styleshare.io/images/23258617/88x50,https://www.styleshare.kr/brands/2727
애티클스튜디오,https://usercontents-c.styleshare.io/images/33885643/88x50,https://www.styleshare.kr/brands/2034
애플앤딥,https://usercontents-c.styleshare.io/images/34529027/88x50,https://www.styleshare.kr/brands/4129
액센트,https://usercontents-c.styleshare.io/images/21018775/88x50,https://www.styleshare.kr/brands/4322
액티브,https://usercontents-c.styleshare.io/images/34704201/88x50,https://www.styleshare.kr/brands/3871
앤니즈(&needs),https://usercontents-c.styleshare.io/images/33597232/88x50,https://www.styleshare.kr/brands/4679
앤드씨유,https://usercontents-c.styleshare.io/images/89048ad7-0c07-450a-b8d1-2f5bebdaa3eb/88x50,https://www.styleshare.kr/brands/2515
앤드어패럴,https://usercontents-c.styleshare.io/images/40455119/88x50,https://www.styleshare.kr/brands/4099
앤디아더,https://usercontents-c.styleshare.io/images/28456761/88x50,https://www.styleshare.kr/brands/4567
앤랩,https://usercontents-c.styleshare.io/images/22074200/88x50,https://www.styleshare.kr/brands/2662
앤쏘,https://usercontents-c.styleshare.io/images/18838973/88x50,https://www.styleshare.kr/brands/3158
앤커버,https://usercontents-c.styleshare.io/images/21559949/88x50,https://www.styleshare.kr/brands/2341
앤트로포이드,https://usercontents-c.styleshare.io/images/41907160/88x50,https://www.styleshare.kr/brands/3882
앨리스마샤,https://usercontents-c.styleshare.io/images/37224841/88x50,https://www.styleshare.kr/brands/2450
앨빈클로,https://usercontents-c.styleshare.io/images/42706188/88x50,https://www.styleshare.kr/brands/3895
앰플로지,https://usercontents-c.styleshare.io/images/18839080/88x50,https://www.styleshare.kr/brands/3836
앰플엔,https://usercontents-c.styleshare.io/images/40741308/88x50,https://www.styleshare.kr/brands/6160
앱놀머씽,https://usercontents-c.styleshare.io/images/42031385/88x50,https://www.styleshare.kr/brands/4487
야식의천사,https://usercontents-c.styleshare.io/images/37759112/88x50,https://www.styleshare.kr/brands/3597
야츠,https://usercontents-c.styleshare.io/images/61aead11-cf9c-4eb6-b452-4bb5c9ca251a/88x50,https://www.styleshare.kr/brands/2984
어 프레젠트 박스,https://usercontents-c.styleshare.io/images/ff6fcb6a-bbb8-42f4-aabc-f126deb25473/88x50,https://www.styleshare.kr/brands/1145
어거스트나인,https://usercontents-c.styleshare.io/images/21186792/88x50,https://www.styleshare.kr/brands/2737
어글리쉐도우,https://usercontents-c.styleshare.io/images/32091506/88x50,https://www.styleshare.kr/brands/2983
어나더썸씽,https://usercontents-c.styleshare.io/images/23012221/88x50,https://www.styleshare.kr/brands/4109
어나더프레임,https://usercontents-c.styleshare.io/images/41432217/88x50,https://www.styleshare.kr/brands/2202
어나더플래닛,https://usercontents-c.styleshare.io/images/20292398/88x50,https://www.styleshare.kr/brands/1994
어니시,https://usercontents-c.styleshare.io/images/43037895/88x50,https://www.styleshare.kr/brands/4518
어드바이저리,https://usercontents-c.styleshare.io/images/25055001/88x50,https://www.styleshare.kr/brands/4681
어바웃시티,https://usercontents-c.styleshare.io/images/35902351/88x50,https://www.styleshare.kr/brands/4131
어반,https://usercontents-c.styleshare.io/images/356d935b-b68d-40de-b089-f6053eaaae60/88x50,https://www.styleshare.kr/brands/6149
어반더룸,https://usercontents-c.styleshare.io/images/42378781/88x50,https://www.styleshare.kr/brands/6139
어반디타입,https://usercontents-c.styleshare.io/images/19558705/88x50,https://www.styleshare.kr/brands/2447
어반에이지,https://usercontents-c.styleshare.io/images/35799617/88x50,https://www.styleshare.kr/brands/3702
어반플레이어스,https://usercontents-c.styleshare.io/images/24592295/88x50,https://www.styleshare.kr/brands/1159
어번던스,https://usercontents-c.styleshare.io/images/22129472/88x50,https://www.styleshare.kr/brands/4586
어썸스트로베리,https://usercontents-c.styleshare.io/images/58b782f3-b0cd-4bb1-b9a6-fa754df42153/88x50,https://www.styleshare.kr/brands/2539
어커버,https://usercontents-c.styleshare.io/images/24803081/88x50,https://www.styleshare.kr/brands/1164
어코,https://usercontents-c.styleshare.io/images/21785689/88x50,https://www.styleshare.kr/brands/2858
어파티,https://usercontents-c.styleshare.io/images/42606009/88x50,https://www.styleshare.kr/brands/3436
어패럴싯,https://usercontents-c.styleshare.io/images/23758875/88x50,https://www.styleshare.kr/brands/4018
어퓨,https://usercontents-c.styleshare.io/images/32555862/88x50,https://www.styleshare.kr/brands/3071
어프어프,https://usercontents-c.styleshare.io/images/34249589/88x50,https://www.styleshare.kr/brands/2836
어피스오브케이크,https://usercontents-c.styleshare.io/images/41530816/88x50,https://www.styleshare.kr/brands/1167
어헤즈,https://usercontents-c.styleshare.io/images/20525028/88x50,https://www.styleshare.kr/brands/4011
언노운,https://usercontents-c.styleshare.io/images/19558719/88x50,https://www.styleshare.kr/brands/3344
언더닷,https://usercontents-c.styleshare.io/images/23292098/88x50,https://www.styleshare.kr/brands/2994
언더라벨,https://usercontents-c.styleshare.io/images/21191857/88x50,https://www.styleshare.kr/brands/6136
언더베이스,https://usercontents-c.styleshare.io/images/21889757/88x50,https://www.styleshare.kr/brands/3372
언더아머,https://usercontents-c.styleshare.io/images/31717045/88x50,https://www.styleshare.kr/brands/2915
언더유스,https://usercontents-c.styleshare.io/images/25226370/88x50,https://www.styleshare.kr/brands/4281
언더크로스,https://usercontents-c.styleshare.io/images/42347923/88x50,https://www.styleshare.kr/brands/3263
언라이크룩,https://usercontents-c.styleshare.io/images/33019269/88x50,https://www.styleshare.kr/brands/3747
언리미트,https://usercontents-c.styleshare.io/images/34057026/88x50,https://www.styleshare.kr/brands/1176
언리시아,https://usercontents-c.styleshare.io/images/42928708/88x50,https://www.styleshare.kr/brands/4596
언브라운,https://usercontents-c.styleshare.io/images/21191891/88x50,https://www.styleshare.kr/brands/2581
언아웃핏,https://usercontents-c.styleshare.io/images/37194379/88x50,https://www.styleshare.kr/brands/2329
언커먼,https://usercontents-c.styleshare.io/images/19813425/88x50,https://www.styleshare.kr/brands/3163
언코리,https://usercontents-c.styleshare.io/images/21786783/88x50,https://www.styleshare.kr/brands/2726
언트랙,https://usercontents-c.styleshare.io/images/42889548/88x50,https://www.styleshare.kr/brands/2945
언헤이트,https://usercontents-c.styleshare.io/images/37759870/88x50,https://www.styleshare.kr/brands/3649
얼라이브랩,https://usercontents-c.styleshare.io/images/42034595/88x50,https://www.styleshare.kr/brands/3474
얼모스트블루,https://usercontents-c.styleshare.io/images/19029042/88x50,https://www.styleshare.kr/brands/2371
얼스노트,https://usercontents-c.styleshare.io/images/41813771/88x50,https://www.styleshare.kr/brands/3791
엄브로,https://usercontents-c.styleshare.io/images/32571537/88x50,https://www.styleshare.kr/brands/3819
업타운리즈,https://usercontents-c.styleshare.io/images/36663023/88x50,https://www.styleshare.kr/brands/4939
에그플래닛,https://usercontents-c.styleshare.io/images/19029061/88x50,https://www.styleshare.kr/brands/2686
에네스티,https://usercontents-c.styleshare.io/images/35957478/88x50,https://www.styleshare.kr/brands/3603
에뛰드 하우스,https://usercontents-c.styleshare.io/images/18900289/88x50,https://www.styleshare.kr/brands/2451
에르네,https://usercontents-c.styleshare.io/images/38557367/88x50,https://www.styleshare.kr/brands/2907
에르노,https://usercontents-c.styleshare.io/images/21528067/88x50,https://www.styleshare.kr/brands/4883
에르모사제이,https://usercontents-c.styleshare.io/images/24305507/88x50,https://www.styleshare.kr/brands/4133
에뮤(EMU),https://usercontents-c.styleshare.io/images/25064233/88x50,https://www.styleshare.kr/brands/4686
에번라포레,https://usercontents-c.styleshare.io/images/21216158/88x50,https://www.styleshare.kr/brands/2145
에비츄,https://usercontents-c.styleshare.io/images/21194209/88x50,https://www.styleshare.kr/brands/4641
에센스,https://usercontents-c.styleshare.io/images/37194707/88x50,https://www.styleshare.kr/brands/1988
에센허브,https://usercontents-c.styleshare.io/images/36722921/88x50,https://www.styleshare.kr/brands/4073
에스더러브스유 x 츄,https://usercontents-c.styleshare.io/images/42706194/88x50,https://www.styleshare.kr/brands/2138
에스더버니,https://usercontents-c.styleshare.io/images/23230289/88x50,https://www.styleshare.kr/brands/4024
에스디브이씨,https://usercontents-c.styleshare.io/images/42982725/88x50,https://www.styleshare.kr/brands/1201
에스미라클,https://usercontents-c.styleshare.io/images/42110116/88x50,https://www.styleshare.kr/brands/4245
에스비카,https://usercontents-c.styleshare.io/images/35058840/88x50,https://www.styleshare.kr/brands/2829
에스엔스킨,https://usercontents-c.styleshare.io/images/18862375/88x50,https://www.styleshare.kr/brands/3317
에스테틱하우스,https://usercontents-c.styleshare.io/images/34964280/88x50,https://www.styleshare.kr/brands/3445
에스토,https://usercontents-c.styleshare.io/images/37543197/88x50,https://www.styleshare.kr/brands/1206
에스티로더,https://usercontents-c.styleshare.io/images/42443396/88x50,https://www.styleshare.kr/brands/2584
에스티빠레트,https://usercontents-c.styleshare.io/images/20724126/88x50,https://www.styleshare.kr/brands/4106
에스프로젝트,https://usercontents-c.styleshare.io/images/42904388/88x50,https://www.styleshare.kr/brands/4085
에시드블랙,https://usercontents-c.styleshare.io/images/20908805/88x50,https://www.styleshare.kr/brands/2815
에쌍시엘,https://usercontents-c.styleshare.io/images/f033def2-f943-47bd-847f-ced07df306be/88x50,https://www.styleshare.kr/brands/2777
에어퀸,https://usercontents-c.styleshare.io/images/19594806/88x50,https://www.styleshare.kr/brands/4220
에어펀치,https://usercontents-c.styleshare.io/images/36052982/88x50,https://www.styleshare.kr/brands/3150
에이글로우,https://usercontents-c.styleshare.io/images/36311803/88x50,https://www.styleshare.kr/brands/4948
에이드,https://usercontents-c.styleshare.io/images/19029071/88x50,https://www.styleshare.kr/brands/4573
에이드로우,https://usercontents-c.styleshare.io/images/d89bbfef-b031-4a93-92fb-68978e7711df/88x50,https://www.styleshare.kr/brands/3927
에이들,https://usercontents-c.styleshare.io/images/40141804/88x50,https://www.styleshare.kr/brands/1210
에이라벨,https://usercontents-c.styleshare.io/images/19029201/88x50,https://www.styleshare.kr/brands/3917
에이린,https://usercontents-c.styleshare.io/images/20145938/88x50,https://www.styleshare.kr/brands/4121
에이밀,https://usercontents-c.styleshare.io/images/19029220/88x50,https://www.styleshare.kr/brands/4749
에이바이에이,https://usercontents-c.styleshare.io/images/38919702/88x50,https://www.styleshare.kr/brands/2470
에이본,https://usercontents-c.styleshare.io/images/35178960/88x50,https://www.styleshare.kr/brands/4926
에이브러험,https://usercontents-c.styleshare.io/images/24378928/88x50,https://www.styleshare.kr/brands/2654
에이블린,https://usercontents-c.styleshare.io/images/21840768/88x50,https://www.styleshare.kr/brands/6120
에이비오스킨,https://usercontents-c.styleshare.io/images/24614204/88x50,https://www.styleshare.kr/brands/2221
에이셀렉,https://usercontents-c.styleshare.io/images/19029849/88x50,https://www.styleshare.kr/brands/4029
에이솔루션,https://usercontents-c.styleshare.io/images/23600053/88x50,https://www.styleshare.kr/brands/4045
에이스텝,https://usercontents-c.styleshare.io/images/24977645/88x50,https://www.styleshare.kr/brands/1215
에이와비,https://usercontents-c.styleshare.io/images/43003060/88x50,https://www.styleshare.kr/brands/6114
에이제로,https://usercontents-c.styleshare.io/images/38480567/88x50,https://www.styleshare.kr/brands/4440
에이지,https://usercontents-c.styleshare.io/images/2a077fd9-27f5-48c3-ad19-55bd2cdf3cc2/88x50,https://www.styleshare.kr/brands/1223
에이지그레이,https://usercontents-c.styleshare.io/images/41201345/88x50,https://www.styleshare.kr/brands/2530
에이지투웨니스,https://usercontents-c.styleshare.io/images/22369085/88x50,https://www.styleshare.kr/brands/2194
에이치에스디(HSD),https://usercontents-c.styleshare.io/images/38815049/88x50,https://www.styleshare.kr/brands/4311
에이컨셉,https://usercontents-c.styleshare.io/images/23748465/88x50,https://www.styleshare.kr/brands/3036
에이콤팔레트,https://usercontents-c.styleshare.io/images/33884323/88x50,https://www.styleshare.kr/brands/3918
에이틴,https://usercontents-c.styleshare.io/images/43013013/88x50,https://www.styleshare.kr/brands/3310
에이틴키로,https://usercontents-c.styleshare.io/images/42889550/88x50,https://www.styleshare.kr/brands/2929
에이틴키로(EIGHTEENKEYLO),https://usercontents-c.styleshare.io/images/25554281/88x50,https://www.styleshare.kr/brands/3827
에이프릴스킨,https://usercontents-c.styleshare.io/images/35446160/88x50,https://www.styleshare.kr/brands/2041
에이프릴풀데이,https://usercontents-c.styleshare.io/images/25374383/88x50,https://www.styleshare.kr/brands/2143
에이플레이스,https://usercontents-c.styleshare.io/images/34731132/88x50,https://www.styleshare.kr/brands/3224
에이플비,https://usercontents-c.styleshare.io/images/31186866/88x50,https://www.styleshare.kr/brands/2639
에이피엘,https://usercontents-c.styleshare.io/images/23748573/88x50,https://www.styleshare.kr/brands/4953
에인트크랙,https://usercontents-c.styleshare.io/images/42020346/88x50,https://www.styleshare.kr/brands/3128
에잇세컨즈,https://usercontents-c.styleshare.io/images/43095902/88x50,https://www.styleshare.kr/brands/3052
에즈카톤,https://usercontents-c.styleshare.io/images/19016389/88x50,https://www.styleshare.kr/brands/4217
에코조이,https://usercontents-c.styleshare.io/images/32104031/88x50,https://www.styleshare.kr/brands/3037
에코툴즈,https://usercontents-c.styleshare.io/images/43215350/88x50,https://www.styleshare.kr/brands/4288
에코후레쉬,https://usercontents-c.styleshare.io/images/19029886/88x50,https://www.styleshare.kr/brands/3255
에크루,https://usercontents-c.styleshare.io/images/38388257/88x50,https://www.styleshare.kr/brands/3852
에클리어,https://usercontents-c.styleshare.io/images/22541380/88x50,https://www.styleshare.kr/brands/4972
에트로,https://usercontents-c.styleshare.io/images/23951177/88x50,https://www.styleshare.kr/brands/4884
에포나,https://usercontents-c.styleshare.io/images/40937328/88x50,https://www.styleshare.kr/brands/3565
엑스씨엑스메인,https://usercontents-c.styleshare.io/images/24926564/88x50,https://www.styleshare.kr/brands/3973
엑스온,https://usercontents-c.styleshare.io/images/42443707/88x50,https://www.styleshare.kr/brands/3499
엑스와이,https://usercontents-c.styleshare.io/images/41415569/88x50,https://www.styleshare.kr/brands/3901
엑스톤즈,https://usercontents-c.styleshare.io/images/39791708/88x50,https://www.styleshare.kr/brands/3630
엔더시아,https://usercontents-c.styleshare.io/images/42084763/88x50,https://www.styleshare.kr/brands/3257
엔더즌(NDOZEN),https://usercontents-c.styleshare.io/images/43044031/88x50,https://www.styleshare.kr/brands/4666
엔비룩,https://usercontents-c.styleshare.io/images/21204232/88x50,https://www.styleshare.kr/brands/4985
엔비에스피,https://usercontents-c.styleshare.io/images/19594811/88x50,https://www.styleshare.kr/brands/1262
엔샤카,https://usercontents-c.styleshare.io/images/35028636/88x50,https://www.styleshare.kr/brands/3704
엔에프엘,https://usercontents-c.styleshare.io/images/25420513/88x50,https://www.styleshare.kr/brands/5018
엔엠씨(NMC),https://usercontents-c.styleshare.io/images/39834463/88x50,https://www.styleshare.kr/brands/2205
엔젤삭스,https://usercontents-c.styleshare.io/images/21193129/88x50,https://www.styleshare.kr/brands/4214
엔젤하우스,https://usercontents-c.styleshare.io/images/38478533/88x50,https://www.styleshare.kr/brands/3055
엘라,https://usercontents-c.styleshare.io/images/c0b383bc-9d59-4ee5-b48a-90abbbebf874/88x50,https://www.styleshare.kr/brands/3279
엘라고,https://usercontents-c.styleshare.io/images/39227842/88x50,https://www.styleshare.kr/brands/4544
엘라스토리,https://usercontents-c.styleshare.io/images/38556100/88x50,https://www.styleshare.kr/brands/3292
엘레컴코리아,https://usercontents-c.styleshare.io/images/31675988/88x50,https://www.styleshare.kr/brands/4750
엘리랩,https://usercontents-c.styleshare.io/images/19029894/88x50,https://www.styleshare.kr/brands/4580
엘리베어,https://usercontents-c.styleshare.io/images/38150138/88x50,https://www.styleshare.kr/brands/4387
엘리샤코이,https://usercontents-c.styleshare.io/images/18815620/88x50,https://www.styleshare.kr/brands/2438
엘리오티,https://usercontents-c.styleshare.io/images/25284190/88x50,https://www.styleshare.kr/brands/2478
엘리자베스,https://usercontents-c.styleshare.io/images/e89767a8-b815-4a41-8697-a893285b253b/88x50,https://www.styleshare.kr/brands/2078
엘리자베스아덴,https://usercontents-c.styleshare.io/images/35509380/88x50,https://www.styleshare.kr/brands/2216
엘모르,https://usercontents-c.styleshare.io/images/22826767/88x50,https://www.styleshare.kr/brands/3924
엘엘빈,https://usercontents-c.styleshare.io/images/25050553/88x50,https://www.styleshare.kr/brands/3526
엠뉴,https://usercontents-c.styleshare.io/images/42863647/88x50,https://www.styleshare.kr/brands/4389
엠도씨,https://usercontents-c.styleshare.io/images/41884857/88x50,https://www.styleshare.kr/brands/2218
엠블러,https://usercontents-c.styleshare.io/images/43102932/88x50,https://www.styleshare.kr/brands/2056
엠엘비,https://usercontents-c.styleshare.io/images/22434552/88x50,https://www.styleshare.kr/brands/2556
엠오오 (MOO),https://usercontents-c.styleshare.io/images/21215341/88x50,https://www.styleshare.kr/brands/4336
엠티에이엘,https://usercontents-c.styleshare.io/images/ec4cb7c4-e2d1-4e68-8e96-a84d20d507ea/88x50,https://www.styleshare.kr/brands/4256
엣지아이,https://usercontents-c.styleshare.io/images/21330618/88x50,https://www.styleshare.kr/brands/3643
여밈,https://usercontents-c.styleshare.io/images/36424628/88x50,https://www.styleshare.kr/brands/1288
여우화장대,https://usercontents-c.styleshare.io/images/22585146/88x50,https://www.styleshare.kr/brands/4177
엽페,https://usercontents-c.styleshare.io/images/39228756/88x50,https://www.styleshare.kr/brands/1289
예루살렘 샌들,https://usercontents-c.styleshare.io/images/34023298/88x50,https://www.styleshare.kr/brands/3489
예블랑,https://usercontents-c.styleshare.io/images/34400084/88x50,https://www.styleshare.kr/brands/6156
예스이지,https://usercontents-c.styleshare.io/images/f0134e18-b8e3-4073-970c-9bccbff4fc65/88x50,https://www.styleshare.kr/brands/3983
옐로우스톤,https://usercontents-c.styleshare.io/images/43110967/88x50,https://www.styleshare.kr/brands/2924
오가니아,https://usercontents-c.styleshare.io/images/19029899/88x50,https://www.styleshare.kr/brands/3431
오고생이,https://usercontents-c.styleshare.io/images/36482988/88x50,https://www.styleshare.kr/brands/4916
오그램(OGRAM),https://usercontents-c.styleshare.io/images/39559096/88x50,https://www.styleshare.kr/brands/4645
오뉴,https://usercontents-c.styleshare.io/images/32352337/88x50,https://www.styleshare.kr/brands/4990
오니츠카타이거,https://usercontents-c.styleshare.io/images/21375081/88x50,https://www.styleshare.kr/brands/3048
오더플리즈,https://usercontents-c.styleshare.io/images/32372738/88x50,https://www.styleshare.kr/brands/2625
오드모노클,https://usercontents-c.styleshare.io/images/25047093/88x50,https://www.styleshare.kr/brands/6112
오드비,https://usercontents-c.styleshare.io/images/20942736/88x50,https://www.styleshare.kr/brands/2578
오드스튜디오,https://usercontents-c.styleshare.io/images/18447845/88x50,https://www.styleshare.kr/brands/4041
오드원아웃,https://usercontents-c.styleshare.io/images/f18dcd0b-ea84-4da0-9efd-55c69d06dbe8/88x50,https://www.styleshare.kr/brands/2875
오로라(Oro.la),https://usercontents-c.styleshare.io/images/25043124/88x50,https://www.styleshare.kr/brands/4338
오로라슈즈(AURORA SHOES),https://usercontents-c.styleshare.io/images/38334676/88x50,https://www.styleshare.kr/brands/3854
오른,https://usercontents-c.styleshare.io/images/35212454/88x50,https://www.styleshare.kr/brands/3872
오리스,https://usercontents-c.styleshare.io/images/25382134/88x50,https://www.styleshare.kr/brands/6143
오리온,https://usercontents-c.styleshare.io/images/18815754/88x50,https://www.styleshare.kr/brands/4996
오버나이스,https://usercontents-c.styleshare.io/images/34506144/88x50,https://www.styleshare.kr/brands/2175
오버웍스,https://usercontents-c.styleshare.io/images/42271507/88x50,https://www.styleshare.kr/brands/4061
오버햄,https://usercontents-c.styleshare.io/images/43094876/88x50,https://www.styleshare.kr/brands/4359
오베론,https://usercontents-c.styleshare.io/images/37961608/88x50,https://www.styleshare.kr/brands/3716
오베이,https://usercontents-c.styleshare.io/images/37135853/88x50,https://www.styleshare.kr/brands/2793
오브유,https://usercontents-c.styleshare.io/images/18815930/88x50,https://www.styleshare.kr/brands/3720
오비츠,https://usercontents-c.styleshare.io/images/23331056/88x50,https://www.styleshare.kr/brands/3423
오스라,https://usercontents-c.styleshare.io/images/38683220/88x50,https://www.styleshare.kr/brands/2652
오아쉬,https://usercontents-c.styleshare.io/images/18862426/88x50,https://www.styleshare.kr/brands/2140
오아이키,https://usercontents-c.styleshare.io/images/43011973/88x50,https://www.styleshare.kr/brands/2664
오아트,https://usercontents-c.styleshare.io/images/42889530/88x50,https://www.styleshare.kr/brands/6125
오알오알,https://usercontents-c.styleshare.io/images/21186817/88x50,https://www.styleshare.kr/brands/3422
오앤에이,https://usercontents-c.styleshare.io/images/f45b28e8-6558-45a3-b08e-02cac03658cc/88x50,https://www.styleshare.kr/brands/2878
오오디,https://usercontents-c.styleshare.io/images/38557372/88x50,https://www.styleshare.kr/brands/3952
오와이,https://usercontents-c.styleshare.io/images/23331016/88x50,https://www.styleshare.kr/brands/3518
오이공장,https://usercontents-c.styleshare.io/images/21305268/88x50,https://www.styleshare.kr/brands/2066
오제(OJEH),https://usercontents-c.styleshare.io/images/43113769/88x50,https://www.styleshare.kr/brands/3879
오즈랩,https://usercontents-c.styleshare.io/images/38557375/88x50,https://www.styleshare.kr/brands/4721
오찌,https://usercontents-c.styleshare.io/images/23150090/88x50,https://www.styleshare.kr/brands/2672
오큐스튜디오,https://usercontents-c.styleshare.io/images/37864560/88x50,https://www.styleshare.kr/brands/3929
오키도키,https://usercontents-c.styleshare.io/images/36534597/88x50,https://www.styleshare.kr/brands/4101
오킵스,https://usercontents-c.styleshare.io/images/25123669/88x50,https://www.styleshare.kr/brands/3118
오토캡,https://usercontents-c.styleshare.io/images/41572607/88x50,https://www.styleshare.kr/brands/1315
오프온,https://usercontents-c.styleshare.io/images/42792865/88x50,https://www.styleshare.kr/brands/3174
오프위,https://usercontents-c.styleshare.io/images/20949298/88x50,https://www.styleshare.kr/brands/4229
오프인아웃,https://usercontents-c.styleshare.io/images/28560dd2-726b-4825-9f18-3481ab2d3905/88x50,https://www.styleshare.kr/brands/2036
오프토코,https://usercontents-c.styleshare.io/images/38817543/88x50,https://www.styleshare.kr/brands/4969
오프화이트,https://usercontents-c.styleshare.io/images/24851326/88x50,https://www.styleshare.kr/brands/4881
오픈더도어,https://usercontents-c.styleshare.io/images/18816520/88x50,https://www.styleshare.kr/brands/2570
오호스,https://usercontents-c.styleshare.io/images/35621913/88x50,https://www.styleshare.kr/brands/6104
오휘,https://usercontents-c.styleshare.io/images/31185156/88x50,https://www.styleshare.kr/brands/4246
오흐디넌,https://usercontents-c.styleshare.io/images/43003485/88x50,https://www.styleshare.kr/brands/3173
옥토버써드,https://usercontents-c.styleshare.io/images/42944749/88x50,https://www.styleshare.kr/brands/2767
온더리버,https://usercontents-c.styleshare.io/images/41704635/88x50,https://www.styleshare.kr/brands/5002
온더바디,https://usercontents-c.styleshare.io/images/40051470/88x50,https://www.styleshare.kr/brands/2612
온도플러스,https://usercontents-c.styleshare.io/images/31142474/88x50,https://www.styleshare.kr/brands/3132
올댓샤인,https://usercontents-c.styleshare.io/images/31156532/88x50,https://www.styleshare.kr/brands/4144
올도우,https://usercontents-c.styleshare.io/images/22172273/88x50,https://www.styleshare.kr/brands/4065
올라온,https://usercontents-c.styleshare.io/images/23869590/88x50,https://www.styleshare.kr/brands/3456
올루미,https://usercontents-c.styleshare.io/images/22749604/88x50,https://www.styleshare.kr/brands/4605
올리비아 버튼,https://usercontents-c.styleshare.io/images/33624434/88x50,https://www.styleshare.kr/brands/4902
올리세,https://usercontents-c.styleshare.io/images/22518391/88x50,https://www.styleshare.kr/brands/2667
올마이립스,https://usercontents-c.styleshare.io/images/21897144/88x50,https://www.styleshare.kr/brands/6147
올버즈,https://usercontents-c.styleshare.io/images/35327136/88x50,https://www.styleshare.kr/brands/4296
올웨이즈비퓨어,https://usercontents-c.styleshare.io/images/25520410/88x50,https://www.styleshare.kr/brands/2921
와드로브,https://usercontents-c.styleshare.io/images/34703654/88x50,https://www.styleshare.kr/brands/1327
와이낫씨,https://usercontents-c.styleshare.io/images/43127017/88x50,https://www.styleshare.kr/brands/3989
와이리로버,https://usercontents-c.styleshare.io/images/19016282/88x50,https://www.styleshare.kr/brands/3628
와이엠씨,https://usercontents-c.styleshare.io/images/42009974/88x50,https://www.styleshare.kr/brands/4961
와이즈,https://usercontents-c.styleshare.io/images/18816537/88x50,https://www.styleshare.kr/brands/3759
와이케이,https://usercontents-c.styleshare.io/images/39559652/88x50,https://www.styleshare.kr/brands/4070
와이케이알,https://usercontents-c.styleshare.io/images/40815828/88x50,https://www.styleshare.kr/brands/4360
와이투케이,https://usercontents-c.styleshare.io/images/42282134/88x50,https://www.styleshare.kr/brands/3618
와일드하트,https://usercontents-c.styleshare.io/images/32441326/88x50,https://www.styleshare.kr/brands/3621
와칸,https://usercontents-c.styleshare.io/images/42863638/88x50,https://www.styleshare.kr/brands/3004
와코크,https://usercontents-c.styleshare.io/images/25100271/88x50,https://www.styleshare.kr/brands/3273
와탐,https://usercontents-c.styleshare.io/images/20699102/88x50,https://www.styleshare.kr/brands/3100
왓해픈,https://usercontents-c.styleshare.io/images/40160599/88x50,https://www.styleshare.kr/brands/3840
왕스킨,https://usercontents-c.styleshare.io/images/37911763/88x50,https://www.styleshare.kr/brands/3057
요미블리,https://usercontents-c.styleshare.io/images/43114625/88x50,https://www.styleshare.kr/brands/2950
요코,https://usercontents-c.styleshare.io/images/36658811/88x50,https://www.styleshare.kr/brands/3962
요키,https://usercontents-c.styleshare.io/images/40736425/88x50,https://www.styleshare.kr/brands/3561
요하닉스(YOHANIX),https://usercontents-c.styleshare.io/images/41154723/88x50,https://www.styleshare.kr/brands/3892
욜로스토어,https://usercontents-c.styleshare.io/images/21778920/88x50,https://www.styleshare.kr/brands/5008
우드버리,https://usercontents-c.styleshare.io/images/19636735/88x50,https://www.styleshare.kr/brands/2215
우리일쌍,https://usercontents-c.styleshare.io/images/19029913/88x50,https://www.styleshare.kr/brands/4678
우아,https://usercontents-c.styleshare.io/images/34743095/88x50,https://www.styleshare.kr/brands/2077
우포스,https://usercontents-c.styleshare.io/images/18816516/88x50,https://www.styleshare.kr/brands/4361
우화만,https://usercontents-c.styleshare.io/images/39930283/88x50,https://www.styleshare.kr/brands/4527
울리치,https://usercontents-c.styleshare.io/images/38133382/88x50,https://www.styleshare.kr/brands/4576
울버린,https://usercontents-c.styleshare.io/images/42757722/88x50,https://www.styleshare.kr/brands/3106
워닝워닝,https://usercontents-c.styleshare.io/images/1420f1e0-6e08-4bd6-bf11-1c2dbe319afd/88x50,https://www.styleshare.kr/brands/3735
워샤 (WERSA),https://usercontents-c.styleshare.io/images/43235135/88x50,https://www.styleshare.kr/brands/4914
원더러스트,https://usercontents-c.styleshare.io/images/18296245/88x50,https://www.styleshare.kr/brands/3449
원더바스,https://usercontents-c.styleshare.io/images/24261437/88x50,https://www.styleshare.kr/brands/2627
원더비지터,https://usercontents-c.styleshare.io/images/25367544/88x50,https://www.styleshare.kr/brands/4452
원더풀모먼트,https://usercontents-c.styleshare.io/images/21216256/88x50,https://www.styleshare.kr/brands/4151
원데이뉴트리션,https://usercontents-c.styleshare.io/images/18296252/88x50,https://www.styleshare.kr/brands/5007
원데이즈유,https://usercontents-c.styleshare.io/images/33039423/88x50,https://www.styleshare.kr/brands/4072
원씽,https://usercontents-c.styleshare.io/images/19029923/88x50,https://www.styleshare.kr/brands/4490
원앤즈,https://usercontents-c.styleshare.io/images/39946204/88x50,https://www.styleshare.kr/brands/4562
원오브어카인드,https://usercontents-c.styleshare.io/images/23868639/88x50,https://www.styleshare.kr/brands/2912
원퍼제로,https://usercontents-c.styleshare.io/images/23007588/88x50,https://www.styleshare.kr/brands/2365
월트디즈니,https://usercontents-c.styleshare.io/images/25572445/88x50,https://www.styleshare.kr/brands/1993
웨이브유니온,https://usercontents-c.styleshare.io/images/39252784/88x50,https://www.styleshare.kr/brands/3904
웨이워드,https://usercontents-c.styleshare.io/images/43098722/88x50,https://www.styleshare.kr/brands/1360
웨일컴퍼니,https://usercontents-c.styleshare.io/images/34901252/88x50,https://www.styleshare.kr/brands/4388
웨츠,https://usercontents-c.styleshare.io/images/22762519/88x50,https://www.styleshare.kr/brands/4172
웬아이디프,https://usercontents-c.styleshare.io/images/18296265/88x50,https://www.styleshare.kr/brands/4889
웰던,https://usercontents-c.styleshare.io/images/38949012/88x50,https://www.styleshare.kr/brands/2419
웻앤와일드,https://usercontents-c.styleshare.io/images/43042461/88x50,https://www.styleshare.kr/brands/3069
위글위글,https://usercontents-c.styleshare.io/images/35308925/88x50,https://www.styleshare.kr/brands/2032
위드고,https://usercontents-c.styleshare.io/images/23748574/88x50,https://www.styleshare.kr/brands/3313
위드미,https://usercontents-c.styleshare.io/images/18296273/88x50,https://www.styleshare.kr/brands/3508
위드샨,https://usercontents-c.styleshare.io/images/21095242/88x50,https://www.styleshare.kr/brands/2706
위드앨리스,https://usercontents-c.styleshare.io/images/40143947/88x50,https://www.styleshare.kr/brands/1976
위드클렌즈,https://usercontents-c.styleshare.io/images/19029939/88x50,https://www.styleshare.kr/brands/3798
위빠남,https://usercontents-c.styleshare.io/images/25574974/88x50,https://www.styleshare.kr/brands/1984
위시다이어리,https://usercontents-c.styleshare.io/images/40676983/88x50,https://www.styleshare.kr/brands/3341
위시비,https://usercontents-c.styleshare.io/images/41713293/88x50,https://www.styleshare.kr/brands/4405
위씨,https://usercontents-c.styleshare.io/images/41766096/88x50,https://www.styleshare.kr/brands/3270
위알유어프렌즈,https://usercontents-c.styleshare.io/images/5ab140db-a3c0-4e38-b7aa-18a309023282/88x50,https://www.styleshare.kr/brands/3116
위올노잇,https://usercontents-c.styleshare.io/images/40290728/88x50,https://www.styleshare.kr/brands/3570
위위위,https://usercontents-c.styleshare.io/images/25513538/88x50,https://www.styleshare.kr/brands/4341
위크유,https://usercontents-c.styleshare.io/images/24844605/88x50,https://www.styleshare.kr/brands/4989
위클리랩,https://usercontents-c.styleshare.io/images/23700281/88x50,https://www.styleshare.kr/brands/3912
윈마이,https://usercontents-c.styleshare.io/images/23170424/88x50,https://www.styleshare.kr/brands/3103
윌리콧,https://usercontents-c.styleshare.io/images/42831182/88x50,https://www.styleshare.kr/brands/1369
윔지컬,https://usercontents-c.styleshare.io/images/18296278/88x50,https://www.styleshare.kr/brands/4315
유니,https://usercontents-c.styleshare.io/images/22542456/88x50,https://www.styleshare.kr/brands/4147
유니레버,https://usercontents-c.styleshare.io/images/20305191/88x50,https://www.styleshare.kr/brands/3960
유니에르,https://usercontents-c.styleshare.io/images/33802293/88x50,https://www.styleshare.kr/brands/3258
유니온 오브제,https://usercontents-c.styleshare.io/images/39997994/88x50,https://www.styleshare.kr/brands/1373
유니온스페이스,https://usercontents-c.styleshare.io/images/39613201/88x50,https://www.styleshare.kr/brands/2719
유니클럽,https://usercontents-c.styleshare.io/images/38170824/88x50,https://www.styleshare.kr/brands/4443
유니타,https://usercontents-c.styleshare.io/images/41995358/88x50,https://www.styleshare.kr/brands/2166
유니팝콘,https://usercontents-c.styleshare.io/images/42759349/88x50,https://www.styleshare.kr/brands/3575
유니픽쳐,https://usercontents-c.styleshare.io/images/18838947/88x50,https://www.styleshare.kr/brands/4513
유닉스,https://usercontents-c.styleshare.io/images/42915845/88x50,https://www.styleshare.kr/brands/4615
유리아쥬,https://usercontents-c.styleshare.io/images/41907737/88x50,https://www.styleshare.kr/brands/2873
유리프,https://usercontents-c.styleshare.io/images/0ee357f3-d43c-4966-b44a-adcda18f3d55/88x50,https://www.styleshare.kr/brands/4633
유베스코,https://usercontents-c.styleshare.io/images/42727589/88x50,https://www.styleshare.kr/brands/3064
유센디(USen.D),https://usercontents-c.styleshare.io/images/24eaa7fc-a44c-4d05-a7bf-9fcddf26de72/88x50,https://www.styleshare.kr/brands/3530
유스포유스,https://usercontents-c.styleshare.io/images/43094879/88x50,https://www.styleshare.kr/brands/3557
유쓰배쓰,https://usercontents-c.styleshare.io/images/35728619/88x50,https://www.styleshare.kr/brands/3299
유알스킨,https://usercontents-c.styleshare.io/images/18838972/88x50,https://www.styleshare.kr/brands/3249
유어더레스,https://usercontents-c.styleshare.io/images/f329a7db-123f-4f16-8ac8-5d82c4a5afaa/88x50,https://www.styleshare.kr/brands/3145
유어피스,https://usercontents-c.styleshare.io/images/42706758/88x50,https://www.styleshare.kr/brands/4908
유엔지레이어,https://usercontents-c.styleshare.io/images/21897368/88x50,https://www.styleshare.kr/brands/1390
유주얼에딧,https://usercontents-c.styleshare.io/images/42694300/88x50,https://www.styleshare.kr/brands/3080
유풍,https://usercontents-c.styleshare.io/images/38730253/88x50,https://www.styleshare.kr/brands/1396
이고트립,https://usercontents-c.styleshare.io/images/43111019/88x50,https://www.styleshare.kr/brands/3169
이글립스,https://usercontents-c.styleshare.io/images/32777498/88x50,https://www.styleshare.kr/brands/3529
이네스네이쳐,https://usercontents-c.styleshare.io/images/40499241/88x50,https://www.styleshare.kr/brands/4364
이네이처,https://usercontents-c.styleshare.io/images/42172215/88x50,https://www.styleshare.kr/brands/4183
이노트(ENOT),https://usercontents-c.styleshare.io/images/32533550/88x50,https://www.styleshare.kr/brands/4675
이놈어닛,https://usercontents-c.styleshare.io/images/29881233/88x50,https://www.styleshare.kr/brands/4863
이누이트,https://usercontents-c.styleshare.io/images/21511097/88x50,https://www.styleshare.kr/brands/2197
이니스프리,https://usercontents-c.styleshare.io/images/41938110/88x50,https://www.styleshare.kr/brands/4932
이레프 어글리덕,https://usercontents-c.styleshare.io/images/43228686/88x50,https://www.styleshare.kr/brands/3781
이모션플래닛,https://usercontents-c.styleshare.io/images/43043846/88x50,https://www.styleshare.kr/brands/4301
이베스가,https://usercontents-c.styleshare.io/images/e83a75f7-c108-4198-97a9-f80216b26d7d/88x50,https://www.styleshare.kr/brands/6141
이브 살로몬,https://usercontents-c.styleshare.io/images/22833578/88x50,https://www.styleshare.kr/brands/4805
이세이미야케,https://usercontents-c.styleshare.io/images/23232042/88x50,https://www.styleshare.kr/brands/2534
이스트랜드,https://usercontents-c.styleshare.io/images/34962059/88x50,https://www.styleshare.kr/brands/3446
이스트인디고,https://usercontents-c.styleshare.io/images/42270318/88x50,https://www.styleshare.kr/brands/3921
이스트팩,https://usercontents-c.styleshare.io/images/18296283/88x50,https://www.styleshare.kr/brands/1409
이십오퍼센테이지,https://usercontents-c.styleshare.io/images/f4062371-da04-4e0e-81a2-f99b358f2d9a/88x50,https://www.styleshare.kr/brands/3870
이아이오,https://usercontents-c.styleshare.io/images/32391578/88x50,https://www.styleshare.kr/brands/4799
이어러쉐입,https://usercontents-c.styleshare.io/images/40365044/88x50,https://www.styleshare.kr/brands/2928
이어맥,https://usercontents-c.styleshare.io/images/34705748/88x50,https://www.styleshare.kr/brands/4793
이오유 스튜디오,https://usercontents-c.styleshare.io/images/41171454/88x50,https://www.styleshare.kr/brands/4278
이자벨마랑,https://usercontents-c.styleshare.io/images/23548070/88x50,https://www.styleshare.kr/brands/4999
이조이,https://usercontents-c.styleshare.io/images/23748859/88x50,https://www.styleshare.kr/brands/3766
이즈,https://usercontents-c.styleshare.io/images/42444505/88x50,https://www.styleshare.kr/brands/4489
이즈로,https://usercontents-c.styleshare.io/images/21825816/88x50,https://www.styleshare.kr/brands/2617
이즈앤트리,https://usercontents-c.styleshare.io/images/36187595/88x50,https://www.styleshare.kr/brands/3741
이즈오프,https://usercontents-c.styleshare.io/images/42728246/88x50,https://www.styleshare.kr/brands/3609
이지무이,https://usercontents-c.styleshare.io/images/38038651/88x50,https://www.styleshare.kr/brands/2808
이지엔,https://usercontents-c.styleshare.io/images/42849160/88x50,https://www.styleshare.kr/brands/4661
이지피지 EASY PEASY,https://usercontents-c.styleshare.io/images/21276484/88x50,https://www.styleshare.kr/brands/3783
이초이스,https://usercontents-c.styleshare.io/images/21194093/88x50,https://www.styleshare.kr/brands/3749
이치미,https://usercontents-c.styleshare.io/images/39771438/88x50,https://www.styleshare.kr/brands/3022