아날도바시니,,
아날로그무드,https://usercontents-c.styleshare.io/images/34900311/700x394,"""우리는 순간을 기록합니다. 함께한 시간, 우리가 나눈 이야기, 그날의 추억들을""

아날로그 무드는 당신의 소중한 순간들과 함께 기록되고 싶습니다.

당신 삶의 소중한 한 페이지가 되어."
아노니스,https://usercontents-c.styleshare.io/images/23162633/700x394,"ANONIS는 좋은소재와, 고급 부자재, 퀄리티 있고 편안하면서 아노니스 만의 감성을 담아 내며
Classic을 기반으로 Contemporary, Modern 스타일을 전개하는 디자이너 브랜드 입니다
ANONIS는 말하고자 하는 메세지를 옷에 담아 내는 스토리가 있는 브랜드 입니다."
아누아,https://usercontents-c.styleshare.io/images/43027289/700x394,"아누아는 균형 있는 라이프스타일이 이끄는 건강한 아름다움을 지향 합니다.
나에게 온전히 집중하고 내 몸과 마음이 편안할 때 우리 피부도 더 활력있고 건강해질 수 있다고 믿습니다."
아닉구딸,https://usercontents-c.styleshare.io/images/21192833/700x394,향기로 삶의 순간을 전달하는 프랑스 하이 퍼퓨머리 하우스 아닉구딸입니다.
아더로브,https://usercontents-c.styleshare.io/images/25562362/700x394,"아도로브(ardorobe) 는 ardor 와 robe 의 의미를 더하여 열정, 열의, 열성적과 같은 의복을 대하는 태도로써 이 시대 젊은 이들의 새롭고 창의적이며 열정적인 모습을 대변하는 브랜드 입니다."
아더사이드,https://usercontents-c.styleshare.io/images/38399112/700x394,아더사이드(OTHERSIDE)는 컨템포러리 감성을 기반으로 하며 시대와 공간을 구분하지 않고 모든 반대편에서 오는 새로움에서 영감을 받습니다.
아델,https://usercontents-c.styleshare.io/images/38815076/700x394,"미국 속눈썹 시장 점유율 1위
메이크업 아티스트들과 미용전문가들이 가장 선호하는 브랜드 NO.1을 경험하세요!"
아도라,https://usercontents-c.styleshare.io/images/42356152/700x394,"“ ADORA ; 아도라 ” 는 라틴어로 “사랑 받고 있는 사람”이라는 의미로,
ADORA의  옷을 착용한 모두는 사랑 받고 있다는 선물 같은 함축적인 의미를 담아 만들어지는 옷입니다.
민감하고 빠르게 변화하는 트렌드에 중점을 두며 ADORA만의 감성을 더하여 제품을 선보입니다."
아디다스,https://usercontents-c.styleshare.io/images/21216164/700x394,"ADIDAS(아디다스)는 Adolf (""Adi"") Dassler 라는 사람에 의해 창시되었습니다. 아디 (Adi) 와 그의 형제 루디(Rudi)는 1920년부터 독일의 헤르초게나우라흐(Herzogenaurach)에서 스포츠화를 성공적으로 생산하다 1948년 서로 갈라지면서 루디는 푸마 (Puma) 를, 아디는 아디다스를 형성하게 됩니다."
아디다스 Y3,https://usercontents-c.styleshare.io/images/42727114/700x394,
아로닉스,https://usercontents-c.styleshare.io/images/21184572/700x394,
아로제,https://usercontents-c.styleshare.io/images/40051661/700x394,"당신의 아름다움에 아로제를 입히다.
당신을 위한 케어솔루션 아로제입니다."
아루미루,https://usercontents-c.styleshare.io/images/24097325/700x394,천연고급원료와 첨단기술의 조화로 만들어진 인증된 화장품 브랜드
아르마니,https://usercontents-c.styleshare.io/images/42787310/700x394,
아르마따 디 마레,,
아르시코,https://usercontents-c.styleshare.io/images/38447655/700x394,소중한 당신의 매력을 더 빛날 수 있게 하는 뷰티 브랜드 아르시코입니다.
아르지탈,https://usercontents-c.styleshare.io/images/9dc2c1b5-32db-41d7-9ffe-6dcc60c94ce8/700x394,"이탈리아 천연 유기농 화장품 브랜드로서 유럽 전역을 통틀어 4~5개밖에 안되는 ""방부제 Free"" 100% 천연브랜드로 확고한 컨셉을 준수하는 아르지탈의 자부심을 가지고 있습니다. 이탈리아 시칠리아의 100% 그린 클레이는 기반으로 한 천연 스킨케어로 피부에 바르면 더 나은 보습효과와 오랜 시간 동안의 수분을 유지하여 매일 피부의 긴장을 풀어주는 제품을 가지고 있습니다."
아르지탈,https://usercontents-c.styleshare.io/images/43132519/700x394,"이탈리아 천연 유기농 화장품 브랜드로서 유럽 전역을 통틀어 4~5개밖에 안되는 ""방부제 Free"" 100% 천연브랜드로 확고한 컨셉을 준수하는 아르지탈의 자부심을 가지고 있습니다. 이탈리아 시칠리아의 100% 그린 클레이는 기반으로 한 천연 스킨케어로 피부에 바르면 더 나은 보습효과와 오랜 시간 동안의 수분을 유지하여 매일 피부의 긴장을 풀어주는 제품을 가지고 있습니다."
아르테티끄,https://usercontents-c.styleshare.io/images/33597095/700x394,"힐링, 충전은 아르테티끄가 드리고 싶은 삶의 가치입니다. 
힐링코스메틱 아르테티끄가 전하는 아르테라피, 
우리의 피부가 충전을 원할 때 아르테티끄 아르테라피로 힐링하세요."
아리얼,https://usercontents-c.styleshare.io/images/34979812/700x394,"아리얼은 피부에 순한 저자극 자연 성분을 주원료로 사용하여 피부 본연의 힘을 길러 바쁜 생활패턴과 스트레스와 공해 등으로 지친 도시속 현대인의 피부를 진정시키고, 건강한 피부로 가꿔주는 화장품 브랜드입니다."
아메리칸 어패럴,https://usercontents-c.styleshare.io/images/19587916/700x394,"AMERICAN APPAREL(아메리칸 어패럴)은 미국 LOS ANGELES 다운타운을 중심으로 시작된 브랜드입니다. 현재는 미국뿐만이 아니라 유럽, 캐나다, 일본을 비롯한 전 세계 20여 국에 걸쳐 약 285개의 매장이 있을 정도로 세계인의 사랑을 받고 있습니다. AMERICAN APPAREL에서 선보이는 비비드 한 컬러와 화려한 원색 및 모노론의 색상이 조화된 디자인들은 항상 큰 인기를 누리며, 마니아 층을 지속적으로 넓혀 가고 있습니다."
아메스,https://usercontents-c.styleshare.io/images/34369632/700x394,"""AMES"" 컨셉은 스트릿 패션을 기반으로 한 스트릿 무드의 컨셉을 가지고 있다. 최대한 기본에서 벗어나지 않고 ""A MESSAGE""라는 단어를 함축시켜 만들게 된 AMES는 현시대의 컬쳐를 의류에 메세지를 담아 전개하고있다."
아몬무브먼트,https://usercontents-c.styleshare.io/images/18839014/700x394,"MON MOVEMENT(아몬무브먼트)는 고급스러운 질감과 고집스러운 완성도, 시대에 맞는 다양한 라이프스타일을 커버하는 디자인을 제시합니다. 신발 본질에 충실한, 완성도 높은 제품을 만들어갑니다. 가치의 균형을 잃지 않는 삶에 늘 함께 하고자 하는 브랜드입니다."
아미,https://usercontents-c.styleshare.io/images/42756744/700x394,
아미드팩토리,,
아미옥,https://usercontents-c.styleshare.io/images/31156052/700x394,나만의 유니크한 감성을 표현하는 아미옥코스메틱
아벤느,https://usercontents-c.styleshare.io/images/19027706/700x394,
아벨,,
아식스,https://usercontents-c.styleshare.io/images/d2c2a05e-8c41-4ecf-a875-46322490ac76/700x394,
아야야,https://usercontents-c.styleshare.io/images/40160232/700x394,"AYAYA는 소녀라는 뜻으로, 머리를 두 가닥을 땋아 올린 모양을 의미한다. 이 시대의 소녀들의 모습과 새로운 스타일링을 통해 그녀들의 모습을 보여줍니다."
아웃모드,https://usercontents-c.styleshare.io/images/35467040/700x394,"OUTMODE(아웃모드)는 “BASIC,NOTBASIC”이란 브랜드 슬로건과 같이 베이직한 아이템들을 찾기 힘든 트렌드에서 기본에 충실한 아이템을 합리적인 가격과 뛰어난 품질로 제작하여 선보이기 위해 노력하는 브랜드입니다."
아웃스탠딩오디너리,https://usercontents-c.styleshare.io/images/23187836/700x394,"OUTSTANDING ORDINARY(아웃스탠딩오디너리)는 컨템포러리 모던걸리쉬 감성의 여성복 브랜드입니다. 작고 일상적인 것에서 새롭고 특별한 것을 발견하고, 디자인해서 매 시즌 새로운 이야기를 제안합니다. 좀 더 많은 분들의 일상에서 빛나는 소중한 순간을 함께하는 것이 아웃스탠딩오디너리의 바램입니다."
아웃오브서클,https://usercontents-c.styleshare.io/images/35870845/700x394,"OUTOFCIRCLE(아웃오브서클)은 '원 밖'이라는 뜻으로 팔을 뻗어 원을 그리면 자신만의 세상이 그려집니다. 그 원을 부수고 나가 새로운 세상을 마주하자라는 슬로건 아래에
매 시즌 한계를 넘어 예술을 사랑하는 모든 이들의 새로운 영감이 되길 원합니다."
아워,https://usercontents-c.styleshare.io/images/31731082/700x394,감성을 담은 라이프 디자인 '아워'
아워모먼츠,https://usercontents-c.styleshare.io/images/e6958f3e-b64e-47b5-82f6-daf21e4f50dc/700x394,유럽감성이 느껴지는 레터링 디자인 에코백 '아워모먼츠'
아이글로브스,https://usercontents-c.styleshare.io/images/23238956/700x394,"igloves(아이글로브스)는 어느 옷에나 매치할 수 있을 심플한 디자인부터 독특하고 화려한 디자인까지,당신을 표현할 수 있는 다양한 장갑을 만듭니다.
누구나 따뜻하고 의미있는 겨울을 보낼 수 있도록. igloves makes your winter"
아이넨,https://usercontents-c.styleshare.io/images/20012698/700x394,"아이넨(EINEN)은 매번 반복되는 무언가, 그 안에서 새로운 걸 찾아 작은 변화를 통한 접근에 새로운 영감으로 옷을 재해석 하는 미니멀리즘 기반 유니섹스 스트릿 의류 브랜드입니다."
아이노아이원,https://usercontents-c.styleshare.io/images/37332219/700x394,
아이더,https://usercontents-c.styleshare.io/images/41448760/700x394,"아이더는 1962년 프랑스 알프스의 중심인 몽블랑에서 시작된 브랜드로 대자연에 겸손, 한계를 뛰어넘는 도전혁신, 고기능 제품을 위한 끊임없는 노력을 기본 정신으로 삼고 있습니다"
아이디비,https://usercontents-c.styleshare.io/images/42999432/700x394,"불어인 IDEE(생각하다)+BEAUTY(아름다움)의 합성어로 ""세상에 모든 아름다움을 실현한다"" 를 뜻하며 2015년 중국,태국,인도네시아 등 아시아 지역뿐을 시작으로 전세계에 아시아 뷰티를 전파하고자 합니다."
아이디에이지,https://usercontents-c.styleshare.io/images/19093211/700x394,아이디플라코스메틱은 시술과 수술 후 민감해진 환자의 피부를 케어 하기 위해 개발되었습니다. 아이디의 설립자인 박상훈 원장은 지난 10년 동안의 경험과 6만명의 얼굴 성형 데이터에서 얻은 연구 결과를 기반으로 기존의 코스메틱 브랜드와는 다른 새로운 화장품의 길을 열어 나가고 있습니다.
아이디픽스스위치,,
아이마스큐,https://usercontents-c.styleshare.io/images/41995205/700x394,iMASQ는 기능으로써의 역할만 존재했던 기존 일회용 마스크를 패션의 시선으로 재해석한 컨템포러리 페이스 웨어 브랜드입니다.
아이솔브,https://usercontents-c.styleshare.io/images/35325998/700x394,"눈가 전문 케어 코스메틱, 아이솔브
블루라이트의 자극에 노출된 당신을 위한 루테인을 포함한 6가지 유효성분 콤플렉스 솔루션"
아이스펌킨,https://usercontents-c.styleshare.io/images/42532428/700x394,호박 추출물 함유로 다리를 산뜻하게
아이엘 컴퍼니,https://usercontents-c.styleshare.io/images/41466684/700x394,"집안을 편안하고 아름답게 만들어주는 실용적인 인테리어 디자인 브랜드 아이엘. 
감각적인 인테리어 가구 및 리빙용품 - 보다 나은 품질과 합리적인 가격으로 직접 제품을 생산하고 판매하고 있습니다. 
고객님께 보다 좋은 가격과 좋은 상품으로 다가갈 수 있도록 앞으로도 노력하겠습니다."
아이엠헤이,https://usercontents-c.styleshare.io/images/21774671/700x394,
아이오스 뷰티,https://usercontents-c.styleshare.io/images/31696666/700x394,"경희대학교 피부생명공학센터의 기술력과 노하우를 기반으로 만들어진 스킨바이오 기업인 아이오스 뷰티는 면역조절 기능과 콜레스테롤 억제
기능이 있는 K8균주로 LTA를 만든 유산균 마스크팩입니다. 다양한 특허개발과 피부효능분석 및 피부 임상 실험 수행을 통해 더 나은 피부케어를 위해 노력하고 있습니다."
아이오페,https://usercontents-c.styleshare.io/images/43228679/700x394,"아이오페는 피부부터 소재, 기술까지 모든 과정에 걸쳐 심도 있는 연구를 합니다.
이를 기반으로 정확하고 차별화된 피부 진단을 통해 피부 미래를 예측하고 맞춤 솔루션을 제안하는
연구소 기반의 고기능성 스킨케어 브랜드입니다."
아이캔디,https://usercontents-c.styleshare.io/images/20302162/700x394,아이캔디(EYE CANDY)는 단 한번의 빗질로 완성하는 찰랑이는 매끄러운 머릿결 그리고 자연스러운 볼륨 스타일링의 헤어 브러쉬 브랜드입니다.
아이코노그라피,https://usercontents-c.styleshare.io/images/35061338/700x394,"ICONOGRAPHY

Based on nature, Sustainable textile, , Cultural life style, Ecology
Androgynous non ages
iconography, Structuralism, Post-modern,

Vintage, Heterogeneous, Contemporary character label.

자연의 조화로움에, 자연회귀 지속가능 소재,  다양한 문화 생활 양식,
생태학, 앤드로 지너스,
도상학, 구조주의, 포스트 모던,
빈티지, 이종적, 현시대미학의 캐릭터 레이블"
아이크라운,https://usercontents-c.styleshare.io/images/41813757/700x394,"튼튼하고 세련된 모바일 액세사리 전문 브랜드, 에어팟케이스, 갤럭시버즈케이스, 강화유리, 스마트폰케이스 전문 브랜드 입니다."
아이크아이크,https://usercontents-c.styleshare.io/images/40274276/700x394,"I like myself~ I like myself
내츄럴하고 순수한 아름다움을 추구하는 로라로라의 뷰티라인
있는 그대로의 나의 개성과 매력을 찾아주는 뷰티브랜드"
아이태미,https://usercontents-c.styleshare.io/images/36657777/700x394,
아이홉소(IHOPESO),https://usercontents-c.styleshare.io/images/42074055/700x394,"IHOPESO의 스타일리시하면서 특별하고,
자연스러운 디자인은 10대만의 트렌디한 감성을 담아냅니다."
아일랜드 슬리퍼,https://usercontents-c.styleshare.io/images/41023467/700x394,아일랜드슬리퍼(ISLANDSLIPPER)는 하와이 오하우 섬에서 1946년에 시작한 브랜드로 최고의 소재와 핸드메이드 기법으로 튼튼하고 오랫동안 편안하게 신을 수 있는 고급 슬리퍼만을 만듭니다. 아일랜드슬리퍼는 환경을 해치지 않는 친환경 소재와 건강한 생산 기술에 대해 끊임없이 고민과 개발을 지속하며 이러한 노력의 결과로 전 세계의 많은 사람들에게 사랑을 받고 있습니다.
아일리드,https://usercontents-c.styleshare.io/images/25522142/700x394,AISLEAD(아일리드)는 AISLE과 LEAD의 합성어로 ‘길을 안내하다’라는 브랜드 명을 내포하고 있습니다. 같은 길을 공유하는 열린 브랜드 모토로 시크&이지 라이프 스타일을 추구합니다.
아임낫어휴먼비잉,https://usercontents-c.styleshare.io/images/32637019/700x394,"2015년 그래픽 디자이너 Lil' Deezy 가 런칭한 ""I Am Not A Human Being""은  서울을 기반에 둔 스트릿브랜드 입니다.
브랜드네임이 가지고 있는 뜻은 ""나는 인간이 아니다"" 라는 슬로건으로  인간이 고리타분한 아이디어와 디자인을 탈피하여 Lil'Deezy 만의 아이덴티티를 불어넣은 디자이너 브랜드입니다.
옷의 생산과정부터 Lil Deezy Designer 가 직접 관여하여  일본 특유의 해체적인 패턴과 고집있는 재봉방식을 사용하여 높은 퀄리티로 제작되었으며,
옷의 그래픽 컬러링과 원단의 믹스매치 전개로 니즈를 충족하기위해 다양히 전개하였습니다.
또한 옷의 그래픽으로 메세지를 전달하여 항상 같은것을 추구하는 Same Old Shit 에서 벗어나 레어함을 추구하는 새로운 장르의 스트릿브랜드입니다."
아임미미,https://usercontents-c.styleshare.io/images/19813430/700x394,예뻐지기 위한 과정이 복잡하고 어려울 필요 있나요? 더 쉽게 (EASY) 매일 새롭게 (NEW) 재미있게 (FUN) 아임미미는 메이크업 라이프를 더욱 활기차게 만들어줄 거에요!
아임쉐이크,https://usercontents-c.styleshare.io/images/a1dbd731-4f61-4be3-b61f-22c4ae95e1ff/700x394,
아쵸,https://usercontents-c.styleshare.io/images/38797844/700x394,"프리미엄 캐주얼 브랜드 아쵸는 자유와 조화의 상징으로 피부와 어우러지는 편안한 색감과 
인체 본연의 아름다움을 극대화 시키는 디테일에 중점을 두고 있습니다."
아치오,https://usercontents-c.styleshare.io/images/19767852/700x394,"ACHIO(아치오)는 미니멀리즘을 추구하는 여성들을 위한 컨템포러리 브랜드입니다. 여성의 아름다움을 클래식과 위트를 통해 풀어내고 있으며, 매 시즌 새로운 룩을 제시하여 트렌드를 만들어 가는 것을 목표로 하고 있습니다."
아케이드코드,https://usercontents-c.styleshare.io/images/41712403/700x394,"80,90년대 우리가 자라며영향 받아온 다양한 음악과 영화 문화에서 받은 영감을 
아케이드코드만의 새로운 감성적인 디자인으로 풀어냅니다."
아코스튜디오스페이스,https://usercontents-c.styleshare.io/images/40159640/700x394,"아코스튜디오스페이스는 3명의 AQO가 서울을 기반으로 전개하는 브랜드이다. AQO는 모든 분야와 주제에 뛰어난 독특하고, 아름답고 똑똑한 소녀를 뜻한다. 아코는 당신을 포함한 모든 사람의 좋은 친구가 될 수 있다. 세명의 AQO는 디테일에서 신선함을 찾을 수 있는 옷을 만들고자 한다."
아쿠아사봉,https://usercontents-c.styleshare.io/images/42357605/700x394,은은한 비누향을 담은 향수 아쿠아사봉
아크네,https://usercontents-c.styleshare.io/images/42759154/700x394,"ACNE(아크네)는 광고와 영화, 그래픽 디자인 작업물 등을 제작하는 제작사로 시작한 스웨덴 베이스의 아크네 스튜디오. 조니 조한슨에 의해 설립된 이 브랜드는 새로운 표현을 창조하는 열정(Ambition to Create Novel Expression)이라는 모토를 가지고 있습니다."
아크미코드,https://usercontents-c.styleshare.io/images/32949023/700x394,"ACME: the point at which someone or something is best, perfect, or most successful.
아크미를 만난 당신이 가장 훌륭하거나, 가장 완벽하거나, 또는 가장 성공적이길 바라는 마음이다."
아키아,https://usercontents-c.styleshare.io/images/29882469/700x394,
아키요루,https://usercontents-c.styleshare.io/images/22780127/700x394,"あき(아키): 틈새 + よる(요루): 스며들다
빠르게 변화하는 흐름 속 틈새를 찾아 아키요루만의 재패니즘 블랙 스트릿 무드로 스트릿피플 속에 스며들겠다는 슬로건을 뜻합니다."
아키클래식,https://usercontents-c.styleshare.io/images/24459046/700x394,패션과 스포츠의 하이브리드를 추구하는 아키클래식은 특유의 편안한 착화감과 트렌디한 디자인으로  유명 셀레브리티 및 패션피플들에게 꾸준히 사랑받고 있습니다.
아타르,https://usercontents-c.styleshare.io/images/39402541/700x394,"아타르는 히브리어로 몸에 천을 두르다라는의미입니다. 아타르는 19년도 부터 테크웨어+고딕웨어를 결합하여 전개 하는

세이프하우스(SAFEHOUSE)와 캐주얼웨어(casual wear)로 일상의 즐거움이라는 가벼운주제로 위트를 표현하는

아타르(ATAR)로 라인을 나누어 전개합니다."
아텀스튜디오,https://usercontents-c.styleshare.io/images/33775746/700x394,"아텀스튜디오는 모드룩을 기반으로 아방가르드한 패션아이템을 제시하며
디자이너가 가지고 싶은 제품이라는 철학을 기반으로 디자인 합니다."
아토팜,https://usercontents-c.styleshare.io/images/40157834/700x394,민감하고 건조한 아기 피부케어
아트레이블,https://usercontents-c.styleshare.io/images/27327679/700x394,"일상이 더 감각적이길 바라는 마음에서 시작한 브랜드입니다.
차별화된 인물 사진을 시작으로 디자인, 패션, 애견 라이프 스타일까지 다양한 분야에서 
아트레이블만의 감각을 더한 브랜드를 만들어 가고 있습니다."
아틀리에파크,https://usercontents-c.styleshare.io/images/35851217/700x394,"Atelier Park는 일상에서 늘 마주하는 제품들로 채워진 아티스트들의 브랜드입니다.
단순한 구조, 명료한 색체를 강조한 제품들을 시즌과 관계없이 선보이며, 클래식한 무드를 섬세하게 표현한 가방, 스카프, 악세서리라인을 전개하고 있습니다."
아티스트웨어,https://usercontents-c.styleshare.io/images/31823759/700x394,"대한민국 아티스트분들을 응원하고, 콜라보하는 브랜드! 누구나 입을 수 있지만 모두가 가질 수 없는 특별한 한정판 ""콜라보 웨어"""
아틱,,
아파트걸,https://usercontents-c.styleshare.io/images/39791293/700x394,APARTGIRL(아파트걸)은 여성향의 유니섹스 도메스틱브랜드입니다. 10대~20대의 니즈를 채울수 있는 트렌디함과 그들이 구매하는 합리적인 가격을 기본 베이스로 선정하여 모든 요소를 최적 가성비에 맞춰 소비자들에게 합리적인 소비를 제시합니다. 우리 사회 근처에 일상의 모든 요소들이 우리의 영감이 되는 컨템포러리 브랜드입니다.
아페리레,https://usercontents-c.styleshare.io/images/33595442/700x394,
아페쎄,https://usercontents-c.styleshare.io/images/42925602/700x394,"A.P.C.는 의류부터 라이프스타일까지 생산하는 프랑스의 복합적 컬쳐레이블 브랜드입니다.
Atelier de Production et de Creation의 약자로 생산과 창조의 작업실이라는 뜻이며, 확고한 브랜드의 철학이 담겨있습니다."
아프로시스템,https://usercontents-c.styleshare.io/images/33568855/700x394,"‘모발이 숨쉬는 시간’
‘자연 그대로를 느끼다’
안심하며 사용할수있는 헤어케어브랜드"
악셀아리가토,https://usercontents-c.styleshare.io/images/42759430/700x394,
안나수이,https://usercontents-c.styleshare.io/images/19558630/700x394,안나수이의 컬렉션은 패션 세계에서 가장 창조적인 여정의 중심으로 여러분을 안내합니다. 그녀는 현대 문화에 대한 자신의 관심에 빈티지 스타일을 결합하여 활기 넘치고 독창적인 최신 스타일을 탄생시킵니다.
안다르,https://usercontents-c.styleshare.io/images/42379176/700x394,"안다르는 ‘Body Positive’, ‘자신의 몸을 사랑하자’라는 철학을 담은 엑티브웨어 브랜드입니다. 밝고 긍정적인 에너지를 주는 에슬레져룩이 한정된 공간에서 뿐만 아니라 데일리웨어로 자리잡을 수 있도록 건강한 문화를 만들어가고 있습니다."
안드레아 아이큐즈,,
안마닥터,https://usercontents-c.styleshare.io/images/23687672/700x394,안마닥터는 언제어디서나 편안하게 즐기는 바디케어를 표현한 브랜드입니다.
안스미엘,https://usercontents-c.styleshare.io/images/35766861/700x394,"어느날 행운처럼 찾아온 안스미엘
반복되는 일상에서도 소소한 행복을 찾고 즐기는 당신을 위해 탄생한 디자이너브랜드 안스미엘
보는 이를 설레게하고 행복해지며 시간이 지날수록 그 진가를 느낄수 있는 제품을 선보입니다"
안야힌드마치,https://usercontents-c.styleshare.io/images/42727242/700x394,안냐 힌드마치(Anya Hindmarch)는 1987년 영국 런던에서 탄생한 악세서리 브랜드로 영국 특유의 장인정신이 돋보이는 고품질 디자인 브랜드이다.
알란스미시,https://usercontents-c.styleshare.io/images/19027614/700x394,ALAN SMITHEE(알란스미시)는 테일러드 남성복을 바탕으로 매우 절제된 터치를 가미한 매일 입을 수 있는 실용적인 모던 컨템포러리 브랜드입니다.
알렉산더 맥퀸,https://usercontents-c.styleshare.io/images/42849277/700x394,
알로곤,,
알리오,https://usercontents-c.styleshare.io/images/40021936/700x394,ALIO는 언제 어느곳에서나 포인트가 될수 있는 디자인은 물론 생활의 가치를 높여주는 디지털 기기를 만듭니다.
알비에로마르티니,https://usercontents-c.styleshare.io/images/42759412/700x394,
알슨,https://usercontents-c.styleshare.io/images/19282006/700x394,"스케이트 보드, 스노우 보드, 힙합들의 젊은이(YOUNG)들의 자생적인 거리 문화가 인정받지 못하던 시절, 어린시절부터 꿈꿔왔던 미국의 스트릿 브랜드만 동경해왔던 스노우보더들이 재해석하여 풀어놓은 스트릿패션 브랜드 알슨(arson)입니다."
알슨코리아,https://usercontents-c.styleshare.io/images/39613687/700x394,"2003년 런칭한 자유로운 LIFE STYLE을 추구하며 젋음의 영혼을 깨우는 스트릿케쥬얼 브랜드로 청바지, 티셔츠,모자,가방등 남녀 토탈 케쥬얼 브랜드 입니다. 기존 스트릿 브랜드에서 부족했던 아기자기한 귀엽고 다양한 케릭터로 재미를 추가시킨 티셔츠와 다양한 핏의 청바지와 모자, 가방등 알슨만의 패션을 추구 합니다."
알에스브이피,https://usercontents-c.styleshare.io/images/37964008/700x394,"RSVP (알에스브이피, 흐뻥데씰부쁠레)는 7080 아메리칸 유스컬쳐와 그것만의 빈티지한 색채를 동시대적 시각으로 재해석합니다. 'PARTY'를 브랜드의 메인테마로, 매 시즌은 각기 다른 종류의 파티를 컨셉으로 구성되고, 시즌별로 각각의 파티에 어울리는 'DRESS CODE' 를 그 특유의 레트로 감성을 담아 다양한 스타일들로 제시합니다. RSVP girl은 cool & girlish, 혹은 messy & nerdy 그 어딘가의 복잡한 동시대 20대 여성상을 표방합니다. RSVP는 얽매임보다는 자유로움과 다양성을 추구합니다. 세상에 단 하나의 파티만이 존재하는 것이 아니듯, 단 하나의 스타일에 얽매이지 않습니다. 그저 편한 몸과 마음으로 친구들과 어울려 놀고자 합니다. 나사가 하나쯤 빠져도 이상하지 않을 RSVP 의 파티에 여러분을 초대합니다."
알엔더블유,https://usercontents-c.styleshare.io/images/42222114/700x394,"Renew Your Skin
미니멀리즘 더마 코스메틱 알엔더블유"
알티야 오가닉스(ALTEYA ORGANICS),https://usercontents-c.styleshare.io/images/35753294/700x394,"화장품이 피부가 먹는 음식이라면 최대한 자연에 가까워야한다.
불가리아 로즈밸리에서 3대째 이어온 알티야 오가닉스의 기술력으로 최고급 장미 품종인 다마스크 장미를 직접 유기농으로 재배하고 수확하는 세계적인 프리미엄 오가닉 브랜드입니다."
알파인더스트리,https://usercontents-c.styleshare.io/images/42759369/700x394,"ALPHA INDUSTRIES(알파 인더스트리)는 1959년 테네시주 녹스빌에서 공장을 개설해 창업한 브랜드입니다. 미국 국방성의 육, 해, 공군 및 해병대원들을 보호하는 플라이트 재킷이나 코트류를 제공하는 오피셜 서플라이어로서 엄격한 필스펙(군대의 규율)을 엄수하며 생산하고 있는 의류 브랜드입니다. 군수품과 일반인들에게 판매되는 재킷에 그레이드 차이가 있던 타 업체에 비해 ALPHA INDUSTRIES 사의 제품은 일반인들에게 판매되는 제품과 파일럿이나 지상요원 그리고 세계 각지의 미군 기지에서 착용하고 있는 재킷과 같은 그레이드로 판매됩니다."
알프츠,https://usercontents-c.styleshare.io/images/25502193/700x394,"습관 속 아름다움을 지키는 뷰티하우스 알프츠
(Analysis of Life Pattern & Change a Habits)"
앙뜨삭스,https://usercontents-c.styleshare.io/images/41708232/700x394,공장을 보유한 자체 생산으로 합리적인 가격에 고품질과 양말 본연의 기능을 추구하는 가성비가 우수한 양말 맛집 브랜드이다
앙스스킨,,
애니띵엘스,https://usercontents-c.styleshare.io/images/19027558/700x394,"Anything, Any time, Anywhere. Simple but Unique Custom Accessories Brand."
애드호크,https://usercontents-c.styleshare.io/images/42020331/700x394,AD HOC(애드호크)는 깔끔하고 정제된 스타일링과 포멀과 캐주얼의 균형을 추구하는 브랜드입니다.
애즈이즈투비,https://usercontents-c.styleshare.io/images/35351508/700x394,애즈이즈투비는 현재(As is)보다 더 나은 피부와 함께 더 나은 (To be) 라이프스타일을 지향하는 저자극 스킨케어 브랜드입니다.
애티클스튜디오,https://usercontents-c.styleshare.io/images/18838923/700x394,"ATICLE STUDIO(애티클 스튜디오)은 많은 사람들이 일상의 곳곳에서 보다 자유롭고 활동적인 삶을 살아가길 바랍니다. 스포티한 요소를 기본 베이스로 하며, 기능성 소재의 다양성을 패셔너블하게 재해석한 어슬레틱 라이프웨어입니다."
애플앤딥,https://usercontents-c.styleshare.io/images/37739061/700x394,애플앤딥은 현대 도시적인 문화에 뿌리를 둔 디자이너 브랜드입니다. 여러가지 작업들을 함께 발매하여 다양한 서브컬처의 영역에서도 활동합니다. 결과적으로 현대의 세련된 문화를 반영하는 것을 목표로 하고 있습니다.
액센트,https://usercontents-c.styleshare.io/images/39069538/700x394,스칸디나비안 패션잡화 액세서리 브랜드 ACC:SCENT는 accessory의 ACC와 향기를 뜻하는 SCENT의 합성어로 패션의 향기가 되고자 하는 패션잡화 액세서리 전문 브랜드입니다
액티브,,
앤니즈(&needs),https://usercontents-c.styleshare.io/images/42020466/700x394,"앤니즈(&needs)는 '감성을 함께 나눈다'는 의미의 디자이너 주얼리 브랜드입니다.
클래식한 감성과 다양한 사람들의 니즈를 함께 이야기하며 앤니즈만의 감성을 나타내는 것이 앤니즈가 지향하는 목표입니다."
앤드씨유,https://usercontents-c.styleshare.io/images/20108068/700x394,"앤드씨유(ANDSEEYOU) 는 100% 국내 제작이며 모던,심플,이지 3가지를 기본으로 한 디자인입니다. 30년 숙련공들과 함께최선을 다해 상품의 퀄리티를 생각하며 만들어 나갑니다."
앤드어패럴,https://usercontents-c.styleshare.io/images/37133206/700x394,"앤드어패럴은
 ACTIVEWEAR로서 10년이상의 의류 제작 및 스포츠웨어 
제작 전문가로 구성된 디자인 회사입니다.
수천 개 이상의 회사가 운영하는 홈페이지와 쇼핑몰을 통해 디자인 
노하우와 생산기술을 보유하고 있습니다.
다양한 생산 경험을 통해 고객의 요구를 이해함으로써 고품질 디자인 
제품을 연구하고 개발할 것입니다.
또한 고객들의 정직한 구매 내역과 변함없는 사랑에 진심으로 감사드립니다.
항상 진실로 디자인하는 회사가 될 것을 약속드리겠습니다."
앤디아더,https://usercontents-c.styleshare.io/images/41183556/700x394,"ANDTHEOTHER(앤디아더)는 ""그리고+다른하나""의 합성어로 새로운 가치를 제안하는 YOUTH CASUAL 입니다.
새롭게 창조되는 문화 속에 급변하는 트렌드를 재해석하여 앤디아더만의 시각으로 표현합니다."
앤랩,https://usercontents-c.styleshare.io/images/20957580/700x394,"앤랩(andLAB)은 피부의 근원적 요소를 건강하게 하고, 피부가 최적의 보습상태를 쾌적하게 유지할 수 있도록 고객만족 극대화를 목표로 연구합니다."
앤쏘,https://usercontents-c.styleshare.io/images/23258617/700x394,디자이너와 브랜드 아이템을 모티브로 제작하고 있어 좋은상품을 합리적으로 판매하는 브랜드 앤쏘입니다.
앤커버,https://usercontents-c.styleshare.io/images/33885643/700x394,"앤커버는 일상에서 일어나는 다양한 일들을 과하지 않은 컬러감을 담아
평상시에도 매치가 가능한 아이템을 기반으로 전개하며 매시즌 흥미롭고 위트있는 컨셉으로 앤커버만의 감성을 녹여 풀어내는 유니크브랜드입니다."
앤트로포이드,https://usercontents-c.styleshare.io/images/34529027/700x394,앤트로포이드는 휴머니티를 기반으로 트렌드와 심플함을 결합시켜 세련되고 여유롭게 Artwork를 풀어 나갑니다.
앨리스마샤,https://usercontents-c.styleshare.io/images/21018775/700x394,"ALICEMARTHA(앨리스마샤)는 불어로 고귀하다의 의미가 담긴 ALICE와 귀부인을 뜻하는 MARTHA를 합성하여, 앨리스마샤를 소유한 모든 이들은 가방 자체만으로 기품 있어 보일 수 있다는 의미입니다."
앨빈클로,https://usercontents-c.styleshare.io/images/34704201/700x394,"앨빈클로는 2011년 런칭한 유니섹스 캐쥬얼 브랜드입니다. CASUAL.SPORTY.ACTIVE.TRENDY,UNIQUE를 주 컨셉으로 하여 로고와 캐릭터를 디자인화 하여 개성넘치게 표현했습니다."
앰플로지,https://usercontents-c.styleshare.io/images/33597232/700x394,"앰플로지는 앰플과 테크놀로지의 합성어로, 앰플이 최적의 기술을 만나 피부에 꼭 맞는 제품을 직접 만들어 쓸 수 있는 스킨케어 라인이며, 스킨메시지는 피부가 보내는 메시지에 대응하여 피부가 가장 반가워할 답장을 보낼 수 있는 기초제품 라인이다."
앰플엔,https://usercontents-c.styleshare.io/images/89048ad7-0c07-450a-b8d1-2f5bebdaa3eb/700x394,앰플엔은 피부 고민을 집중적으로 케어 할 수 있도록 앰플중심으로 라인업을 구성한 앰플 기반 더마 브랜드입니다.
앱놀머씽,https://usercontents-c.styleshare.io/images/40455119/700x394,ABNORMALTHING(앱놀머씽)은 그래픽디자이너 RIO에 의해 만들어진 브랜드입니다. 일렉트로닉 뮤직을 기반으로 한 언더그라운드 컬처를 지향하며 ABNORMAL 한 것들을 추구한다는 의미로 탄생한 스트리트 브랜드입니다.
야식의천사,https://usercontents-c.styleshare.io/images/28456761/700x394,"""건강한 다이어트를 찾다""
야식의 천사는 한국인의 식습관에 가장 적합하게 작용하는 다이어트 건강기능식품입니다."
야츠,https://usercontents-c.styleshare.io/images/22074200/700x394,YATS(야츠)는 좋은 소재와 품질로 오래 간직할 수 있는 것을 만듭니다. 특정 스타일에 국한되지 않는 디자인을 시즌마다 선보입니다.
어 프레젠트 박스,https://usercontents-c.styleshare.io/images/18838973/700x394,"A PRESENT BOX(어 프레젠트 박스)는 특별한 날 선물 같은 고감도 패션 브랜드, 신진 브랜드, 유니섹스 캐주얼입니다."
어거스트나인,https://usercontents-c.styleshare.io/images/21559949/700x394,"AUGUST9(어거스트나인)은 유니섹스 베이직 캐쥬얼을 지향하는 2017년에 런칭한 컨템포러리 브랜드입니다.합리적인 가격의 제품을 추구하는 동시에 가격이상의 합당한 최상의 퀄리티와 디자인을 추구합니다.유행과 짧은 트랜드보다“심플하지만 세련된 실루엣,그리고 퀄리티”의 브랜드 정체성을 기반으로 데일리 캐쥬얼웨어부터 포멀웨어까지 다양한 영역으로 브랜드 아이덴티티를 정립할 예정입니다."
어글리쉐도우,https://usercontents-c.styleshare.io/images/41907160/700x394,"UGLY SHADOW는 '못생김을 감추가' 의미로 얼굴의 못생김이 아니라, 패션의 못생김을 감추자는 의미로 매력적인 1990년대의 레트로패션의 영감을 받아 재해석하여 제작하게 되었습니다."
어나더썸씽,https://usercontents-c.styleshare.io/images/37224841/700x394,"Anothersomething˚C(어나더썸씽)은 우리가 살고 있는 

도시의 또 다른 무언가를 찾는 것에서 시작합니다.


현대인의 라이프 스타일,변해가는 도시의 감성,예술문화,

사물기반 전반의 영감을 받아 과거와 미래 전통과 

트렌드를 접목하며 디자인으로 표현합니다."
어나더프레임,https://usercontents-c.styleshare.io/images/42706188/700x394,ANOTHER FRAME(어나더프레임)은 옷의 경계 없는 스타일의 모습을 담고자 브랜드만의 컬러와 사이즈를 만들어내 더욱더 가치 있고 유니크한 옷을 만들려고 합니다. 베이직하지만 트렌디한 감성이 묻어나는 웨어 브랜드입니다.
어나더플래닛,https://usercontents-c.styleshare.io/images/18839080/700x394,"ANOTHER PLANET(어나더플래닛)은 미니멀함을 추구합니다. 익숙한 듯 하면서도 낯선, 부족한 것처럼 보이지만 그 자체로 완벽한 주얼리를 디자인합니다. 트렌드에 지쳐 자신만의 개성에 목이마른 당신이라면 잘 오셨습니다. what you want, where you are ANOTHER PLANET"
어니시,https://usercontents-c.styleshare.io/images/40741308/700x394,민감하고 까다로운 '피부 고민'을 위한 순한 성분의 화장품 브랜드입니다.
어드바이저리,https://usercontents-c.styleshare.io/images/42031385/700x394,ADVISORY(어드바이저리)는 미국 스트릿 무드를 기반으로 디자인하는 youth 브랜드입니다.
어바웃시티,https://usercontents-c.styleshare.io/images/37759112/700x394,"ABOUT CITY는 스트리트 캐주얼 브랜드를 기반으로 'think about city view' 라는 슬로건아래
매시즌 도시(City)라는 타이틀을 통해 얻은 영감으로 도시속 이면에 대한 다양한 해석과 메세지를 담아
현대적인 감각으로 디자인하여 전개해나가는 브랜드 입니다."
어반,https://usercontents-c.styleshare.io/images/61aead11-cf9c-4eb6-b452-4bb5c9ca251a/700x394,"Project by
AVAN_DRESS
A guide , A leader 라는 뜻의 aVAN 은
일상복처럼 무심하게 착용하는 다채로운 스트릿
감성과 니즈(Needs)에 대응한 맞춤형 브랜드 입니다 .

어반(AVAN)의 상품 퀄리티와 소싱에 대한 신뢰와 투명성,
그리고 진정성을 소비하는 합리적인 브랜드로 자리잡고자 항상
항상 고무적인 자세로 모든 생산과 디자인에 총력을 기울이고 있습니다."
어반더룸,https://usercontents-c.styleshare.io/images/ff6fcb6a-bbb8-42f4-aabc-f126deb25473/700x394,
어반디타입,https://usercontents-c.styleshare.io/images/21186792/700x394,"URBANDTYPE(어반디타입)은 유니크하고 재미있는 해석을 입힌 셔츠를 디자인을 생산합니다. 단기적으로는 셔츠를 통해 어반디타입의 생각을 전하고, 나아가서 전반적인 의류에 어반디타입의 생각을 더하여 다양한 문화와 예술의 연결고리를 만들고자 합니다. URBANDTYPE 의 뜻은 URBAN(현대의 도시적인)과 DETAIL(섬세한) 그리고 TYPE(형태)의 합성어로써, 디테일이 살아있는 세련된 디자인 형태의 의류를 선보인다는 의미입니다."
어반에이지,https://usercontents-c.styleshare.io/images/32091506/700x394,"URBANAGE(어반에이지)는 개성을 중시하고 자기표현 욕구가 강한 MILLENIALS 세대에 , 10대와 20대의 독특한 정체성을 부여한 YOUTH CULTURE의 조합으로, 유니섹슈얼과 스트릿,스포티,베이직 등 다양한 올라운드 캐쥬얼 스타일을 선보입니다."
어반플레이어스,https://usercontents-c.styleshare.io/images/23012221/700x394,URBAN PLAYERS(어반플레이어스)는 스트리트 캐주얼을 컨셉으로 하는 브랜드로서 편안하고 대중적인 BASIC라인을 기본으로 어반 라이프 스타일에 바탕을 두고 있습니다.
어번던스,https://usercontents-c.styleshare.io/images/41432217/700x394,"어번던스는 풍요로운 삶을 꿈꾸는 이들을 위해
시간이 지날수록 가치가 더해지는 라이프 스타일 아이템을 디자인합니다."
어썸스트로베리,https://usercontents-c.styleshare.io/images/20292398/700x394,잔잔한 일상에 따뜻한 낭만을 선물하는 일러스트레이터&디자이너 어썸스트로베리입니다.
어커버,https://usercontents-c.styleshare.io/images/43037895/700x394,"ACOVER(어커버)는 서로 다른 개개인이 모여 즐거움이라는 코드를 지향점으로 삼아, 의류 제작과 함께 다양한 콘텐츠들의 조화를 이루어 보는 이들에게 어커버만의 자연스러운 다가감이 되었으면 하는 브랜드입니다."
어코,,
어파티,https://usercontents-c.styleshare.io/images/25055001/700x394,"EXPLORING a fati OF TODAY
나의 향기가 운명을 바꾼다.

나도 모르는 사이 나의 몸은 내 운명을 바꾸고 있다는 모티브로 시작된 맞춤형 바디향기테라피 솔루션 A.Fati
힐링&엔조이 라이프를 선호하는 세대를 겨냥한 바디 전문 브랜드 A.Fati
오늘 내 운명(a fati)을 찾아라!"
어패럴싯,https://usercontents-c.styleshare.io/images/35902351/700x394,APPARELXIT(어패럴싯)은 젊은 문화에 이념을 두어 현대적으로 재해석하는 컨템포러리 유니섹스 캐주얼 브랜드입니다.
어퓨,https://usercontents-c.styleshare.io/images/356d935b-b68d-40de-b089-f6053eaaae60/700x394,"Wearable trend

20대 여성들이 선호하는 다양한 컬러와 텍스처로 웨어러블한 스타일을 제안합니다.

Unique Idea

참신하고 톡톡 튀는 아이디어로 203ㅐ 여성들만이 가진 독특한 매력을 어필할 수 있도록 도와 드립니다.

Pure Energy

민감한 20대 피부에 순하고 부드러운 성분이 가진 순수한 에너지를 선사합니다."
어프어프,https://usercontents-c.styleshare.io/images/42378781/700x394,EARP EARP는 유니크함과 키치한 컬러감을 라이프스타일 카테고리에 담아 소개하는 브랜드 입니다.
어피스오브케이크,https://usercontents-c.styleshare.io/images/19558705/700x394,"APOC(어피스오브케이크)는 스트리트 감성을 기반으로 2015년 11월에 론칭한 영캐주얼 패션 브랜드입니다. 특별한 날 주고받는 ""케이크""선물처럼, 반복적이고 평범한 듯한 우리의 일상을 ""한 조각의 케이크""처럼 따듯하게 만들어 줄 것입니다."
어헤즈,https://usercontents-c.styleshare.io/images/35799617/700x394,
언노운,https://usercontents-c.styleshare.io/images/24592295/700x394,"언노운은 캘리포니아의 중심인 LA DOWNTOWN을 베이스로 전통적인 
드레스 슈즈와 캐주얼한 스니커즈의 특징을 조화롭게 믹스한 새로운
Footwear브랜드입니다."
언더닷,https://usercontents-c.styleshare.io/images/22129472/700x394,"UNDERDOT(언더닷)은 “The Seed of Fashion(패션의 씨앗)”이라는 슬로건을 담은 브랜드입니다. 디자이너의 감성을 담은 제품이, 고객과 소통하여 꽃을 피운다는 의미를 담고 있으며, 남녀노소 불문하고 누구나 입을 수 있는 non-age target을 추구합니다. 일상적이지만, 트렌디하며, 심플하지만 세련된 실루엣의 컬렉션을 진행하고 있습니다."
언더라벨,https://usercontents-c.styleshare.io/images/58b782f3-b0cd-4bb1-b9a6-fa754df42153/700x394,"언더라벨은 유니섹스 컨템포러리 디자이너 브랜드입니다.
누구든지 언제, 어디서나 부담없이 입을 수 있는 웨어러블한 디자인을 추구하며, 서브컬처를 기반으로 위트있고 재미있는 요소로 언더라벨만의 아이덴티티로서 다양한 사람들에게 하나의 문화로 자리매김 하고자 합니다."
언더베이스,https://usercontents-c.styleshare.io/images/24803081/700x394,"미니멀과 심플을 베이스로 각기다른 개성속에서 컬러의 기본이 되는
블랙과 화이트를 UNDERBASE만의 감성으로 유니크함을 재해석하다."
언더아머,https://usercontents-c.styleshare.io/images/21785689/700x394,
언더유스,https://usercontents-c.styleshare.io/images/42606009/700x394,"언더유스 (UNDERYOUTH) 는 스트릿 서브컬쳐를 베이스로 하는 스트릿캐쥬얼 브랜드입니다. 
언더에이지(UNDER-age) & 유스컬쳐(YOUTH-culture) 에 영감을 얻어 디자인 된 브랜드입니다.
퀄리티한 다양한 제품들과 디자인은 데일리 유니섹스 스트릿&캐쥬얼웨어로서의 기본적 니즈를 충족시킵니다."
언더크로스,https://usercontents-c.styleshare.io/images/23758875/700x394,
언라이크룩,https://usercontents-c.styleshare.io/images/32555862/700x394,"언라이크룩(unlikelook)은 2014년 여름에 시작하여, 
스토리텔링을 기반으로 디자인하는 유니섹스 캐주얼 브랜드입니다. 작업은 사람들이 자연스럽게 느끼고 가장 가깝다고 생각하는 콘텐츠를 표현하며, UL.HOUSE의 생각에서부터 시작합니다.
옷 이외에 다양한 문화와 예술 활동에도 기여하며, 옷으로 다가가기에 앞서 이야기로써 대중들과의 소통에 큰 의미를 부여합니다."
언리미트,https://usercontents-c.styleshare.io/images/34249589/700x394,UNLIMIT(언리미트)는 2005년 정식 런칭된 언리미트는 contemporary한 감성으로 전개되는 브랜드입니다.베이직한 실루엣과 비비드한 색감으로 평범하지만 정형화 되지 않은 디자인과 합리적인 가격으로 트렌드에 민감하지만 자신만의 스타일을 즐기는 소비자들에게 매 시즌 다양하고 늘 신선한 높은 퀄리티의 제품을 선보입니다.
언리시아,https://usercontents-c.styleshare.io/images/41530816/700x394,"내가 더 나다워지는 공간, 언리시아"
언브라운,https://usercontents-c.styleshare.io/images/20525028/700x394,UNBROWN(언브라운)은 획일화된 사이즈 어저스터를 패턴 디자인과 함께 접목하여 다양성과 독특함의 조화에 중점을 둔 브랜드입니다.
언아웃핏,https://usercontents-c.styleshare.io/images/19558719/700x394,"AOTT(언아웃핏)은 ""올해의 트렌드 "" 뜻을 가지고 있습니다. 트렌드의 변화가 빠르게 흘러가는 패션 속에서 매년 트렌드의 변화를 Anoutfit만의 스타일로 해석하여 표현하는 아이덴티티를 가지고 있습니다. 트렌드패션을 Anoutfit의 감성으로 재해석하여 견고하고 만족스럽게 다가가려합니다."
언커먼,https://usercontents-c.styleshare.io/images/23292098/700x394,"2009년 미국에서 시작된 악세사리 브랜드로 Well-Designed, Highest Quality의 
디바이스 액세서리를 전개하고 있습니다. "
언코리,https://usercontents-c.styleshare.io/images/21191857/700x394,"더 좋은 가슴을 담은 패션, 그 완성을 위해 언코리의 기술과 열정, 그리고 사람이 함께합니다."
언트랙,https://usercontents-c.styleshare.io/images/21889757/700x394,"UNTRACK(언트랙)'은 뚜렷한 방향성을 가진 ‘대한민국 스포츠 브랜드’를 목표로 시작되었습니다. 라벨과 텍에 제조국 표기와 함께 ‘FROM KOREA’로 표기한 이유입니다. ""MAKE YOUR OWN WAY. THERE IS NO DEFINITE WAY"" 슬로건으로 스포츠 웨어를 ""RUN OFF THE TRACK"" 슬로건으로 라이프스타일 웨어를 만듭니다"
언헤이트,https://usercontents-c.styleshare.io/images/31717045/700x394,"UNHATE
 수많은 편견과 고정관념에 고통받고 차별받는 당신을 지지하는 단 하나의 브랜드로  Minority group의 Subculture에 영향을 받아 Genderless하고 Unique한 감성을 지향합니다."
얼라이브랩,https://usercontents-c.styleshare.io/images/25226370/700x394,DIFFERENT COSMETICS
얼모스트블루,https://usercontents-c.styleshare.io/images/42347923/700x394,"러블리한 소녀들의 선택, 얼모스트블루!"
얼스노트,https://usercontents-c.styleshare.io/images/33019269/700x394,[ 자연을 기억하기 위해 노트하다 Earth Note ]
엄브로,https://usercontents-c.styleshare.io/images/34057026/700x394,"[ 풋볼 웨어와 라이프스타일 웨어를 아우르는 스포츠 컬쳐 브랜드 ]
UMBRO(엄브로)는 영국맨체스터에 본사를 두고 있는 스포츠웨어 및 스포츠 장비를 제조하고 있는 축구브랜드이다.
엄브로 최초의 주요 축구 유니폼은 1934년 맨체스터 시티를 위해 제작되었는데, 이 해 맨체스터 시티는 FA컵 우승을 차지했다.
오늘날 엄브로는 축구 유니폼 분야에서의 오랜 전통과 현대적 축구 문화를 접목시켜서 성능과 스타일 모두 갖춘 획기적이고도 대표적인 축구 유니폼, 축구화 및 축구 용품을 제공하고 있다."
업타운리즈,https://usercontents-c.styleshare.io/images/42928708/700x394,"Find Your Leeds Days
도심 속 지친 나의 피부에게 리즈시절을 되돌려 주는 생활 밀착형 라이프 뷰티 브랜드"
에그플래닛,https://usercontents-c.styleshare.io/images/21191891/700x394,극손상 모발을 위한 헤어 케어 제품 에그플래닛입니다.
에네스티,https://usercontents-c.styleshare.io/images/37194379/700x394,"대한민국에서 가장 많이 팔렸던 화장품 중에 하나지만 알려지지 않았던, 광고비까지 아껴서 만들어 알려질수 없었던. 실용주의 화장품 에네스티"
에뛰드 하우스,https://usercontents-c.styleshare.io/images/19813425/700x394,에뛰드하우스는 달콤한 일상을 꿈꾸는 모든 여성들의 친구입니다. Life is Sweet.
에르네,https://usercontents-c.styleshare.io/images/21786783/700x394,
에르노,https://usercontents-c.styleshare.io/images/42889548/700x394,
에르모사제이,https://usercontents-c.styleshare.io/images/37759870/700x394,"에르모사:아름다운,예쁜,고운 
전체 순수 실버 제품으로 높은 퀄리티에 합리적인 가격의 제품을 보여드리는 실버 악세사리 ""에르모사제이"" 입니다."
에뮤(EMU),https://usercontents-c.styleshare.io/images/42034595/700x394,"EMU는 1948년에 설립된 AUSTRALLA 회사로서 최초로 UGG부츠를 제작하여 공급한 회사이며
청정환경에서 자란 메리노양의 양피를 사용하여 상품을 제작합니다."
에번라포레,https://usercontents-c.styleshare.io/images/19029042/700x394,EVANLAFORET(에번라포레)는 자연에서 오는 편한함을 주는 color와 overfit 에서 minimal한 요소 남자에 옷 같지만 여성에 감성이 묻어나는 natural look 을 추구하는 브랜드입니다.
에비츄,https://usercontents-c.styleshare.io/images/41813771/700x394,까망베르 치즈와 아이스크림을 좋아하는 에비츄의 소소한 이야기
에센스,https://usercontents-c.styleshare.io/images/32571537/700x394,"Try & Enjoy!
유럽 No.1 코스메틱 브랜드, 에센스
95% 유럽 생산 프리미엄 퀄리티!
트렌디하고 유니크한 컬러를 합리적인 가격대로 195개국에서 만날 수 있는 글로벌 브랜드"
에센허브,https://usercontents-c.styleshare.io/images/36663023/700x394,
에스더러브스유 x 츄,https://usercontents-c.styleshare.io/images/19029061/700x394,"일본 핫한 아티스트 에스더와 특급콜라보,에스더러브스츄 X CHUU"
에스더버니,https://usercontents-c.styleshare.io/images/35957478/700x394,에스더버니(Esther Bunny)는 귀엽고 세련된 토끼입니다.
에스디브이씨,https://usercontents-c.styleshare.io/images/18900289/700x394,SD/VC(에스디브이씨)는 New Athletic 을 통한 경험하는 의류입니다. 활동에 수반되는 경험을 통하여 단지 걸치고 있는 것만이 아닌 입고 활동하는 옷을 추구하는 브랜드입니다.
에스미라클,https://usercontents-c.styleshare.io/images/38557367/700x394,
에스비카,https://usercontents-c.styleshare.io/images/21528067/700x394,"SBKA(에스비카)는 2010년에 시작된 독립형 아이웨어 브랜드로써 트렌드한 아이웨어 제품 군을 가장 합리적인 가격에 소비자에게 제공하기 위하여 탄생한 브랜드입니다. 
합리적인 가격으로 소비자에게 다가가는 아이웨어 브랜드를 지향하고 있습니다."
에스엔스킨,https://usercontents-c.styleshare.io/images/24305507/700x394,
에스테틱하우스,https://usercontents-c.styleshare.io/images/25064233/700x394,일상속에 전문가의 손길을 담다.
에스토,https://usercontents-c.styleshare.io/images/21216158/700x394,"ESTO(에스토)는 스페인어로 이곳,이것을 뜻합니다. ESTO는 1900년대 중.후반의 의류,소품들을 현대적으로 재해석 해내는 브랜드 입니다. 2015 S/S(¡BUENOS DIAS!)를 시작으로 과거와 현재의 적절한 교차점을 만들어 내기 위해 노력하는 브랜드 입니다."
에스티로더,https://usercontents-c.styleshare.io/images/21194209/700x394,"에스티 로더 여사는 세상의 모든 여자들이 나이에 상관 없이 타고난 아름다움을 누릴 수 있다는 확고한 뷰티 철학으로 1946년 화장품 사업을 시작했습니다.
항상 최상의 제품들로 최상의 만족을 선사하기 위해, 에스티 로더는 브랜드의 시작부터 지금까지 과학기술 연구에 많은 노력을 기울여 왔습니다.
그 결과, 스킨 케어, 메이크업, 향수 등의 분야에서 혁신적이고 진보한 기술력에 기반한 훌륭한 품질의 화장품을 제공하는 세계적인 프레스티지 코스메틱 브랜드로 거듭났습니다."
에스티빠레트,https://usercontents-c.styleshare.io/images/37194707/700x394,"에스티빠레트(ST.8LET)는 스타일빠레트라는 뜻으로 물감속에서 막 꺼낸듯한 신선한 칼라감의 고퀄리티 가방을 
합리적인 가격에 제공하는 브랜드입니다. 가방 본연의 기능에 충실하기 위해 미니멀한 디자인을 지향하며, 
트랜드에 맞게 가방패턴을 수정하고 트랜드칼라를 입혀 에스티빠레트만의 엣지와 가치를 입혔습니다."
에스프로젝트,https://usercontents-c.styleshare.io/images/36722921/700x394,"Specific First Aid Kit for Beauty
뷰티고민 맞춤 DIY 프로젝트 S+Project는 고객님의 최적 피부상태를 위한 고민해결제안 프로그램을 운영중입니다."
에시드블랙,https://usercontents-c.styleshare.io/images/42706194/700x394,"ACIDBLACK(에시드블랙)은 긴 여정의 시작을 알리는 시즌으로 에시드블랙의 이름을 널리 알릴수 있는 제품들로 이루어졌습니다. 다양한 서브컬처를 기반으로 전통적인 스트릿 스타일을 표현하며, 높은 품질의 제품을 합리적인 가격으로 제안하여 조금 더 쉽게 대중들에게 다양한 문화를 전하기를 원합니다."
에쌍시엘,,
에어퀸,,
에어펀치,https://usercontents-c.styleshare.io/images/23230289/700x394,"‘The joy of fun ; 즐거움의 기쁨’ 이란 슬로건을 바탕으로 전개되는 ‘airpunch’ 는

팍팍한 오늘을 살아가는 그들에게 즐거움의 기쁨을 함께 나누고 싶다는 마음에서 시작되었습니다. 

‘airpunch’ 란 주먹을 쥐고 공중에 흔드는 모습으로 기쁨과 축하의 제스처라는 의미이며,

이를 우리만의 감성으로 해석하여 위트있는 컬러와 패턴으로 유쾌하고 활기찬 이미지를 재현하였습니다.

오버핏 사이즈 전개로 여성 뿐만 아니라 남성 또한 착용 가능한 토탈 유니섹스 캐쥬얼 브랜드 입니다."
에이글로우,https://usercontents-c.styleshare.io/images/42982725/700x394,에이글로우는 “After Glow(잔상과 여운)”를 모티브로 삼아 시대를 반영한 화려한 트렌드보다 옷이라는 본질에 포커스를 두어 견고한 봉제와 탄탄한 소재 등의 기본에 충실하여 시즌이 지난 후에도 내 옷장에 스며들어 빛을 발하는 옷을 빗어내는 브랜드입니다.
에이드,https://usercontents-c.styleshare.io/images/42110116/700x394,"에이드(ADE)라는 단어에서 연상되는 청량감과 상큼함을 아이텐티로 틴에이저 감성의 베이직한 캐주얼 의류를 선보이는 브랜드입니다. 다양한 컬러와 실루엣을 바탕으로 타이포그래피 로고와 그래픽 중심의 컬렉션을 선보입니다. ""ADE, HELLO FRESH! 너만이 가지고 있는 상큼함을 보여줘!"""
에이드로우,https://usercontents-c.styleshare.io/images/35058840/700x394,EIDRAW는 세대와 성별을 넘어서 대다수가 즐길 수 있는 Real Daily Wear 브랜드입니다.
에이들,https://usercontents-c.styleshare.io/images/18862375/700x394,"ADLE(에이들)은 현재 많은 사람들이 언급하는 ""친환경""의 ""본질적인 의미""에 대한 의구심으로부터 시작된 브랜드입니다. ADLE은 친환경의 의미를 알리고자 천연소재를 사용하고, 핸드메이드 방식을 고수하고 있습니다. 또한 제품 포장에 있어 비닐 대신 종이를 선택하여 재활용이 가능하도록 하여 지구 환경보호에 일조하고 있습니다. 환경에 의한 환경을 위한 브랜드로 설립 목적과 이념을 분명히 하고 있는 패션 브랜드입니다."
에이라벨,https://usercontents-c.styleshare.io/images/34964280/700x394,"A-LABEL(에이라벨)은 스트릿 및 유스컬처의 감성을 베이스로한 스포티 스트리트 브랜드 입니다. 고감도의 자체 제작원단을 사용하여 퀄리티를 높이고, 가격을 낮춰 소비자에게 합리적인 제품을 선보일 예정입니다. 제품 특징은 현재 트렌드에 가장 부합하고 있으며, 꾸준히 브랜딩 및 감성을 강화할 예정입니다. 전개 제품군은 의류를 비롯하여 신발, 잡화 등 토탈 제품군으로 전개하고있는 브랜드입니다."
에이린,https://usercontents-c.styleshare.io/images/37543197/700x394,"에이린은 최고의 여성복 디자이너 브랜드가 되기 위하여 우수한 소재, 아름다운 실루엣, 탁월한 핏감을 창조하여 제공하는 20대 Ladies Wear입니다."
에이밀,https://usercontents-c.styleshare.io/images/42443396/700x394,피부에 곡물의 풍성한 영양과 깨끗함을 선사하는 친환경 브랜드
에이바이에이,https://usercontents-c.styleshare.io/images/20724126/700x394,"베이직한 미니멀리스트를 지향하는 A와 키치한 맥시멀리스트를 지향하는 또 다른 [A].
상반된 성향을 동시에 가진 A형 디자이너가 만든 브랜드 [A BY A].
키치한 포인트가 베이직한 핏과 어우러져 편하게 입을 수 있는 [ 텐더키치 ] 스타일로 [A BY A]만의 위트 있고 섬세한 데일리룩을 제시합니다."
에이본,https://usercontents-c.styleshare.io/images/42904388/700x394,"""A+BON : 최고의, 최상의 퀄리티 + 더 좋은 품질, 성능"" 에이본은 최상의 퀄리티로 모든이가 만족할 수 있는 아이템을 만들며, 흥미로운 디테일과 위트있는 실루엣으로 미니멀리즘을 추구합니다."
에이브러험,https://usercontents-c.styleshare.io/images/20908805/700x394,"캐주얼한 도시의 감성을 담은 캐주얼 어반 브랜드 에이브러험. 저희는 고객님들에게 전에는 본적없는 가장 아름다운 디자인과 최고의 서비스를 제공합니다. 당신을 가장 매력적인 사람으로 만들것이며, 사람들이 사랑하고 신뢰하는 브랜드로 거듭날 것 입니다. 우리는 고객의, 고객에 의한, 고객을 위한 브랜드입니다."
에이블린,https://usercontents-c.styleshare.io/images/f033def2-f943-47bd-847f-ced07df306be/700x394,"[전상품 무료배송]
베이직하고 편안한 스타일링으로 여성 데일리룩 전문 쇼핑몰"
에이비오스킨,https://usercontents-c.styleshare.io/images/19594806/700x394,혈액형별 맞춤 마스크팩 에이비오스킨(ABOSKIN) 입니다.
에이셀렉,https://usercontents-c.styleshare.io/images/36052982/700x394,"A to Z  A는 알파벳의 첫번째 글자입니다. A+ 는 최고 성적에 해당합니다. A1은 1급, 일류를 뜻합니다. 우리는 모두 A가 되고 싶고, 처음을 기억하며 첫번째를 좋아합니다.
A_SELECT은 그런 우리를 위한 A_beauty 브랜드 입니다.
당신의 첫번째 선택 에이셀렉 입니다."
에이솔루션,https://usercontents-c.styleshare.io/images/36311803/700x394,"화나있던 예민한 내 피부와 화해하자!
에이솔루션은 피부 고민의 근본적인 해결책을 연구합니다."
에이스텝,https://usercontents-c.styleshare.io/images/19029071/700x394,"A-STEP(에이스텝)은 다양한 디자인 분야와의 아트웍을 통해 생활 소품을 생산하고 있으며, 젊은 예술가들과 활발하게 교류해 국내 문화 콘텐츠 성장에 기여하는 브랜드입니다."
에이와비,https://usercontents-c.styleshare.io/images/d89bbfef-b031-4a93-92fb-68978e7711df/700x394,"키작아도 괜찮아,
158cm 모델피팅! 키작녀를 위한 데일리룩"
에이제로,https://usercontents-c.styleshare.io/images/40141804/700x394,"매일 신발, 핸드백, 옷 등을 만들고 남은 대량의 자투리 가죽이 그 쓰임을 잃고 버려지고 있습니다. 이러한 가죽은 소각되면 대기 오염을 유발하고 묻힐 경우, 썩기까지 45년이 소요된다고 합니다.
에이제로는 매년 다양한 브랜드의 옷을 만들고 남아 버려지는 가죽을 새로운 가치고 재탄생 시키려는 디자이너들의 고민에서 출발한 브랜드입니다. 쓸모 없어 버려지는 가죽에 우리만의 가치를 부여해 새로운 제품으로 재창조 시키는 것에 관심을 집중하고 있습니다."
에이지,https://usercontents-c.styleshare.io/images/19029201/700x394,AGE(에이지)는 2014년 시작된 슈즈 브랜드 입니다. 클래식한 제품을 현시대에 맞는 디자인으로 재해석하는 브랜드로 자체 디자인과 국내 생산을 통하여 좀 더 수준 높은 퀄리티의 슈즈 제품을 만들어 내고 있으며 심플하지만 시대의 흐름에 맞는 디자인적 가치를 추구 합니다.
에이지그레이,https://usercontents-c.styleshare.io/images/20145938/700x394,"AGED GRAY(에이지 그레이)는 자연스럽게 당신의 삶에 스며들어 함께하는 제품이 되고자, 기획, 디자인 마케팅, 생산 각 분야의 디렉터들이 모여 좋은 제품을 좀 더 합리적인 가격으로 선보이기 위해 시작된 감성 브랜드입니다."
에이지투웨니스,https://usercontents-c.styleshare.io/images/19029220/700x394,"AGE 20""S(에이지 투웨니스)는 ""여성의 가장 아름다웠던 20대의 피부 표현""을 모토로 시작된 브랜드 입니다. 애경 피부 과학 연구 노하우를 통해 개발된 혁신적인 기능성 화장품으로 내면의 피부건강을 지키고 나이에 맞는 메이크업으로 외면의 아름다움을 더욱 더 우아하고 아름다운 피부를 가꿀 수 있도록 노력합니다."
에이치에스디(HSD),https://usercontents-c.styleshare.io/images/38919702/700x394,"HSD는 변화하는 라이프 스타일에 맞추어 누구나 편안하고 스타일리쉬하게 연출할 수 있는  Genderless, Seasonless, Ageless 컨템포러리 캐주얼 브랜드이다."
에이컨셉,,
에이콤팔레트,https://usercontents-c.styleshare.io/images/35178960/700x394,"에이콤 팔레트는  all color of moments의 약자로 '모든 순간의 컬러' 라는 의미를 나타내고 있으며, 문구 그대로 온 순간순간 느낌을 색깔로 표현하고자 하는 마음으로 만든 브랜드 입니다."
에이틴,https://usercontents-c.styleshare.io/images/24378928/700x394,
에이틴키로,https://usercontents-c.styleshare.io/images/21840768/700x394,"EIGHTEEN, 성인의 시작에 있는 나이. 억압받았던 모든 것으로 부터 자유로워지고, 집단이 아닌 자신을 메인으로 존재감을 드러내기 시작하는 나이. 감각있는 젊은 샐럽이 18K(eighteenKEYLO)를 통해 시대의 중심에서 자신을 표현할 수 있기를 바라는 목적을 가지고 있다.
새로운 도전의 Key가 되어 줄, 새로운 도전정신을 지배할 King, 이 분야의 Killer가 되는 과정을 에이틴킬로의 키워드로 설정했다. 때로는 반항적인 자유로움을 스트릿 감성에 녹여 표현하며, 이러한 모티브를 다양한 객체에 투영하고, 더 나아가 이들만의 문화를 융합하는 데에 가장 큰 의의를 둔다."
에이틴키로(EIGHTEENKEYLO),,
에이프릴스킨,https://usercontents-c.styleshare.io/images/24614204/700x394,자연에서 찾은 아름다움 에이프릴스킨
에이프릴풀데이,https://usercontents-c.styleshare.io/images/19029849/700x394,
에이플레이스,https://usercontents-c.styleshare.io/images/23600053/700x394,"Designed by Artist, Made by Senior.
에이플레이스는 국내 아티스트와 봉제자활근로자분들의 콜라보 브랜드입니다.
아티스트의 예술과 봉제자활근로자분들의 노력으로 만들어진 에코백을 만나보세요."
에이플비,https://usercontents-c.styleshare.io/images/24977645/700x394,"1000시간 이상 숙성 천연비누
사용감은 부드럽고, 자극은 줄여주고 보습감은 최대로 진정으로 고민한 흔적이 느껴지는 330가지 나만의 천연비누"
에이피엘,https://usercontents-c.styleshare.io/images/43003060/700x394,"자체 개발한 소재를 사용하며 최상의 기능성과 감각적인 패션을 모두 담는 미국의 기능화 브랜드. 국내 최초로 정식 런칭되며, APL의 Best Seller Techloom Phantom/ Pro 2가지 런닝화로 제안될 계획, 가볍고 편안한 런닝화"
에인트크랙,https://usercontents-c.styleshare.io/images/38480567/700x394,"AINTCRACK(HYPER YOUTH)


에인트크랙은 

유스서브컬쳐 기반의 스트릿 브랜드 입니다. 

'하이퍼유스' 라는 브랜드 슬로건은 거칠고 반항적인 역동성 있는 젊은 세대의 심리상태를 의미합니다.

제품 곳곳에는 슬로건을 대변할 만한 스포티한 요소와 동시에 변화를 갈망하는 미래 지향적인 요소가 적절히 결합되어 있으며 이것은 에인트크랙만의 역동적인 스타일링으로 완성 됩니다."
에잇세컨즈,https://usercontents-c.styleshare.io/images/2a077fd9-27f5-48c3-ad19-55bd2cdf3cc2/700x394,"좋은 품질, 다양한 컨셉트, 합리적인 가격대의 제품을 더 빠른 스피드로 제공하는 8seconds는 글로벌 SPA 브랜드와 어깨를 견주는 대한민국 패션업계의 자존심입니다.

8seconds는 반복적인 일상과 비슷한 스타일에서 탈피하여, 매일을 좀 더 특별하고 에너지 넘치게 만들고 싶은 한국인들의 일상 속 Fashion Groove를 실현해 주는 브랜드 입니다."
에즈카톤,https://usercontents-c.styleshare.io/images/41201345/700x394,에즈카톤(EZKATON)은 스트릿 웨어를 기반으로 2009년에 론칭한 브랜드입니다. 스트릿 무드에 세련되고 트렌디한 오버사이즈 룩의 캐주얼을 더하고 특색 있는 실루엣과 소재 등을 적극 활용하며 에즈카톤만의 독창적인 아이템을 완성합니다. 평범하고 일반적인 것보다는 좀 더 트렌디하고 특색 있는 스타일과 개성 있는 스타일을 원하는 젊은 층을 위한 느낌으로 전개하는 브랜드입니다.
에코조이,https://usercontents-c.styleshare.io/images/22369085/700x394,"에코조이는 착한 가격으로 소비자가 느낄 수 있는 최대의 가성비와, 직접 연구개발 및 생산한 안전한 상품을 제공합니다."
에코툴즈,https://usercontents-c.styleshare.io/images/38815049/700x394,"헐리웃 셀럽들과 메이크업 아티스트, 전 세계 여성들에게 사랑받는 에코툴즈 메이크업 브러쉬와 대나무 및 천연 수세미로 만들어진 에코툴즈 목욕용품은 혁신적이고 지구 친화적인 소재로 만들었습니다."
에코후레쉬,https://usercontents-c.styleshare.io/images/23748465/700x394,"실내에는 세균, 바이러스, 냄새, 유해가스 등의 다양한 오염원과 건강을 해칠 수 있는 것들에 둘러 싸여 있습니다. 
'에코후레쉬'는 실내 환경을 개선하여 건강하고 행복한 생활에 필요한 솔류션을 제공하여'환경지킴이'로서의 역할을 수행하고 있습니다."
에크루,https://usercontents-c.styleshare.io/images/33884323/700x394,"에크루는 모던하고 기능적이며 세심한 디자인을 선호하는 여성을 위한 핸드백 브랜드입니다.
매 시즌 클래식 핸드백을 현대적인 소재와 공법으로 재해석한 디자인을 선보이며 일상적인 기능성과 심플함에 중점을 두어 유행을 타지 않을 제품을 만듭니다."
에클리어,https://usercontents-c.styleshare.io/images/43013013/700x394,"에클리어(ECLEAR)는 지친 하루 내 몸에 주는 휴식을 컨셉으로 런칭된 엘레컴의 헬스케어 전용 브랜드입니다. 
칙칙하고 어두운 디자인에서 벗어나 컬러풀하고 사용감 좋은 디자인으로 지루할 수 있는 헬스케어에 활력을 불어 넣고자 하였습니다. 
다양한 에클리어의 제품을 만나보세요."
에트로,https://usercontents-c.styleshare.io/images/42889550/700x394,
에포나,https://usercontents-c.styleshare.io/images/25554281/700x394,"소중한 당신께 드립니다

강력한 무기가 되는 당담함 
감춰진 나만을 부각시켜주는 긍정적인 마인드 
제품에 대한 치열한 고민과 연구를 통해 
소비자들에게 당당하고 아름다움이라는 최대 가치를선물합니다"
엑스씨엑스메인,https://usercontents-c.styleshare.io/images/35446160/700x394,"X 크로스
C 크랙
X 크로스

XCX는 세상의 모든 CRACK을 크로스 하는것

그자체를 세상의 MAIN 의 위치로 바꾸려는게 XCXMAIN 이 추구하는 철학이다.

모든생각을 X 또 X 하여 남들과 다름을 추구하고 표현 하려고한다"
엑스온,https://usercontents-c.styleshare.io/images/25374383/700x394,"자신을 가꾸는 남자,
그루밍족을 위한 남성 뷰티 솔루션"
엑스와이,https://usercontents-c.styleshare.io/images/34731132/700x394,"The brand for womans, Exyai.w is made by man.
Although he desires beautiful silhouette and feminine gender, he want to hide. 
He persues minimal feminine, wearable and formal.
The true beauty is always on the formal."
엑스톤즈,https://usercontents-c.styleshare.io/images/31186866/700x394,XTONZ(엑스톤즈)는 다윗과 골리앗의 싸움에서 다윗이 던진 '신의 돌'을 모티브로 다윗이 골리앗을 쓰러트린 것처럼 가치있는 것에 대한 도전을 추구하자는 의미를 담은 브랜드 입니다.
엔더시아,https://usercontents-c.styleshare.io/images/23748573/700x394,"ENTHUSIA(엔더시아는)는 평범하지 않지만 결코 과하지않은  절제된 미, 문화, 트렌드를 융화시켜
제안하는 언커먼 라이프 스타일 브랜드입니다."
엔더즌(NDOZEN),https://usercontents-c.styleshare.io/images/42020346/700x394,NDOZEN(엔더즌)은 에센셀한 아이템을 트렌디한 스타일로 표현하는 스트릿 패션 브랜드입니다. 더즌의 사전적 정의에 맞춰 매 시즌 12의 특징이 들어가 있는 아트웍 디자인을 바탕으로 남다른 개성을 추구합니다.
엔비룩,https://usercontents-c.styleshare.io/images/43095902/700x394,"부담 없는 가격 ,  매일매일 신상 업데이트 !! 여성의류 전문 쇼핑몰 엔비룩
시즌 컨셉 : 데일리로 편하게 입을 수 있는 상품 + 다양한 원피스"
엔비에스피,https://usercontents-c.styleshare.io/images/19016389/700x394,"NBSP(엔비에스피)는 코딩 용어 중 공백을 뜻하는 에서 따온 명칭으로, 생각없이 쉽게 입을 수 있지만 귀여운 옷을 만드는 것을 목표로 패션디자이너와 일러스트레이터가 함께 런칭한 신생 여성 스트리트 캐주얼 브랜드입니다."
엔샤카,https://usercontents-c.styleshare.io/images/32104031/700x394,"서퍼들을 위해 탄생한 가장 쿨한 선케어 &SHAKA
I'M FINE &SHAKA"
엔에프엘,https://usercontents-c.styleshare.io/images/43215350/700x394,엔에프엘(NFL)은 미국 프로풋볼 리그의 팀 로고와 마스코트를 아트워크로 활용해 스트릿 감성의 캐주얼 아이템은 물론 스포티 아이템 등 오리지널 아메리칸 스포츠의 헤리티지와 특유의 역동성을 재해석해 담은 스포츠웨어 브랜드입니다.
엔엠씨(NMC),https://usercontents-c.styleshare.io/images/19029886/700x394,"NMC(엔엠씨)는 트러블 전문 천연 화산재 화장품 제조, 유통 전문 기업으로 국내 최초로 천연미네랄 성분이 아주 풍부한 프랑스산 화산재를 다년간 많은 연구와 임상, 개발을 통해 전세계 최초로 명품 화산재 화산수 화장품을 선보이게 되었습니다. 누구도 흉내 낼 수 없는 엔엠씨화장품만의 탁월한 제품력은 엔엠씨화장품만의 특허기술인 화산재추출물과 최고의 제품을 만들겠다는 신념으로부터 나왔습니다."
엔젤삭스,https://usercontents-c.styleshare.io/images/38388257/700x394,"ANGELSOCKS(엔젤삭스)는 양말의 기본에 충실하면서 '양말이 패션의 완성'이라는 생각으로 설립되었으며, 항상 연구하고 변화하며 트렌드를 앞서가는 양말회사를 꿈꿉니다."
엔젤하우스,https://usercontents-c.styleshare.io/images/22541380/700x394,"유니크한 디자인 취향의 제품을 수입,판매하고 있습니다."
엘라,https://usercontents-c.styleshare.io/images/23951177/700x394,엘라는 우아하고 기품있는 아름다움이 당신을 향해 미소짓는 이미용기기 브랜드입니다.
엘라고,https://usercontents-c.styleshare.io/images/40937328/700x394,"심플하고 감각적인 디자인을 구축하는 브랜드 엘라고

엘라고( EL LAGO) 는 스페인어로 호수라는 뜻으로 
호수처럼 폭넓은 이해와 사고를 바탕으로 새로운 가치를 만들어갑니다.

우리는 눈을 자극하는 디자인 보다 고유의 단순함과 섬세함을 담아 오래도록 질리지 않는 제품을 만듭니다.
인간 중심의 디자인을 구현하기 위해 사람들의 행동과 생각, 작은 습관까지 관찰하고 분석해 제품을 만듭니다.

생김새는 최소화해 누구나 부담없이 사용할 수 있지만 새로움을 갈망하는 소비자의 바람을 놓치지 않습니다."
엘라스토리,https://usercontents-c.styleshare.io/images/24926564/700x394,"좋은 화장품'에 대한 즐거운 이야기
건강한 피부는 엘라스토리를 통해 실협됩니다."
엘레컴코리아,https://usercontents-c.styleshare.io/images/42443707/700x394,"LIKE IT !  by 엘레컴코리아 

IT용품부터 작은 소품까지!
웃음이 끊이지 않는 재밌는 제품들을 소개합니다."
엘리랩,https://usercontents-c.styleshare.io/images/41415569/700x394,"엘리랩 (ELILAB)은 고객에게 맞춤형 스킨 케어 솔루션을 제안하며, 아름답고 건강한 라이프스타일을 약속합니다.
주변 환경과 날씨, 미세먼지, 스트레스 지수에 따라 365일 달라지는 민감한 내 피부상태에 한번쯤 고민 했다면?
매일 달라지는 내 피부에 꼭 맞게 골라 쓰는 맞춤형 스킨케어 레메디!"
엘리베어,https://usercontents-c.styleshare.io/images/39791708/700x394,"펄과 반짝이가 들어 있어 컬러풀한 비쥬얼
핫하게 놀고 쿨하게 붙이는 파티족을 위한 잇템
화장한 얼굴의 예쁨이 무너지지 않는 쿨링 20분 수분 충전!"
엘리샤코이,https://usercontents-c.styleshare.io/images/42084763/700x394,"구도를 바꾸다. 경계를 넘다.
사고의 한계를 넘는 크로스오버 코스메틱"
엘리오티,https://usercontents-c.styleshare.io/images/43044031/700x394,"“There are no useless details” 모든 의복에는 쓸모없는 디테일이 없다. 작고 세밀한 것도 놓치지 않는 것을 철학으로 가장 진보된 TECHNICAL STREET CASUAL WEAR를 지향하려 노력하고 있습니다. design, utility, techlonogy 등의 다양한 요소들을 하나로 융합해 과거복식의 장점과 새로운 해석을 더해 컬렉션을 전개하고 있습니다."
엘리자베스,https://usercontents-c.styleshare.io/images/21204232/700x394,"ELIZABETH(엘리자베스)는 일본 베스트 코스메닷컴 모공케어 부문 3년 연속 1위 브랜드 수상, 2011년도 왓슨스 모공 케어 부문 BEST 제품, 2011년도 CJ올리브영 BEST제품에 엘리자베스 코팩이 선정 될 만큼 사랑 받는 모공 케어 전문 브랜드이다."
엘리자베스아덴,https://usercontents-c.styleshare.io/images/19594811/700x394,"1910년, 메이크업을 하는 여성들이 드물었고 여성이 자신의 비즈니스를 운영하는 것은 더더욱 드물었던 시대. 미스 엘리자베스아덴은 뉴욕 5번가에 자신의 첫 번째 스파를 열었습니다. 그것이 글로벌 뷰티 브랜드, 엘리자베스 아덴의 시작입니다."
엘모르,https://usercontents-c.styleshare.io/images/35028636/700x394,"나를 위한 작은 투자, 힐링 홈 에스테틱
나를 위해 투자하는 아름다운 시간의 뜻안 엘모르는 고가의 에스테틱 관리를 집에서 가능하게 하는 제품들로 구성하여 20대 보다 아름다운 30대~40대를 지향하는 브랜드 입니다."
엘엘빈,https://usercontents-c.styleshare.io/images/25420513/700x394,"100년 전통을 자랑하는 브랜드 L.L.Bean(엘엘빈)은
 미국 메인주에서 창업자인 레온 레온우드 빈의 이름 첫 자를 따서 만들어졌습니다.
사냥용 신발로 시작한 엘엘빈은 점차 품목을 확대해 나갔는데 
아웃도어와 사냥용품을 주력상품으로 선보이고 있습니다.
그 중에서도 가장 인기있는 토트백은 두꺼운 캔바스천에 
꼼꼼한 박음질을 하여 제작되기 때문에 200KG의 무게도 든든히 견뎌낼 수 있는 
그 무엇과도 비교할 수 없는 내구성을 자랑하고 있습니다."
엠뉴,https://usercontents-c.styleshare.io/images/39834463/700x394,"엠뉴는 몸속의 불필요한 노폐물을 비우고 필요한 영양소는 채우다는 뜻의 이너뷰티 브랜드로 날이 갈수록 심해지는 환경오염과 바쁜일상 속 누적되는 스트레스로부터 소중한 내 몸을 지킬 시간 조차 없는 당신의 바쁜 일 속, 간편하지만 효과적으로 건강해지는 습관을 만들어줍니다."
엠도씨,https://usercontents-c.styleshare.io/images/21193129/700x394,엠도씨는 남성들의 라이프스타일과 피부 컨디션을 생각했을때 분명 차별화가 돼야 한다는 생각에서 출발합니니다. 오랜 연구와 제품의 고급화를 통해 남성의 미에 대한 엠도씨의 연구는 끝이 없을 것입니다.
엠블러,https://usercontents-c.styleshare.io/images/38478533/700x394,"AMBLER(엠블러)는 ""유니크한 디자인""과 ""자유""를 모토로 삼고 있다. 자연 속 여러 요소로부터 영감을 받아 다양한 에스닉 패턴과 컬러를 이용하여 캐쥬얼함을 표현하고 있으며 보다 높은 퀄리티와 디테일로 유니크함을 더했다. AMBLER를 경험하는 모든 고객들에게 특별한 순간을 만들어 주기 위해 계속 노력한다."
엠엘비,https://usercontents-c.styleshare.io/images/c0b383bc-9d59-4ee5-b48a-90abbbebf874/700x394,
엠오오 (MOO),https://usercontents-c.styleshare.io/images/39227842/700x394,"MOO(엠오오)는 미니멀한 디자인을 중심으로 시대에 맞는 트렌디함을 갖추되 절제된 디테일을 믹스하여 누구나 부담없이 즐길 수 있는 라이프스타일 브랜드입니다. 매일 입어도 질리지 않는 디자인과 오래 입을 수 있는 좋은 품질을 갖춘 옷을 최우선으로 하며 MOO만의 소재와 색감 그리고 절제된 감각을 보여주고자 합니다. ""적을수록 아름답다""를 바탕으로 꼭 필요한 요소들만 담아 최상의 품질을 갖춘, 믿을 수 있는 제품과 합리적인 가격을 제시하고있으며 무조건 최소한으로 쓰는것이 아닌, 제품에 꼭 필요한것 들과 디테일을 담아냄으로써 고객에게 제품에 대한 신뢰도 함께 주고자 노력하고있습니다."
엠티에이엘,https://usercontents-c.styleshare.io/images/38556100/700x394,"MTAL는 ‘More Than A Label’의 약자로, 옷 자체의 기본에 충실하여 보다 높은 가치의 옷을 선사하기 위해 노력하는 브랜드입니다. 편안한 핏과 심플한 디자인, 높은 퀄리티의 원단과 제작 공정으로 언제든지 오랜 기간 편하게 착용할 수 있는 Everyday Clothes를 추구합니다."
엣지아이,https://usercontents-c.styleshare.io/images/31675988/700x394,"30년간 수만개의 가방을 제작한 장인이 노하우를 바탕으로  직접 디자인하고 핸드메이드로 제작한 완성도 높은 제품이다.
실용적이고 세련된 디자인으로 젊은 여성들의 데일리 스타일을 제안한다."
여밈,https://usercontents-c.styleshare.io/images/19029894/700x394,"YEOMIM(여밈)은 말 그대로 ""여미다""라는 뜻으로 모든 제품의 스트랩(핸들)과 보디(물건이 담기는 부분)가 만나는 부분을 독특하게 디자인합니다. 코튼 소재를 베이스로 한 가볍고 부담 없이 사용하기 좋은 가방들을 선보이지만 시중에 많은 에코백들과 달리 실용성과 함께 스타일리시함도 추구하는 것이 브랜드 여밈의 모토입니다."
여우화장대,https://usercontents-c.styleshare.io/images/38150138/700x394,콤플렉스 해결을 위한 즉각적인 뷰티 솔루션을 드립니다.
엽페,https://usercontents-c.styleshare.io/images/18815620/700x394,"YUPPE(엽페)는 심플함 속에 있는 포인트, 절제미, 그 안에서 발견 할 수 있는 색감. 트렌트에 휩쓸리지 않는 디자인을 추구합니다. 빠르게 변하는 시대 속에서 우리들이 놓치고 있는 아름다움에 대해서 항상 고민하고, 탐구하고자 하는 게 엽페의 컨셉입니다. 엽페라는 브랜드는 옷 만드는 남자와 여자의 만남으로 시작되었습니다."
예루살렘 샌들,https://usercontents-c.styleshare.io/images/25284190/700x394,예루살렘이라는 독특한 브랜드 네임과 그에 걸맞는 개성있고 트렌디한 디자인으로 전개하고 있는 브랜드입니다.
예블랑,https://usercontents-c.styleshare.io/images/e89767a8-b815-4a41-8697-a893285b253b/700x394,20대들이 즐겨찾는 예뻐지는 꿀팁 [예블랑] 에서 무료배송으로 만나보세요♥
예스이지,https://usercontents-c.styleshare.io/images/35509380/700x394,"YESEASY(예스이지)는 오버핏을 기반으로 스트릿캐쥬얼을 지향합니다. 
또한, 이름처럼 누구나 쉽게 스타일링이 가능한 아이템들을 제시하며, 심플한 디자인속에 
자유롭고 개성있는 YESEASY(예스이지)만의 감성을 전개해 나가는 브랜드입니다."
옐로우스톤,https://usercontents-c.styleshare.io/images/22826767/700x394,"1872년, 미국 최초 국립공원으로 지정, 1978년 유네스코 자연유산으로 지정된 와이오밍 주에 속한 YELLOWSTONE의 명칭으로부터 명명된 백 브랜드 YELLOWSTONE은 ‘위대한 자연과 인간의 공존'이라는 의미를 부여한,'Sharing nature,Living together’라는 슬로건 아래,'네이처, 어드벤처, 빈티지' 라는  테마와 함께 ‘Ordinary Life style’을 지향합니다."
오가니아,https://usercontents-c.styleshare.io/images/25050553/700x394,97%이상 자연 추출물로 만들어진 네추럴 샴푸
오고생이,https://usercontents-c.styleshare.io/images/42863647/700x394,"제주의 아름다움을 그대로, 프리미엄 청정 스킨케어 브랜드"
오그램(OGRAM),https://usercontents-c.styleshare.io/images/41884857/700x394,"여행에서부터 모든 생활에 이르기까지 자유롭고 특별한
나만의 라이프스타일을 생각하며 디자인 합니다.
우리는 여행,자연,동물을 사랑하고 이런 아름다운 생명체를
오그램만의 느낌으로 재해석한 디자인을 선보입니다."
오뉴,https://usercontents-c.styleshare.io/images/43102932/700x394,"onu는 Celebrate your moment를 컨셉으로 출발한 브랜드로 소중한 사람에게 주고싶은 컬렉션을 만듭니다.

 

모두가 사랑하는 베이직한 무드에 유니크한 감성을 담았습니다

당신의 일상이 더욱 특별하길 바라며 그 마음을 담아 제작합니다."
오니츠카타이거,https://usercontents-c.styleshare.io/images/22434552/700x394,
오더플리즈,https://usercontents-c.styleshare.io/images/21215341/700x394,ORDERPLEASE(오더플리즈)는 시대를 이끌어 나아가고 디자인을 창조해내는 의식 있는 젊은 크리에이티브들을 위한 브랜드입니다.
오드모노클,https://usercontents-c.styleshare.io/images/ec4cb7c4-e2d1-4e68-8e96-a84d20d507ea/700x394,
오드비,https://usercontents-c.styleshare.io/images/21330618/700x394,북유럽 감성 아이웨어 브랜드 오드비(ODDVE)입니다.
오드스튜디오,https://usercontents-c.styleshare.io/images/36424628/700x394,"오드스튜디오(OddStutio)는 언제나 새로운 친근한 제품을 선보이는 데일리 패션 브랜드 팀입니다.
여유로운 삶에서 보고 느끼는 것들에 영감을 받아 데일리하고 미니멀한 디자인의 스타일을 제시하며
트랜드한 영캐주얼룩을 전개하고자하는 아이덴티티를 지니고있습니다.
위트넘치는 다양한 상품을 제안하는 브랜드입니다."
오드원아웃,https://usercontents-c.styleshare.io/images/22585146/700x394,"ODDONEOUT 은 다양한 [예술+문화+패션] 창작활동을 기반으로한 P-R PREJECT가 런칭한 브랜드입니다.

ODDONEOUT(틀린그림찾기)
평범함 속에서 조금 다르게 생각하는것.
그 생각들을 디테일로 표현하고 스타일을 제안해 본다."
오로라(Oro.la),https://usercontents-c.styleshare.io/images/39228756/700x394,"오로라는 시즌 트렌드를 분석하여 기존의 쥬얼리 마켓과 다르게 시즌별 컨셉을 통해 고객들에게 다가가는 브랜드 입니다.
제품도 마찬가지로 시즌 컨셉에 따라 형성됩니다.
귀걸이,목걸이,팔찌 등 다양한 품목에 걸쳐 컨셉을 형성하고 있습니다.

오로라는 트렌디하며 유니크한 감성을 제품에 담아내는 브랜드입니다.
'나를 벗어나 오로라의 색을 더하다, 새로운 나를 표현하다' 라는 의미와
ORO는 황금을 의미하며, LA는 여성을 상징하는 단어로 빛나는 여성을 상징합니다."
오로라슈즈(AURORA SHOES),https://usercontents-c.styleshare.io/images/34023298/700x394,"1990년대 초, 미국 뉴욕(New York) 주(州) 교외에 위치한 오로라 마을의 작은 공방에서 시작되었습니다. 
우리의 신발은 아름다운 오로라 마을 특유의 여유로움과 단순함 그리고 자연친화적인 환경과 꼭 닮아있습니다. 
멋진 경관과 오랜 이야기를 간직한 작은 마을에서, 오로라 슈즈는 편안함과 내구성에 초점을 두고 하나씩 정성껏 만들어지고 있습니다."
오른,https://usercontents-c.styleshare.io/images/34400084/700x394,자연을 닮은 오른으로 작은 생활습관까지 건강한 생활을 시작해보세요.
오리스,https://usercontents-c.styleshare.io/images/f0134e18-b8e3-4073-970c-9bccbff4fc65/700x394,"오리스(ORIS)
100년 이상의 전통을 가진 오리스는 스위스 시계를 제조하고 있습니다.
순전한 기계식 무브먼트로 제작되는 오리스 제품의 상징인 빨간색 회전자 뿐만 아니라 오리스의 독특한 디자인이 두각을 드러내고 있습니다.
포뮬러 원, 다이빙, 재즈와 항공 분야 등의 명사들이 제품을 애용하며,
독특한 오리스 디자인에 찬사를 보내 주면서 오리스의 인기는 점점 높아지고 있습니다."
오리온,https://usercontents-c.styleshare.io/images/43110967/700x394,영국 브랜드이며 여성의류를 주력으로 판매하고있으며 영캐주얼쪽으로 판매
오버나이스,https://usercontents-c.styleshare.io/images/19029899/700x394,"OVERNICE(오버나이스)는 Good, Better and Overnice 이란 슬로건으로 서브컬쳐를 기반으로 전개하는 스트리트 웨어 브랜드입니다."
오버웍스,https://usercontents-c.styleshare.io/images/36482988/700x394,"""매 시즌, 이전 보다 더 나은 결과물""을 지향하며, 누구나 즐겨 입을 수 있는 옷을 만드는 신진 디자이너 브랜드 입니다"
오버햄,https://usercontents-c.styleshare.io/images/39559096/700x394,"""OVERWHELM""

오버햄은 ""압도하다""라는 의미로
""오버햄으로 트렌드를 압도하다""
""오버햄의 색감으로 압도하다""
라는 의미가 담긴 옷입니다.

높은 퀄리티와 디테일에 중점을 두며
트렌디한 디자인과 오버햄의 색감을 더해
합리적인 가격대로 제품을 선보입니다."
오베론,https://usercontents-c.styleshare.io/images/32352337/700x394,"""현대적인 클래식 감성과 트랜드를 아우르는 오베론 시계 .
오베론만의 전문성과 장인정신으로 클래식 워치에서 캐주얼 라인까지 자사만의 고유한 가치를 완성시켜갑니다 """
오베이,https://usercontents-c.styleshare.io/images/21375081/700x394,OBEY(오베이)는 지금은 최고의 어반 아티스트 중 한 명으로 꼽히는 Shepard Fairey의 그림과 비전으로 2001년도 스트리트 씬에 첫 발을 내디딘 브랜드입니다. 현재는 명실상부한 최고의 스트리트 브랜드 중 하나로 그 위치를 공고히 하고 있는 OBEY는 스트리트 씬의 오랜 부침 속에서도 초심을 잃지 않고 자신들만의 생각과 문화를 스트리트 웨어를 매개체로 대중들과 소통하고 있습니다.
오브유,https://usercontents-c.styleshare.io/images/32372738/700x394,
오비츠,https://usercontents-c.styleshare.io/images/25047093/700x394,"오비츠(ORBITS)’의 사전적 의미인 ‘주위에 궤도를 그리며 돌다’처럼
우리와 늘 함께하는 잡화 브랜드로서의 이미지를 표현"
오스라,https://usercontents-c.styleshare.io/images/20942736/700x394,
오아쉬,https://usercontents-c.styleshare.io/images/18447845/700x394,"OASH(오아쉬)는 해안가 도시의 아웃도어 라이프스타일을 담은 브랜드입니다. 쨍한 햇빛 아래 세찬 파도를 즐기고, 끝없이 펼쳐진 뜨거운 모래사장 위를 거침없이 달릴 수 있도록 편한 착용감과 활동성을 고려한 디자인을 선보입니다."
오아이키,,
오아트,https://usercontents-c.styleshare.io/images/f18dcd0b-ea84-4da0-9efd-55c69d06dbe8/700x394,"오아트는 문학, 음악, 문화를 포함한 다양한 소재와의 밀접한 작업을 통하여 다채로운 컬러와 명확한 시 그니처를 제안하며,
기본에 충실한 심플한 디자인과 함께 직감적으로 느껴지는 아름다움을 표현합니다."
오알오알,https://usercontents-c.styleshare.io/images/25043124/700x394,"OROR(오알오알)은 '이것 또는 저것 또는 그것' 컬러와 원단의 다양함을 활용하여, 남여 구분없이 입을수 있는 캐주얼 브랜드 입니다."
오앤에이,https://usercontents-c.styleshare.io/images/38334676/700x394,ONA(오앤에이)는 아이덴티티와 매시즌 새로운 주제를 반영한 아카이브를 형성하는 브랜드입니다.
오오디,https://usercontents-c.styleshare.io/images/35212454/700x394,"OOD는 Good Vibes Only 를 줄인 단어로, 보고 느끼는 문화에 대한 메세지를 표현하기 위해 만든 신조어이자 브랜드 네임 입니다.

브랜뉴뮤직 래퍼 한해가 아티스트에서 나아가 크리에이티브 디렉터로 첫 선보이며 탄생된 브랜드로
애슬래틱 웨어와 캐주얼 웨어의 두 얼굴을 가진 유니크한 특징은 브랜드의 독자성인 동시에 OOD로 전개할 수 있는 이유입니다."
오와이,https://usercontents-c.styleshare.io/images/25382134/700x394,"OY는 손 모양의 Y가 원형의 O를 포함하여 OY의 모양이 갖추어진다는 점에서 포괄적인 의미를 담고 있다. 
무채색을 기반으로 다양한 무드를 보여주며 다양한 문화속에서 영감을 받아 전개되는 브랜드이다."
오이공장,https://usercontents-c.styleshare.io/images/18815754/700x394,오이공장은 순수함과 깨끗함을 담은 화장품입니다.
오제(OJEH),https://usercontents-c.styleshare.io/images/34506144/700x394,"스포티즘과 미니멀리즘을 동시에 추구하고자 하는 바람에서 비롯된 스트릿 웨어 브랜드입니다.  
OJEH 의 디자인은 가장 기본적인 것에 크고 작은 디테일로 특별함을 부여했고, 
별다른 테크닉 없이 누구나 멋스러운 스트릿 룩을 즐길 수 있도록 하고자 함에 초점을 두었습니다."
오즈랩,https://usercontents-c.styleshare.io/images/42271507/700x394,'F'resh의 신선함 'U'nique의 독특함 'N'atural의 자연스러움을 추구하는 F.U.N한 브랜드 오즈랩입니다
오찌,https://usercontents-c.styleshare.io/images/43094876/700x394,OTZ(오찌)는 미라에서 발견된 가장 오래된 신발을 모티브로 독창적인 디자인과 편안함을 추구하는 미국 캘리포니아 브랜드로 독창적인 코르크 아웃솔은 개개인의 발 형태에 꼭 맞는 착화감을 제공하는 브랜드입니다.
오큐스튜디오,https://usercontents-c.styleshare.io/images/37961608/700x394,"""Remember that We're connected""
우리는 연결되어 있다는 것을 기억하세요.
O.Q studio의 Slogan으로 삼고 있으며 다르지만 닮은 서로를 위해 존재 합니다.

오큐스튜디오는 진부하고 똑같은 시밀러 커플 아이템에 질려 좀 더 세련된 디자인을 찾는 고객층을 위한 브랜드입니다.
똑같은 디자인, 대비된 컬러만으로 구성된 커플 아이템보다 같지만 다른 느낌의 제품을 선보이고 있습니다."
오키도키,https://usercontents-c.styleshare.io/images/37135853/700x394,"미국 10대들이 주로 사용하는 신조어인 오키도키는 적극적이고 세련된 긍정의 
표현으로 스트릿 감성을 기반으로 한 유니크 한 캐쥬얼 웨어를 지향 합니다."
오킵스,,
오토캡,https://usercontents-c.styleshare.io/images/18815930/700x394,"OTTO International, Inc는 50년이 넘는 세월 동안 다양한 스타일의 하이 퀄리티의 모자를 제조하여 온 세계에서 손 꼽히는 미국의 모자 전문 제조사입니다. 스타일 및 퀄리티에 대한 평가가 업계에서 굉장히 좋아 FTC, Stussy, Volcom, Chrome Hearts 등과 같은 많은 해외 브랜드들이 OTTO International, Inc의 제품을 모자 제작 시 베이스로 사용하고 있습니다."
오프온,https://usercontents-c.styleshare.io/images/23331056/700x394,
오프위,https://usercontents-c.styleshare.io/images/38683220/700x394,"OPWEE(오프위)는 'Wee Optical art(아주 작은 시각적인 예술)' 와 'only for girls!'라는 슬로건 아래,
오직 소녀들만을 위한 위트 있는 디자인으로 접근하여 새로운 시대의 활기참과 젊은 감성을 대변하는 창의적인 브랜드입니다."
오프인아웃,https://usercontents-c.styleshare.io/images/18862426/700x394,OFF IN OUT(오프인아웃)은 누구나 자유롭게 들어왔다 나갔다 할 수 있는 공간을 의미하며 끊임없이 변화를 추구하는 UNISEX 브랜드입니다.
오프토코,https://usercontents-c.styleshare.io/images/43011973/700x394,"OFF TO CO는 가방 하나 들고 가볍게 떠날 수 있는 여행,일상을 컨셉으로 런칭된 엘레컴의 가방/잡화 전용 브랜드입니다. 
OFF TO CO는 하루에도 몇번씩 어딘가로 떠나고 싶어하는 나 그리고 우리를 위해 생각만으로 끝나는 것이 아닌, 
가방 하나만 들고 가볍게 떠나라는 의미를 담고있습니다. 
오프토코만의 심플한 디자인은 물론 곳곳에 숨어있는 알찬 수납과 기능들은 예상했던 것보다 훨씬 더 당신을 놀라게 할지도 모릅니다."
오프화이트,https://usercontents-c.styleshare.io/images/42889530/700x394,
오픈더도어,https://usercontents-c.styleshare.io/images/21186817/700x394,
오호스,https://usercontents-c.styleshare.io/images/f45b28e8-6558-45a3-b08e-02cac03658cc/700x394,"우리는 듀오 디자이너가 각자의 시선으로 관찰한 세상에서 영감받아 웨어러블하면서도 신선한 디자인과 아트워크를 전개하는 디자이너브랜드입니다.
매 시즌 다양한 프로젝트로 모든 히피와 예술가들, 그리고 당신과 협업하여 새로운 시각적 경험과 서비스를 제공합니다."
오휘,https://usercontents-c.styleshare.io/images/38557372/700x394,
오흐디넌,https://usercontents-c.styleshare.io/images/23331016/700x394,"HOCH:DIENEN[오흐:디넌] :자수성가하다, 노력하여 성공하다.
 오흐디넌은 어떤 상황에서도 자신의 꿈을 믿고 자신의 길을 걸어가는 사람들에게 메세지를 보내는 크루입니다. 오흐디넌은 그 자체가 자수성가를 향해 걷는 흔한 이들의 여정이며, 이야기입니다. 엉성해 보이는 초심자의 도전은 패기와 멋이며 우리의 얄량한 자부심은 돈 때문에 가짜를 쫓지는 않는다는 것입니다. 사람들을 꿈꾸게하는, 일어나게 하는, 그들이 하는 일이 기대되는 브랜드. 오흐디넌입니다."
옥토버써드,https://usercontents-c.styleshare.io/images/21305268/700x394,"주인공의 순간을 입는다. 

옥토버써드는 삶의 주인공이 되고자 꿈꾸는 이들을 위해 영화로 경험한 삶을 공유하는 디자인을 합니다.
영화 속 주인공의 순간을 입고 자신을 과감히 깨는 순간 비로소 영화로만 경험하던 세상이 당신의 삶에 입혀질 것입니다."
온더리버,https://usercontents-c.styleshare.io/images/43113769/700x394,컨템포러리한 데일리룩
온더바디,https://usercontents-c.styleshare.io/images/38557375/700x394,"온:더바디는 내 몸의 숨어있는 감각을 깨우며, 자연의 아름다운
이미지와 향을 전달하는 향기롭고 감각적인 바디 스타일링 브랜드입니다."
온도플러스,https://usercontents-c.styleshare.io/images/23150090/700x394,"온도플러스는 예술과 예술가의 사회적 가치를 신뢰하여 동시대를
살아가는 작가들의 경제적, 정서적, 제도적 창작환경을 응원합니다."
올댓샤인,https://usercontents-c.styleshare.io/images/37864560/700x394,"올댓샤인(All That Shines)은 심플, 트랜디, 유니크함을 모토로 제작되는 디자인 폰케이스 브랜드입니다.
군더더기 없는 심플함과 트랜디한 자체 디자인으로 
모든 현대인의 필수품인 휴대폰을 가장 유니크한 퍼스널 액세서리로 변화시켜줍니다."
올도우,https://usercontents-c.styleshare.io/images/36534597/700x394,"올도우는 옷에 본질을 편안함에 두고, 각자의 일상속에 자연스럽게 스며드는 옷을 만들고자 하고,

또한 저희는 'WE WANT TO GIVE GOOD INFLUENCES'라는 슬로건을 걸고, 어느 누구에게나 다양한 형태의 모습으로 선한(좋은)영향력을 주고자 합니다."
올라온,https://usercontents-c.styleshare.io/images/25123669/700x394,"ALL I OWN 은 ""내가 가진 모든 것"" 이란 뜻으로 누구나 자신이 가진것들 중 일부가 될 수 있는 옷을 만든다는데 의미를 두어 표현합니다.
누구나 거리감 없이 자신이 가진 스타일속에 일부가 될 수 있는 옷을 우리방식으로 표현하여 다가간다는데 의미를 두어 만들어졌으며, 패션의 트렌드가 빠르게 바뀌어 소모성으로 
다시 꺼내 입을 수 없는 옷이 아닌 누구나 다시 꺼내 입을 수 있는 제품을 소개합니다."
올루미,https://usercontents-c.styleshare.io/images/41572607/700x394,"침실 테이블 스탠드 조명부터~
거실 플로어 스탠드까지 한번에!"
올리비아 버튼,https://usercontents-c.styleshare.io/images/42792865/700x394,"두 여성 디자이너가 만든 영국 시계 브랜드입니다.
소호의 자유분방함, 브릭레인 마켓의 빈티지함, 코벤트가든의 여유로움까지 런던의 다양한 모습을 담은 브랜드입니다.
특히, 자연에서 영감을 받은 아름다운 프린팅과 컬러로 전 세계 많은 여성들의 사랑을 받고 있습니다."
올리세,https://usercontents-c.styleshare.io/images/20949298/700x394,프랑스 남동쪽에 위치한 엘스레뱅이라는 도시의 온천수를 이용하여 생산됩니다. 엘스레뱅은 도시전체가 온천 타운이며 이 엘스레뱅 지역의 온천수를 이용하여 OLYSEE는 온천수를 그들만의 퓨어 워터 공법을 바탕으로 코스메틱 워터로 바꾸어 더욱 효과를 배가 시킵니다. 엘리세코스메틱은 유럽의 가장 큰 스프레이 화장품 제조사이며 제품들은 세계적으로 많은 나라에 팔립니다.
올마이립스,https://usercontents-c.styleshare.io/images/28560dd2-726b-4825-9f18-3481ab2d3905/700x394,어떤 모습이라도 당당하게 표현하고 즐길 수 있는 올 마이 립스 만의 ‘립 포지티브’ 애티튜드
올버즈,https://usercontents-c.styleshare.io/images/38817543/700x394,"올버즈는 2015년 샌프란시스코에서 론칭한 신생 브랜드 입니다.

전 뉴질랜드 프로 축구선수 팀 브라운(Tim Brown)과 친환경 해조유 제조기업 대표이자 재생가능 재료 전문가인 
조이 즈위링거(Joey Zwillinger)에 의해 2015년에 설립한 스타트업입니다.

자신이 잘 아는 운동화를 친환경으로 만들어보자는 취지에서 신발을 만들기 시작했다고 하는데요, 
올버즈의 ‘울러너스’ 모델은 안감과 겉감 모두 뉴질랜드 메리노 양털을 압축시킨 섬유로 만들어 합성 섬유 보다 친환경적이며 
운동화 공정에 드는 에너지를 60%나 줄였습니다.

 
공정 과정에서 지속 가능한 재료를 사용하기 위해 끊임없이 노력하는 올버즈는 이에 그치지 않고 운동화 끈을 
플라스틱 페트병을 재활용해 녹여서 만든 섬유로 바꾸었고, 또 신발을 만들 때 다른 합성소재 신발보다 훨씬 적은 물을 사용하고 
이 물을 다시 재활용해서 사용한다고 해요. 신발 제작 뿐만 아니라 배송업체도 소모성 자재를 4"
올웨이즈비퓨어,https://usercontents-c.styleshare.io/images/24851326/700x394,작은 여드름 하나에도 걱정이 많은 소녀의 더 예뻐지고 싶은 바람을 위해  순한 성분의 천연재료를 제품에 담아 피부 자극이 적은 제품을 만들겠습니다.
와드로브,https://usercontents-c.styleshare.io/images/18816520/700x394,"WARDROBE(와드로브)는 규칙에 얽매이지 않고 단순함을 통해서 상상력을 극대화 하며, 유행에 민감하지 않는 패턴과 소재를 개발하는 브랜드입니다."
와이낫씨,https://usercontents-c.styleshare.io/images/35621913/700x394,"남성성과 여성성의 무너진 경계속에서
퇴폐미와 섹슈얼한 이미지를 재해석하고 재창조 한다."
와이리로버,https://usercontents-c.styleshare.io/images/31185156/700x394,
와이엠씨,https://usercontents-c.styleshare.io/images/43003485/700x394,"YMC는 Fraser Moss와 jimmy Collins가 20세기초 미국의 산업디자인의 대가 Raymond Loewy의 슬로건[You Must Create]에서 착안하여 런칭한 브랜드로, 모던하면서 기능적인 의류를 디자인합니다. YMC는 트렌드를 따라가는 것이 아닌 YMC만의 창조적인 디자인으로 트레디셔널 아이템을 현대적으로 선보이고 있습니다."
와이즈,https://usercontents-c.styleshare.io/images/42944749/700x394,"와이즈(wyse) 는 빠르게 변화되는 트렌드 세계에서 새로움을 찾아내며,
그것을 와이즈만의 그래픽과 디테일로 표현하는 영 캐쥬얼 스트릿 브랜드입니다."
와이케이,https://usercontents-c.styleshare.io/images/41704635/700x394,"WaiKei는 돌고래를 키우고 싶어하던 디자이너의 꿈에서 출발 된 엉뚱하지만 사랑스러운 무드를 바탕으로 시작되었습니다.
WaiKei는 사랑스럽지만 시크하며, 세련된 컨템포러리 룩을 제안합니다. 
베이직한 아이템을 트랜디하게 풀어 고급스럽고 웨어러블한 유니섹스 의류와 악세서리를 디자인합니다."
와이케이알,https://usercontents-c.styleshare.io/images/40051470/700x394,"""YKR은 'You Keep Running'의 줄임말로 '계속 달려라' 라는 뜻을 가지고 있으며, 브랜드 슬로건으로는 'Youth is Opportunity, Life is Once'로 '젊음은 기회이며, 인생은 한 번 뿐이다' 라는 의미를 두고 있습니다.
당신의 꿈과 열정을 응원합니다."""
와이투케이,https://usercontents-c.styleshare.io/images/31142474/700x394,"밀레니엄 버그를 'Y2K문제' 라고도 하는데, Y는 연도(year)의 첫글자를 딴것이고, k는1000(kilo)에서 온 것 으로 2000년을 가르킵니다. 20세기와 21세기의 경계점에서, 20세기 스타일들을 21세기 트렌디한 스타일로 재해석하는 트렌디와 레트로가 공존 하는 브랜드입니다."
와일드하트,https://usercontents-c.styleshare.io/images/31156532/700x394,"와일드 하트는 젊은 감각으로 트렌디한 유스 컬처를 반영하고 있습니다.
다양한 컬러감을 베이스로 미니멀하고 유니크한 느낌의 디자인으로 전개되지만, 그의 바탕에는 오랫동안 같은 느낌으로 옷을 입을 수 있도록
기본에 중심을 두고 있습니다."
와칸,https://usercontents-c.styleshare.io/images/22172273/700x394,"와칸 프로페셔널 
the 예쁘게, 컬러를 물들이다."
와코크,https://usercontents-c.styleshare.io/images/23869590/700x394,"우리의 브랜드 와코크(WACOQ)는,

기본에 충실한 마인드, 뛰어난 제작력, 대중을 위해 존재하고 그 속을 파고드는 파금력까지 무엇 하나 허투루

움직일 수 없는 중요한 요소들입니다."
와탐,https://usercontents-c.styleshare.io/images/22749604/700x394,"WATAM -watam은 We are Always Together And glorious Moments ' 언제나 함께 하자 영광스러운 순간을 ' 이라는 모든것에 대한 차별 없이 웃고 즐기는 , 행복 할 수 있는 영광스러운 순간을 정상으로 잡고 센스 있는 자유로움으로 컬렉션을 진행 합니다 ."
왓해픈,https://usercontents-c.styleshare.io/images/33624434/700x394,"""무슨 일이야?""라는 이야기는  누구나 살아오며 한 번은 듣는 말입니다. 때때로 ""무슨 일이야?""란 말은 인사가 되기도, 안부를 묻는 말이 되기도, 재미난 일에 동참할 의사표시로도 사용되는 중의적 표현입니다. 

 저희 왓해픈은 때로는 편한 차림의, 한편으로는 멋을 낸 옷으로 일상생활에 당신에게 인사말처럼 다가가고 싶습니다."
왕스킨,https://usercontents-c.styleshare.io/images/22518391/700x394,왕스킨(WANGSKIN)은 1625 여성들의 니즈를 파악하여 트렌드를 주도하는 사랑스러운 뷰티브랜드입니다.
요미블리,https://usercontents-c.styleshare.io/images/21897144/700x394,귀엽고 사랑스러운 그대에게 요미블리와 함께 더욱 더 예뻐지세요
요코,https://usercontents-c.styleshare.io/images/35327136/700x394,
요키,https://usercontents-c.styleshare.io/images/25520410/700x394,"요키 YOKII는 young, optimum, kinetic, infinite, innocent 의 약어
“한계가 없는 최고의 핏웨어”를 모티브로 출발하여,
편안한 활동성과 바디라인이 돋보이는 핏의 프리미엄 레깅스 브랜드입니다."
요하닉스(YOHANIX),https://usercontents-c.styleshare.io/images/34703654/700x394,"BLACX_YOHANIX(블락스요하닉스)는 다크 유머와 사회풍자적인 주제를 과감한 컷팅과 비즈, 자수 등 
쿠튀르의 테크닉을 스트리트 웨어에 접목한 스트리트 쿠튀르(Street couture)를 지향하는 브랜드 YOHANIX의 스트릿 레이블입니다. 
매 시즌 YOHANIX 컬렉션 컨셉을 조금 더 직설적인 슬로건으로 녹여낸 스트릿 기반의 디자인을선보입니다."
욜로스토어,https://usercontents-c.styleshare.io/images/43127017/700x394,당신의 한번뿐인 인생을 응원하는 20~30대 여성의류 쇼핑몰 Yolo 입니다.
우드버리,https://usercontents-c.styleshare.io/images/19016282/700x394,WOODBURY(우드버리)는 아이메이크업 전문 브랜드로서 최상의 아이메이크업 제품을 만들고자 노력하고 있습니다. 명품의 고가 아이라이너를 구입하시려면 싱크로율 99.9%의 우드버리 아이라이너를 구입하세요.
우리일쌍,https://usercontents-c.styleshare.io/images/42009974/700x394,우리일쌍은 우리 역사와 전통의 가치를 재해석한 브랜드입니다.  역사와 전통이라 해서 딱딱하고 고지식한 느낌 보다 우리 일상에 스며들 수 있는 가치를 전달하기 위한 브랜드입니다.
우아,https://usercontents-c.styleshare.io/images/18816537/700x394,OOH-AHH(우아)는 매 시즌 스토리를 담은 컬렉션으로 감탄과 탄성을 자아내는 브랜드입니다.
우포스,https://usercontents-c.styleshare.io/images/39559652/700x394,"한국에서 개발한 특수 신소재 OOFOAM으로
발의 피로를 줄이고, 회복을 돕는 AFTER SHOE"
우화만,https://usercontents-c.styleshare.io/images/40815828/700x394,소비자의 경험과 아이디어를 바탕으로 진정성 있는 뷰티 상품을 만듭니다.
울리치,https://usercontents-c.styleshare.io/images/42282134/700x394,19세기 초반에 양모 공장으로 출발한 울리치(Woolrich)는 모던한 브랜드로 성장하면서 고성능 디자인으로 명성을 얻었습니다. 혁신적인 소재와 럭셔리한 마감으로 클래식한 장인 정신을 구현한 아이템을 파페치 컬렉션에서 지금 만나보세요. 프리미엄 겨울 아이템과 캐주얼한 필수 아이템을 모두 선보입니다.
울버린,,
워닝워닝,https://usercontents-c.styleshare.io/images/32441326/700x394,"워닝워닝은 특유의 캐쥬얼함과 유니크함이 묻어있는 스타일을 추구합니다. 
매시즌 새로운 'warning(경고)'라는 메시지를 담아 의류를 제작합니다. 
의복 전문가와 그래픽디자이너가 만나 새로운 상품을 연구하고 제작하여 
최고의 퀄리티를 지향하는 디자이너 브랜드입니다."
워샤 (WERSA),https://usercontents-c.styleshare.io/images/42863638/700x394,지친 당신에게 휴식을 선사하는 더 즐거운 하루를 만들어가는 헤어/바디 토탈 브랜드
원더러스트,https://usercontents-c.styleshare.io/images/25100271/700x394,"여행가, 방랑자라는 뜻의 wanderlust. 
여행의 모든 순간을 모티브로 한 Art work 브랜드입니다."
원더바스,https://usercontents-c.styleshare.io/images/20699102/700x394,
원더비지터,https://usercontents-c.styleshare.io/images/40160599/700x394,원더비지터는 “재미있는 제품이 재미있는 삶을 만든다”는 모토의 그래픽을 기반으로 하는 패션 브랜드로 80년대의 서브컬처 만화풍을 컨셉으로한 디자인을 주로 선보인다.
원더풀모먼트,https://usercontents-c.styleshare.io/images/37911763/700x394,"원더풀 모먼트 (Wonderful Moment)는 자체제작 브랜드로써
다년간의 의류제작을 통해 얻은 노하우를 바탕으로 
Silk Screen, Night Glow, 
Hotmel Film, Flock, Reflective
등의 소재로 다양한 인쇄방법을 사용한
독특한 프린트 디자인, 
브랜드 특유의 컬러와 패턴으로 만들어진 하이엔드 감성의 
2019년 New Brand 입니다."
원데이뉴트리션,https://usercontents-c.styleshare.io/images/43114625/700x394,"(주)원데이뉴트리션은 다이어트, 스포츠헬스보충식품을 직접 원재료를 수급하고 식약처 HACCP 기준으로 위해요소가 제거되고 위생적으로 생산된 제품을 소비자분들께 공급해드리는 전문업체입니다."
원데이즈유,https://usercontents-c.styleshare.io/images/36658811/700x394,"똑똑한 성분 , 정신한 원료
피부에 꼭 필요한 최적의 성분 레시피"
원씽,https://usercontents-c.styleshare.io/images/40736425/700x394,"ONE THING은 불필요한 비용을 걷어내고, 피부에 필요한 100%의 단 한가지의 재료를 제안합니다. • EWG 1등급 원료만을 사용한 100% 식물성 제품 • 재료이외 다른 화학 첨가물은 사용하지 않습니다."
원앤즈,https://usercontents-c.styleshare.io/images/41154723/700x394,"자신있게, 좋은 성분으로. 자연에서 유래된 핵심 성분을 주제로 한 자연주의 기능성 코스메틱 브랜드"
원오브어카인드,https://usercontents-c.styleshare.io/images/21778920/700x394,"컨템포러리 브랜드로써, 하위 문화에 기반하여 미니멀한 의상을 원 오브 어 카인드만의 방식으로 표현합니다."
원퍼제로,https://usercontents-c.styleshare.io/images/19636735/700x394,"ONE PER ZERO(원 퍼 제로)는 편안함을 기반으로한 미니멀한 디자인의 남성복 브랜드입니다. 브랜드 이름인 one per zero는 수학적으로 1/0으로 표기하며 결과값은 ‘정의할 수 없음’이지만, 접근 방식에 따라 무한대로 해석할 수 있는 수식입니다. 1과 0의 간단한 이진수 숫자의 조합이지만 접근 방식에 따라 ‘없음’과 ‘무한대’라는 광범위한 범위를 아우르느 수식 one per zero는 가장 심플하고 미니멀한 디자인으로 방대한 부분을 충족시키고자 하는 브랜드의 아이덴티티이자 이름입니다."
월트디즈니,https://usercontents-c.styleshare.io/images/19029913/700x394,WALT DISNEY(월트디즈니)는 세계적으로 사랑받고 있는 디즈니 브랜드 입니다.
웨이브유니온,https://usercontents-c.styleshare.io/images/34743095/700x394,"웨이브 유니온은 부산 바다에서 영감을 받은 그래픽디자인을 바탕으로 다양한 제품을 만드는 라이프웨어 브랜드입니다.
다양한 패션 제품들을 제작하고 있으며 바다를 지키는 ‘Clean beach’ 캠페인을 진행하여 한번의 프로젝트를 넘어 하나의 움직임이 되기를 희망합니다."
웨이워드,https://usercontents-c.styleshare.io/images/18816516/700x394,WAYWARD(웨이워드)는 크리에이티브하고 남들과 다르길 원하는 당신을 위합니다. 직접 생산을통한 합리적인 가격대와 오랜 시간 다져온 제품의 퀄리티를 바탕으로 매 시즌 유니크한 디자인으로 찾아가는 브랜드 입니다.
웨일컴퍼니,https://usercontents-c.styleshare.io/images/39930283/700x394,웨일컴퍼니는 자연스럽고 은은한 고품질의 향기를 통해 일상 속에서의 행복을 전하는 프래그런스 브랜드입니다.
웨츠,https://usercontents-c.styleshare.io/images/38133382/700x394,Black doesn’t fail’ 블랙중심의 무채색컬러 Modernism&Minimalism 스타일의 브랜드
웬아이디프,https://usercontents-c.styleshare.io/images/42757722/700x394,"웬아이디프는 단순한 의류브랜드가 아닌 스트릿 문화입니다.
"" 내가 다를 때 "" 라는 의미로 포스트 모더니즘적 사고와 철학을 중요시합니다."
웰던,https://usercontents-c.styleshare.io/images/1420f1e0-6e08-4bd6-bf11-1c2dbe319afd/700x394,"WELLDONE(웰던)은 Well(잘) + Done(마치다)의 합성어로 의미에 걸맞는 제작방식을 추구 합니다. 까다로운 ""PROJECT"" 방식을 거치는 저희 '웰던'의 제품들은 놓치기 쉬운 디테일에 많은 부분의 시간을 투자하며 'FINEST QUALITY'를 지향합니다."
웻앤와일드,https://usercontents-c.styleshare.io/images/43235135/700x394,"Breaking Beauty!
더 본능적이고 더 대담하게, 너만의 WILD를 꺼내봐!
더 강렬하고 유니크한 디자인으로 나만의 메이크업 튜토리얼 완성"
위글위글,https://usercontents-c.styleshare.io/images/18296245/700x394,"WIGGLE WIGGLE(위글위글)은 ""반복적이지만 즐거운 것은 없을까?’라는 단순한 물음에서 시작되었습니다. 톡톡 튀는 컬러와 개성 넘치는 위글위글 패턴들을 통해 당신의 일상을 즐거움으로 가득 채워보는 것은 어떨까요?"
위드고,https://usercontents-c.styleshare.io/images/24261437/700x394,"우유가 필요없는 시리얼, 그릇이 필요없는 시리얼,
물만 있으면 먹을 수 있는 시리얼 상상해보셨나요?

시리얼스웩 Cereal Swag은 기존의 시리얼이 가지고 있는 불편함과 고정관념을 깨고 간편하게, 개성있게, 스웩넘치게 시리얼을 섭취할 수 있도록 제작한 세상에 단 하나뿐인 시리얼입니다."
위드미,https://usercontents-c.styleshare.io/images/25367544/700x394,"프로패셔널 코스메틱, 매일매일 달라지는 즐거움 , WITHME"
위드샨,https://usercontents-c.styleshare.io/images/21216256/700x394,위드샨(WITHSHYAN)은 끊임없는 연구와 도전정신으로 셀프네일을 위한 획기적인 제품을 만들어가는 네일 전문 브랜드입니다.
위드앨리스,https://usercontents-c.styleshare.io/images/18296252/700x394,"WITH ALICE(위드앨리스)는 소소한 소녀의 마음을 닮은 파스텔톤 컬러와 클래식하면서 실용성이 좋은 수납디자인, 금속 장식 등 위드앨리스만이 가진 독특한 분위기의 제품들을 만들어나갑니다."
위드클렌즈,https://usercontents-c.styleshare.io/images/33039423/700x394,"위드클렌즈 #건강한오늘은 바쁜생활속 건강한 식습관의 정보를 함께 공유하고 바른식습관은 내일부터가 아닌 오늘부터 시작하자는 의미를 가지며 건강하고 안전한 먹거리를 빠르게 선보이는 젊은기업, 젊은 브랜드 입니다."
위빠남,https://usercontents-c.styleshare.io/images/19029923/700x394,"OUI-PANAME(위빠남)은 디자이너 유은송과 디자이너 줄리앙 코스통에 의해 시작되었으며, 프랑스인 - 한국인 브랜드이며, 심플한 워딩과 독특한 컬러 & 패턴의 프린팅으로 주목을 끌고 있습니다. OUI-PANMAE 의 ""oui"" 는 우리 처럼 ""yes""를 의미하고, 브랜드는 긍정적이고 오픈마인드적이고 평화로운 미래를 신뢰하며, ""paname""은 젊은 프랑스인들의 언어로 파리를 ""paname""이라고 칭하기도 한다."
위시다이어리,,
위시비,https://usercontents-c.styleshare.io/images/39946204/700x394,"your wishlist 위시비 

특화된 디자인 기반의 스마트한 디지털 리빙 라이프를 지향하며,
선별된 위시비 상품으로 고객만족을 드리고자 합니다."
위씨,https://usercontents-c.styleshare.io/images/23868639/700x394,"wissy는 영국의 클래식함이 녹아있는 브랜드로 베이직함을 놓치지 않으면서 클래식한 트랜드를 반영하여
유행을 타지 않고 소장가치 있는 제품을 생산하기 위해서 노력합니다.
 심플할수록 더욱 놓쳐서는 않되는 원단과 재단, 봉제의 퀄리티를 최우선으로 하며 품위와 가치를 높여주는
디자인으로 브랜드를 전개하고 있습니다.

자칫 투박할 수 있는 스트릿 브랜드들로 넘쳐나는 남성 브랜드들 사이에서 감성을 더하여 새로운 시각에서
새로운 필드를 창조해 나가려고 합니다."
위알유어프렌즈,https://usercontents-c.styleshare.io/images/23007588/700x394,"“ 우리들의 이야기를 만들어 입습니다.

어떤 이야기든, 그 이야기의 주인공은 당신이고 우리들은 당신의 친구이며, 당신을 응원합니다. ”

 


weareyourfriends는 오래된 친구들이 만든 레이블로,
우리는 당신의 친구다, 또는 당신의 친구를 입어라 라는 이중적인 의미를 두고 있으며
어떤 옷이라도 친구처럼 편하게 어울릴 수 있으면 하는 뜻에서 시작되었습니다.
우리의 옷을 갖게 되는 모두가 각자의 이야기로 가치를 부여했으면 하는 마음이며,
그를 위해 우리들의 이야기를 옷 속에 풀어내고 그것이 어떤 이야기이든 우리는 모두를 지지할 것 입니다."
위올노잇,https://usercontents-c.styleshare.io/images/25572445/700x394,"""WE ALL KNOW IT""는 변화에 대한 인간의 상반된 감정을 표현하며, 현대적인 스트릿 캐쥬얼 감성에 포커스를 맞추고 있다.
과거, 현재, 미래의 '시대'로부터 모티브를 얻어 현대적인 관점에서 만들기를 해나간다.
현대사회의 도시적이고 진보된 느낌을 다양한 그래픽으로 강조해보이며 다양한 기법의 나염과 자수로 담아냈다."
위위위,https://usercontents-c.styleshare.io/images/39252784/700x394,"WIWIWI는 우리가 입고 싶은, 편한 옷을 만듭니다."
위크유,https://usercontents-c.styleshare.io/images/43098722/700x394,"'나를 위한 속옷'을 모토로, 내가 선택한 란제리 하나로도 당당한 바스트 라인의 효과를 드리고자

여러MD디자이너가 함께 하나하나 직접 피팅과정을 거쳐서 선정된 란제리만 소개해드리는 푸시업란제리쇼핑몰 위크유입니다."
위클리랩,https://usercontents-c.styleshare.io/images/34901252/700x394,
윈마이,https://usercontents-c.styleshare.io/images/22762519/700x394,윈마이(YUNMAI)는 모두가 건강한 삶을 누릴 수 있도록 사용자의 라이프스타일에 기반한 연구를 통하여 다이어트의 동기부여와 건강한 삶에 도움을 주는 빅데이터 기반의 스마트 헬스케어 제품을 개발합니다.
윌리콧,https://usercontents-c.styleshare.io/images/18296265/700x394,"willicot(윌리콧)은 윌리콧 은 오스트레일리아-골드코스트의 젊음과 여유, 에너제틱 한 라이프 스타일 등 현지의 감성을 제품 디자인의 MOTTO로 삼고 있습니다. 남녀노소, 성별과 연령에 구애 받지 않는 EASY UNISEX 스타일을 기본 베이스로 하며, 가벼운 데일리룩 부터, 역동적인 스트릿 웨어, 감각적인 urban스타일까지 다양한 라인의 상품 구성을 가지고 있습니다."
윔지컬,https://usercontents-c.styleshare.io/images/38949012/700x394,"윔지컬은 엉뚱 발랄한, 기발한 4차원이라는 뜻으로 과감하고 도전적인 브랜드입니다."
유니,https://usercontents-c.styleshare.io/images/43042461/700x394,"UNI(유니)는 모두의 라는 뜻을 가진 프랑스어 UNIVERSEL의 UNI,
특별하다는 UNIQUE의 뜻인 UNI의 의미를 더하여
유니의 옷을 입은 모두가 특별한 사람 이라는 의미를 담아 만들어지는 옷입니다.
높은 퀄리티와 디테일에 중점을 두며 유니만의 색감을 더해 합리적인 가격대로 제품을 선보입니다."
유니레버,https://usercontents-c.styleshare.io/images/35308925/700x394,글로벌회사로 190개 이상의 국가에서 400개 브랜드를 보유
유니에르,https://usercontents-c.styleshare.io/images/23748574/700x394,유니에르는 퓨어니스 캐쥬얼 브랜드로서 'jour de fete' 축제라는 컨셉으로 미니멀리즘을 추구하면서도 자칫 진부 해질수있는 라이프스타일을 자신들만의 컬러포인트로 표현할수 있도록 제안합니다.
유니온 오브제,https://usercontents-c.styleshare.io/images/18296273/700x394,"UNION OBJET(유니온 오브제)는 커뮤니케이션을 중시하는 가방브랜드이며 소통""이 비단, 얼굴을 맞댄 대화만을 말하는 것이 아니며 오늘도 어디에서든 음악을 듣고, 다양한 시각적 매체를 보며, 몸의 촉감으로 많은것을 느끼면서 영감을 불러 일으키는 다양한 객체들과 소통하며 제작되는 브랜드 입니다."
유니온스페이스,https://usercontents-c.styleshare.io/images/21095242/700x394,
유니클럽,https://usercontents-c.styleshare.io/images/40143947/700x394,UNNY CLUB은 트렌드적이고 감각적인 컬러를 활용해 여성들의 개성과 매력을 유니크하게 표현해주는 메이크업 브랜드입니다. U NEED NEW YOU!
유니타,https://usercontents-c.styleshare.io/images/19029939/700x394,"UNITA(유니타)는 유니크하면서도 편안하고 실용적인 디자인을 바탕으로 다양한 소재들을 사용하여 고객의 요구에 맞게 제품을 생산, 공급하고 있는 패션전문기업 Junev k의 3rd collection입니다."
유니팝콘,https://usercontents-c.styleshare.io/images/25574974/700x394,"반짝 반짝 귀여운 유니콘이 사는 연보라 빛 가게
어디서도 볼 수 없는 라벤더 유니콘, 유니팝콘"
유니픽쳐,https://usercontents-c.styleshare.io/images/40676983/700x394,"언제 어디서든 변함없는 나만의 자신감,
하루종일 완벽한 색조 메이크업 유니픽쳐"
유닉스,https://usercontents-c.styleshare.io/images/41713293/700x394,"고객들의 건강한 모발 건조를 위한 유닉스의 40년 한결같은 마음""  품질에는 타협이 없다. 라는 경영철학을 바탕으로 한 유닉스의 흔들림 없는 노력은 어느덧 40년이 되어 대한민국의 대표 뷰티 가전 브랜드로 자리잡고 있습니다."
유리아쥬,,
유리프,https://usercontents-c.styleshare.io/images/41766096/700x394,"피부재생 연구원이 아내의 일상을 위해 만든 '현실주의 스킨케어 브랜드 유리프' 입니다.
반짝 좋아지는 피부가 아닙니다. 5년, 10년 후에도 '내가' 가장 건강하고, '내가' 가장 고운 일상피부. 이제, 당신의 이상을 일상으로 만드세요."
유베스코,https://usercontents-c.styleshare.io/images/5ab140db-a3c0-4e38-b7aa-18a309023282/700x394,
유센디(USen.D),https://usercontents-c.styleshare.io/images/40290728/700x394,"USen.D '감각적이되 실용적일 것'이라는 모토를 바탕으로 

단순히 예쁘기만한 디자인을 넘어 실용적인 디자인을 추구합니다."
유스포유스,https://usercontents-c.styleshare.io/images/25513538/700x394,"AOA , 나인뮤지스 , 10cm , 남태현 , 선우정아 등 셀럽들이 직접 구매해서 입는 옷으로 알려진 디자이너 브랜드로, 유스컬쳐를 베이스로 하는 미니멀함과 컨템포러리를 추구합니다."
유쓰배쓰,https://usercontents-c.styleshare.io/images/24844605/700x394,"‘YOUTHBATH’는 ‘'YOUTH, BE AT THE HEAD'의 약자로,

옷을 통한 매 시즌 다양한 작업과 활동을 통해 보여지는 모든 이미지에 중점을 두고 브랜드를 전개합니다.

‘YOUTHBATH’는 유쓰컬쳐 무드를 모티브로 젊은 세대들의 형식에  얽매이지 않는 자유로움을 추구하며,

과감하지만 단순한  LOGO PRINT 와 더불어 다양한 컬러매치 또는 스타일 매치를 통해 ‘YOUTHBATH’만의 독특한 감성을 나타냅니다."
유알스킨,https://usercontents-c.styleshare.io/images/23700281/700x394,"Yu.r SKIN SOLUTION 은 ""모든 중심을 당신에게 맞춘, 당신의 피부를 위한 브랜드"" 입니다.
평범함 속에서 창의적이고 트렌드의 혁신을 추구하는 브랜드 철학을 담고 있으며 내면에
감춰져 있는 매력적이고 자신감 있는 모습을 표현하고 싶어하는 당신을 위한 브랜드 입니다."
유어더레스,https://usercontents-c.styleshare.io/images/23170424/700x394,"매 시즌 컨셉에 맞는 그림들과 옷을 조합하여 단순히 옷을 넘어 또 다른 하나의 작품을 만들어낸다. 
2000년으로부터 시작된 젊음이지만 깊고 새로운 많은 것들을 담아내며 , 다양한 요소들을 포함한다. 
단순히 개인적인 우리의 고민을 넘어 당신 (your) 을 이루는 요소들 중 더 적은 (the less) 무언가를 채워줄 수 있는 옷을 만든다.
Your the less"
유어피스,https://usercontents-c.styleshare.io/images/42831182/700x394,"[your peace] - 유어피스는 your peace, your pleasure, your plus 라는 
슬로건으로 일상에서의 평화로운 시간을 응원하는 브랜드입니다.
마사지기부터 소형가전까지 일상에서 만나는 유어피스 브랜드를 통해 
보다 이로운 라이프스타일을 만들어가세요"
유엔지레이어,https://usercontents-c.styleshare.io/images/18296278/700x394,UNG LAYER(유엔지레이어)는 문화 전반에 걸친 아티스트의 협업을 통해 층을 창조하고 결손력을 단단히 하여 지속적인 영향을 꾀하는 브랜드입니다.
유주얼에딧,https://usercontents-c.styleshare.io/images/22542456/700x394,"2016년 3월에 런칭된 유주얼 에딧은 미니멀리즘 기반의 뉴웨이브 감각으로 디자인된 유니섹스 라이프스타일 브랜드입니다.
우리는 일상적인 옷을 일상적이지 않게 만드거나 일상적이지 않은 옷을 일상에서 즐길수 있게 만드는 작업을 합니다.
일상에서 즐길 수 있는 옷을 만들지만 일탈을 꿈꾸는 옷을 만듭니다. 성별과 연령의 경계를 허물며, '취향'에 초점을 두어 세대를 초월하는 디자인을 지향합니다."
유풍,https://usercontents-c.styleshare.io/images/20305191/700x394,"YUPOONG(유풍)은 1974년 설립 이후 40년이 넘는 역사를 자랑하는 모자 전문 브랜드로, 뛰어난 착용감과 높은 품질로 해외에서 인정받아 현재 60여개국에서 판매되고 있습니다.여러 SKATER BOARD / STREET브랜드의 기본 베이스로 YUPOONG CAP이 사용되어 생산되고 있습니다.합리적인 가격과 하이퀄리티의 NO.1 캡 브랜드입니다."
이고트립,https://usercontents-c.styleshare.io/images/33802293/700x394,'자기 도취 행위' 오직 나에게만 집중하는 브랜드입니다.
이글립스,https://usercontents-c.styleshare.io/images/39997994/700x394,최신 트렌드를 반영한 감각적이고 합리적인 가격의 제품을 서비스하는 글로벌 코스메틱 브랜드 '이글립스'입니다.
이네스네이쳐,https://usercontents-c.styleshare.io/images/39613201/700x394,"전문 아로마테라피스트가 직접 배합한 
천연의 재료에서 온 향기로운 바디케어제품 브랜드
나만의 아로마테라피로 달콤한 힐링을 즐겨보세요"
이네이처,https://usercontents-c.styleshare.io/images/38170824/700x394,그린 라이프 스타일 뷰티 브랜드 이네이처입니다.
이노트(ENOT),https://usercontents-c.styleshare.io/images/41995358/700x394,"트렌드에 민감하지 않은 실용적이고 미니멀한 디자인
모던하면서도 감각적인 디테일로 차별화된 디자인
좋은소재, 정교한 공정, 합리적인 소비를 지향 합니다."
이놈어닛,https://usercontents-c.styleshare.io/images/42759349/700x394,
이누이트,https://usercontents-c.styleshare.io/images/18838947/700x394,"INNUIT(이누이트)는 2004년 미국 ALASKA 주에서 탄생한 브랜드다. ""INNUIT""의 어원은 알래스카 원주민 언어로 ""인간"" 즉 사람을 뜻하는 단어로 자신들을 뜻하는 말이다. 이누이트 브랜드는 혹독한 기후에서 수천년을 살아남은 그들의 경이로운 생명력과 정신에 뿌리를 같이 한다는 의미이다."
이니스프리,https://usercontents-c.styleshare.io/images/42915845/700x394,
이레프 어글리덕,,
이모션플래닛,https://usercontents-c.styleshare.io/images/41907737/700x394,"EMOTION PLANET 은  늘 빠르게 급변하는 문화에도 쉽게 적응하고, 그 안에서 다양한 TREND를 감지하고 자신만의 TREND로 만드는   YOUTH세대를 위한 BRAND로서 더욱 새로운  감성을 즐겁게 만들어 내는 공간이라는 의미로 새롭게 런칭하는 BRAND 입니다. 
빠른 변화 안에서도 ,자신만의 감정과 문화를 접목시켜 그들만의 새로운 TREND를 만들어 내고, 적응해 가는 트랜드세터 세대를 위한 BRAND로 틀에 박히지 않는 자유로운 STREET 감성을 추구 합니다."
이베스가,https://usercontents-c.styleshare.io/images/0ee357f3-d43c-4966-b44a-adcda18f3d55/700x394,"스트리트 컬쳐와 웨어러블한 디자인을 접목하여 트렌드에 구애받지 않고 다양하게 연출할 수 있도록 구성 되었습니다.
감각적인 컬러 웨이와 로고 아트웍의 조화로 이베스가만의 뚜렷한 아이덴티티를 표현 하였으며,
레트로적인 요소와 특유의 볼드한 무드를 현대적으로 재해석하여 이베스가만의 트렌디한 룩을 선보입니다."
이브 살로몬,https://usercontents-c.styleshare.io/images/42727589/700x394,이브 살로몬(YVES SALOMON)은 브랜드의 시그니처 퍼를 부드러운 라인과 혁신적인 테일러드 실루엣으로 다양하게 선보입니다. 화려함이 돋보이는 컬렉션에서 시선을 사로잡는 옹브레 염색과 활용도 높은 어두운 색상에 주목하는 브랜드입니다.
이세이미야케,https://usercontents-c.styleshare.io/images/24eaa7fc-a44c-4d05-a7bf-9fcddf26de72/700x394,
이스트랜드,https://usercontents-c.styleshare.io/images/43094879/700x394,이스트랜드는 클래식하고 고전적인 디자인을 갖춘 양질의 레더슈즈를 제작해 왔으며 전세계 고객들이 클래식한 아메리칸 슈즈의 매력을 느낄 수 있도록 최선을 다하고 있습니다.
이스트인디고,https://usercontents-c.styleshare.io/images/35728619/700x394,"EASTINDIGO는 빈티지, 워크웨어, 아트컬처,

스트릿웨어를 기반으로 한 캐주얼 브랜드입니다."
이스트팩,https://usercontents-c.styleshare.io/images/18838972/700x394,"EASTPAK(이스트팩)은 세계적으로 유명한 가방전문 브랜드입니다.릭 오웬, 라프시몬스, 사일라스등과의 콜라보레이션 제품을 선보이며, 꾸준한 인기를 얻고 있는 글로벌 브랜드입니다. 특히 가방으로 다양한 패턴과 컬러 감각을 선보여줌으로써 가방으로 할 수 있는 폭을 넓히는데 기여하고 있습니다."
이십오퍼센테이지,https://usercontents-c.styleshare.io/images/f329a7db-123f-4f16-8ac8-5d82c4a5afaa/700x394,"25percentage (이십오퍼센테이지)는 베이직 캐쥬얼 스타일을 기반으로한 신진 디자이너 브랜드 입니다.
컬러와 디자인의 제약을 뛰어넘어, 매 시즌 새로운 컨셉을 제시합니다.
""MADE IN OUR SENSE"" 를 모토로 누구에나 어울리는 위트있는 스타일을 선사합니다."
이아이오,https://usercontents-c.styleshare.io/images/42706758/700x394,이아이오는 민감하고 연약한 피부를 위한 저자극 코스메틱 브랜드 입니다.
이어러쉐입,https://usercontents-c.styleshare.io/images/21897368/700x394,"이어러 쉐입 (IHRER SHAPE) 은 눈을 현혹시키는 화려한 패션보다는 조금 더 편안하게 다가갈 수 있는 브랜드 고유의 감성이 담긴 자연스러운 멋을 추구합니다. 이어러 쉐입만의 감성을 유지하며 트랜드에 맞는 스타일과 디테일을 적용하고 합리적인 소재를 사용하여 유행에 민감한 컨슈머와 기본에 충실한 컨슈머, 모두의 욕구를 충족시킬 수 있는 우리만의
룩을 만드는 것을 모토로 합니다."
이어맥,https://usercontents-c.styleshare.io/images/42694300/700x394,EARMAC은 모바일 액세서리 분야의 비즈니스 파트너 입니다.
이오유 스튜디오,https://usercontents-c.styleshare.io/images/38730253/700x394,"간결하면서도 미니멀한 무드로 생략의 미를 담은 이오유 스튜디오입니다.

이오유 스튜디오는 자연스레 어울릴 수 있는 삶과 취향을 위해 오롯이 집중하는 브랜드로 다가가고자 합니다."
이자벨마랑,https://usercontents-c.styleshare.io/images/43111019/700x394,"프랑스 대표적인 디자이너브랜드로 꼽히는 브랜드이며, 시크한 스타일로 재해석 하여 트렌디한 여성위주의 상품을 주력으로 판매중인 브랜드"
이조이,https://usercontents-c.styleshare.io/images/32777498/700x394,변화무쌍한 재밌는 브랜드
이즈,https://usercontents-c.styleshare.io/images/40499241/700x394,"Easy, Daily, Basic, Everyday wear'라는 슬로건을 브랜드 가치로 내세운 이즈(EASE)는 가장 편하게, 매일 누구나 손쉽게 입을 수 있는 옷을 만들자는 
취지로 탄생한 브랜드입니다. 편하고 합리적인 가격의 질 좋은 옷으로 승부하고 싶은 마음이 강한 브랜드로 매 시즌 브랜드 철학을 통해 
패셔너블이라는 접근하기 힘든 영역을 누구나 쉽게 접근할 수 있도록 제안합니다."
이즈로,https://usercontents-c.styleshare.io/images/42172215/700x394,"IZRO(이즈로)는 현 인류의 대한 고민과 이해를 표현하기 위해 연구하는 어페럴 브랜드, 현 시대의 인류의 모습을 표현하는 컨템포러리 브랜드, 이즈로는 현시대 인류의 숨겨진 내면에 대한 궁금증과 그것들의 표출방법에서 부터 시작 되었다. 인류가 가지는 외적인 모습과 내적인 모습의 양면성, 그들이 가지는 메세지와 동시대의 메세지. 이것들에 대한 고민과 연구가 옷이라는 오브제를 통하여 어떻게 표현되어질 수 있는지를 실험하는 브랜드다."
이즈앤트리,https://usercontents-c.styleshare.io/images/32533550/700x394,"피부가 필요로 하는 원료만  
정직하게 담았습니다."
이즈오프,https://usercontents-c.styleshare.io/images/29881233/700x394,"예술 문화의 모든 영향력을 기반으로 , 유니섹스 의류를 디자인하는 이즈오프 입니다."
이지무이,https://usercontents-c.styleshare.io/images/21511097/700x394,easymue(이지무이)는 쉽게 사고 쉽게 입을 수 있는 'easy'한 브랜드 입니다.
이지엔,https://usercontents-c.styleshare.io/images/41938110/700x394,셀프 헤어 스타일링 및 헤어 케어 브랜드
이지피지 EASY PEASY,https://usercontents-c.styleshare.io/images/43228686/700x394,"소개스킨케어는 쉽게, 메이크업은 즐겁게 당신의 여정을 함께하는 포터블 뷰티 브랜드"
이초이스,,
이치미,https://usercontents-c.styleshare.io/images/43043846/700x394,"ICMI(이치미)는 It's me 의 의성어로 나 자신을 뜻합니다. ICIMI는 우리가 함께 경험하고 살아가는 URBAN LIFE 스타일에 집중합니다. 
일상의 다채로움에서 영감을 받고 다양한 패브릭, 자연스러운 실루엣을 담아 매시즌 새로운 컬러와 디자인을 제안합니다."
