자넬라토,https://usercontents-c.styleshare.io/images/42759023/700x394,"ZANELLATO(자넬라토)는 1976년 이탈리아 비첸챠 지역에 설립된 핸드메이드 가죽제품 브랜드로 최상의 가죽소재,심플하고 실용적인 빈티지한 디자인을 추구하고 있는 브랜드입니다. 1950년대에 포스트맨(POSTMAN)가방에서 영감을 얻어 디자인된 ""포스티나백""은 장인의 숨결과 풍부한 감성이 묻어나는 자넬라토의 대표적인 백으로 이탈리아는 물론 유럽과 일본에서도 큰 사랑을 받고 있는 브랜드입니다."
자담선,https://usercontents-c.styleshare.io/images/42906263/700x394,"자담선; 자연을 담은 신선함
- 자연에서 배웁니다
- 자연에서 찾습니다
- 자연을 담은 신선함을 드립니다"
자르딘,https://usercontents-c.styleshare.io/images/40656548/700x394,"정원의 장미 로제드 자르딘
자연에서 온 신비로운 천연 보석을 테마로
첫번째 라인 장미빛 로즈쿼츠 마사지 도구를 선보입니다."
자연원,https://usercontents-c.styleshare.io/images/40660531/700x394,
자토(ZATO),https://usercontents-c.styleshare.io/images/32697170/700x394,"ZATO - ""Wear for good life!""라는 브랜드 슬로건에 맞게 comfortable과 Functionality을 토대로 좋은 옷에 더 좋은 의미를 담아 전합니다.
""좋은 삶을 위한 착용"" 지금 바로 경험해보세요. 우리는 작은 차이가 주는 일상의 큰 변화를 믿습니다."
잔스포츠,https://usercontents-c.styleshare.io/images/35038094/700x394,"JANSPORT(잔스포츠)는 1967년 여름, 즐거움과 새로운 발견을 표현하는 Original outdoor 제품 브랜드로 탄생되었습니다. 자유로운 사고를 표현하고 실용적인 디자인으로 전 세계 가방 시장 1위에 자리매김한 글로벌 브랜드입니다."
잼스트리트,https://usercontents-c.styleshare.io/images/38919439/700x394,"가장 기본적인, 가장 단순함에서 묻어나는 고유의 분위기를 모티브로 영감을 받는 브랜드입니다.
편한 옷에만 잘 어울리는 천 가방의 편견을 깨고 화려하거나 독특하지 않아도 가장 돋보일 수 있는 섬세한 가방을 만듭니다."
쟈니에스코,https://usercontents-c.styleshare.io/images/23983410/700x394,"디자이너 Johny esco의 슈즈 컬렉션으로 도시적인 감성의 컨템포러리 슈즈 브랜드입니다.
쟈니에스코는 슈즈가 가져야할 가장 필수적인 요소인 편안한 착용감을 최우선으로 고려하여 제작합니다."
저스트라이크디스,https://usercontents-c.styleshare.io/images/31697380/700x394,"JUST LIKE THIS는 ""그냥 이렇게만 해.""라는 뜻으로,
JUST LIKE THIS, COOL!(그냥 이렇게만해, 멋있잖아!)라는 슬로건을 가지고 진행하고 있는 브랜드입니다.
모든 쿨하고 멋진것을 지향하고 거기서 영감을 받아 제품들을 디자인하고 있습니다. 

'옷은 라이프스타일과 하나다' 라는 생각에서 시작하여
사람은 보고, 듣고, 먹고, 이야기 하고, 잊어버린 모든것의 총합이며
모든것이 삶의 영향을 준다고 생각합니다. 
그렇기 때문에 저희 브랜드와 제품들을 좋아해주는 사람들에게
'너무 많이 생각하기보다 그냥 이렇게만해!'라는 도전적이고 긍정적인 영향을 주는게
저희브랜드의 메세지이자 큰 목표입니다."
제너두웍스,https://usercontents-c.styleshare.io/images/38153392/700x394,"제너두웍스는 다다이즘을 기반으로한 의류, 영상, 사진 컨텐츠를 제공합니다.                  
의류는 동양적인 스트릿 캐주얼을 기반으로 하여 성별의 경계가 모호한, 현재의 트렌드를 벗어나지 않으면서도 새로운 방향의 룩, 즉 Alternative를 제안합니다."
제너럴아이디어,https://usercontents-c.styleshare.io/images/23152364/700x394,‘STANDARD’는 어느 틀에 규정될 수 없는 ‘지금’의 우리세대들의 이야기를 대변한 흐름과 방향속에 새로운 컬쳐코드를 제안하는 브랜드이다.
제네럴서비스,https://usercontents-c.styleshare.io/images/20428971/700x394,제네럴서비스(GENERAL SERVICE)는 MA-1 자켓에서 영감을 받아 제작된 다양한 가방 시리즈 브랜드입니다.
제니코코,https://usercontents-c.styleshare.io/images/36666949/700x394,안전하고 피부친화적인 착한 성분의 메이크업을 착한 가격으로 제시하는 코스메틱 브랜드 제니코코 입니다.
제니퍼로페즈,https://usercontents-c.styleshare.io/images/19587948/700x394,"제니퍼로페즈(JLO by JENNIFER LOPEZ)는 대중적 인기와 개성, 빼어난 미모, 폭발적인 가창력과 연기력 등 ""J.LO신드롬""을 일으키며 모든 여성들이 갈망하는 글로벌 브랜드로 자리잡았습니다."
제로솝,https://usercontents-c.styleshare.io/images/41154704/700x394,
제로플래닛,https://usercontents-c.styleshare.io/images/42196996/700x394,"제로플래닛은 당신이 어디에 있던 무엇을 하던 당신의 움직임에 자유를 선사합니다.
액티브 무드에 트렌디한 감성을 녹이는 디자인, 혁신적인 FABRIC과 퍼포먼스를 조합하여
내적인 기능 뿐 아니라 일상생활의 모든 움직임에도 당신과 함께할 것 입니다."
제멋,https://usercontents-c.styleshare.io/images/2d2d9cac-f982-471a-854e-db70f56e7622/700x394,"JEMUT(제멋)은 ""하나를 사도 제대로""라는 모토로 인스턴트식 유행이 아닌 입을수록 더욱 마음에 드는 옷을 만들기 위해 제품 제작 시에 원단 오더부터 제품에 사용되는 부자재들까지 제품에 맞게 디자인하며, 수십 년간 각종 해외 프리미엄 브랜드의 OEM 제품을 제작하는 생산라인을 통해 제작하여, 합리적인 가격으로 좋은 품질의 옷을 선보이는 이지캐주얼 브랜드입니다."
제옥스,https://usercontents-c.styleshare.io/images/22161276/700x394,GEOX(제옥스)는 캐쥬얼&모던스타일 MASSTIGE 브랜드입니다.
제이다울,https://usercontents-c.styleshare.io/images/21200571/700x394,"J.DAUL은 ""다함께 사는 우리""라는 뜻을 가진 '다울'에서 시작된 한국의 패션 브랜드 입니다.
신발산업의 메카인 부산에서 기획부터 생산까지 이루어지고 있으며,
꼼꼼한 검수과정을 거쳐 최상의 품질을 유지하고 있습니다.

J.DAUL은 신발을 신는 사람, 신발을 만드는 사람, 신발을 파는 사람, 모두를 위한 신발을 만듭니다.
J.DAUL의 신발로 인해 다 함께 살기 좋은 사회가 되었으면 합니다."
제이드이팩트,https://usercontents-c.styleshare.io/images/21737460/700x394,Jdeeffect는 성과 나이의 구속에서 벗어난 젠더리스 의류브랜드 입니다.
제이뮤,,
제이미,https://usercontents-c.styleshare.io/images/39914457/700x394,"흔하지 않은 나만의 유니크 감성, 주얼리 브랜드 제이:美"
제이스토리,https://usercontents-c.styleshare.io/images/652d8d08-2589-4c7a-9313-77650bc00884/700x394,"하루의 일상과 그 속의 소소한 기억, 그것들이 모여 우리 삶을 만들고
그 모습은 가방 한 구석, 노트나 스마트 폰 속 사진으로 기록 됩니다.
우리가 만드는 물건들에는 그런 기억들이 담기고.
그 기억들이 소중하게 기록되길 바라며 하루의 일상을 다시 시작합니다.

제이스토리는 기억과 기록의 가치를 당신과 공유하고자 합니다."
제이앤씨,https://usercontents-c.styleshare.io/images/21192351/700x394,"제이앤씨화장품은 1999년 설립 이후, '피부 개선 맞춤 천연화장품'이라는 브랜드 아이덴티티 하에 사람과 자연을 생각하는 순수 자연 제품으로 화장품 시장을 개척해왔습니다."
제이에스티나,https://usercontents-c.styleshare.io/images/41447434/700x394,"제이에스티나는 이탈리아의 공주이자 불가리아의 왕비였던 조반나 공주를 뮤즈로 탄생한 글로벌
럭셔리 브랜드 입니다.
제이에스티나 프린세스 조반나의 라이프 스타일에서 영감을 받아 현대적이고 트렌디한 감성으로
재해석하고 있습니다.
제이에스티나는 한국뿐 아니라 세계적인 탑 셀러브리티의 사랑을 받고 있는 브랜드입니다."
제이온벨,https://usercontents-c.styleshare.io/images/42522663/700x394,"캐주얼 트랜드를 추구 하며, 누구나 즐겨 입을 수 있는 아이템 구성으로 데일리 코디에 용이한 상품을 선보이는 스트릿 브랜드 입니다."
제이준,https://usercontents-c.styleshare.io/images/38841015/700x394,
제이플레이,https://usercontents-c.styleshare.io/images/326d2b53-408f-4911-b3c3-550b2ea374d8/700x394,제이플레이는 유행을 따르지 않는 클래식함을 기반으로 시간이 지나도 변하지 않는 가치와 절제된 아름다움을 추구하는 여성 데님 브랜드입니다. 간결함을 유지하고 다양한 스타일을 서로 레이어드하여 믹스매치 할 수 있도록 전개하였습니다.
제인스퍼,https://usercontents-c.styleshare.io/images/32554343/700x394,"제인스퍼는 

“고전을 해석하고, 그 속에서 새로운 세계를 찾는다.”

메시지가 담긴 브랜드 입니다.

일상의 익숙함 속에서 새로움을 발견하고, 고객에게 행복과 즐거움을 주고자 항상 노력합니다."
제주햇살,,
젠틀카모,https://usercontents-c.styleshare.io/images/38669699/700x394,"세계 최고의 도시 ‘뉴욕 ’의 트렌디한 남성의 감성를 담아
감각적이며 온화한 성향의 ‘GENTLE’ 과 시크하면서 남성미를 표현하는 ‘CAMO’ 의 
듀얼리즘을 통해 스타일리시한 현대 남성을 위한 라이프 스타일 솔루션을 제안합니다 ."
젠틀코드,https://usercontents-c.styleshare.io/images/35581270/700x394,"멋진 남자를 위한 시크릿 코드, '젠틀코드'
바쁜 도시를 살아가는 남자들을 위해 탄생한, 쉽고 빠르게 젠틀맨으로 완성시켜주는 남성 화장품"
젤라뜨리에,https://usercontents-c.styleshare.io/images/41765436/700x394,"손 끝에 담긴 나만의 감성
아티스트가 전하는 예술 감성 네일 아트 젤라뜨리에"
젤리크루,https://usercontents-c.styleshare.io/images/41710237/700x394,젤리크루는 SNS를 기반으로 활동하는 개인 작가들의 상품을 한눈에 모아 보고 간편하게 구매할 수 있는 브랜드입니다.
조단스,https://usercontents-c.styleshare.io/images/42483175/700x394,"아침은 먹어야 하는데 거창하게 요리하기 싫은 날이 있습니다.
간단하면서도 영양가 있는 좋은 음식이길 바라죠.
지금까지 드셨던 시리얼이 달고, 뭔가 자연스럽지 않으셨다면,
이제는 조단스를 선택할 타이밍입니다."
조말론,,
조성아22,https://usercontents-c.styleshare.io/images/20699099/700x394,20대의 생기와 에너지를 간직하라! 조성아22는 동안 메이크업의 창시자이자 K-뷰티 리더 조성아의 철학을 담아 바르는 순간 생기 있어 보이고 실제 피부 속까지 케어되는 관리형 색조 브랜드입니다.
조셉앤스테이시,https://usercontents-c.styleshare.io/images/42945049/700x394,"JOSEPH&STACEY(조셉앤스테이시)는 시대와 유행, 연령에 따라 변치 않는 디자인과 장인 정신을 추구합니다. 영국 빈티지를 현대적 감성으로 해석한 클래식, 관습과 독창성의 융합, 시대를 초월한 스타일로 매 시즌마다 장인 정신으로 태어나 당신을 새로운 럭셔리의 세계로 안내합니다."
조셉조셉,https://usercontents-c.styleshare.io/images/560f8d07-674d-4920-9f52-5d2d3d21de34/700x394,"""우리 주변의 평범한 물건들의 열악한 디자인은 사용자에게 문제를 일으킬 수 있습니다.""

조셉조셉은 쌍둥이 형제 리처드 조셉과 안토니 조셉이 각자의 전공과 경험을 살려 2003년 영국에서 설립한 현대적이고 모던한 디자인 전문 주방용품 회사입니다. 현대적이면서도 사려깊은 디자인과 생동적인 칼라와 다양한 기능의 제품으로 현재 전 세계 35국에서 판매되고 있습니다."
조슈아샌더스,https://usercontents-c.styleshare.io/images/42787254/700x394,
조이오브엑서사이즈,https://usercontents-c.styleshare.io/images/21728289/700x394,"2017년 여름, 조이오브엑서사이즈는 'WARMING UP'이라는 타이틀로 그 시작을 알립니다. 앞으로 진행해 나갈 조이오브엑서사이즈만의 스포티하고 유니크한 감성과 방향을 반팔티 7가지 모델에 각각 담아 표현했습니다."
존바바토스,https://usercontents-c.styleshare.io/images/19587959/700x394,
줄라이미,https://usercontents-c.styleshare.io/images/38497920/700x394,
쥬네스,https://usercontents-c.styleshare.io/images/34684065/700x394,"JNSS(쥬네스)는 다양한 시각으로 청춘을 바라보고 누구도 쉽게 규정될 수 없는 그들만의 이야기를 전달합니다. 
청춘의 숨결이 닿는 모든 곳, 그 곳에 자연스럽게 녹아들어 보이는 것 그 이상의 무언가에 집중합니다. 자신의 여정의 작고 사소한 것에도 지나치지 않고 자신만의 스타일로 일상을 만들어가는 이들을 위해 자연스럽지만 세밀하게 조율한 쥬네스만의 밸런스 있는 스트릿 감성을 제안합니다."
쥬리웨니,https://usercontents-c.styleshare.io/images/21208762/700x394,쥬리웨니는 뷰티 트렌드에 민감하고 건강한 아름다움을 모티브로 하여 현대적인 감각과 트렌드에 맞는 아름다움을 선보입니다.
쥬세페자노티,https://usercontents-c.styleshare.io/images/42727051/700x394,
쥴리어스,https://usercontents-c.styleshare.io/images/38232727/700x394,"쥴리어스 시계는 2000년 국내에 도입된 이후 최고의 패션 브랜드로 
세련된 디자인과 컬러풀한 이미지를 기본 컨셉으로 10대에서 30대까지 
폭넓게 선호되고 있는 브랜드 입니다.
매년 해외시장 진풀을 통해 글로벌 패션 브랜드 상품이란 이미지를 
구축하고 있으며 세계최대의 스위스 바젤전시회뿐 아니라 중국 전시회에
참여하고 있습니다.
쥴리어스 시계를 만드는 회사가 아니라 한국의 문화를 세계에 판매하는 회사 입니다."
지나인스킨,https://usercontents-c.styleshare.io/images/37164442/700x394,안티 시티 폴루션 브랜드 지나인스킨
지니더바틀,https://usercontents-c.styleshare.io/images/39613620/700x394,피부 스스로 건강할 수 있도록 만들어 주는 힘. 지니더바틀
지미추,https://usercontents-c.styleshare.io/images/19587955/700x394,
지방시,https://usercontents-c.styleshare.io/images/20964597/700x394,엘레강스하면서도 귀족으로서의 품위를 자랑하는 지방시의 특징은 헐렁하지 않고 몸에 들어맞는 라인과 불필요한 장식을 배제한 단순하면서도 화사한 디자인에 있습니다. 실크뿐 아니라 각종 소재를 자유자재로 구사하며 심플함과 편안함을 강조하는 지방시는 패션에 민감한 여성들이 가장 선호하는 브랜드로 입지를 굳혀가고 있습니다.
지샥,https://usercontents-c.styleshare.io/images/21140510/700x394,G-SHOCK(지샥)은 전세계적으로 수백 만 명의 마니아를 갖고 있는 casio의 세계적인 시계대표브랜드 중 하나입니다. G-SHOCK은 다양한 프리미엄 제품 및 콜라보레이션 출시로 많은 사람들에게 프리미엄 전자시계로 통하고 있습니다.
지아이디어,https://usercontents-c.styleshare.io/images/18839116/700x394,GIDEA(지아이디어)는 산뜻한 컬러감과 오버사이즈 실루엣의 제품을 통해 젊은 감성의 많은 사람들과의 교감을 추구합니다.
지알에이트(GR8),https://usercontents-c.styleshare.io/images/34830867/700x394,"어떠한 선택도 최선의 선택이 될 수 있도록 오늘도 당신은
Always, GR8!"
지오마,https://usercontents-c.styleshare.io/images/39380407/700x394,"미네랄이 풍부한 요르단 사해소금이 함유되어 있는 이탈리아 NO.1 바디스크럽 브랜드
지오마와 함께 빛나고 아름다운 바디로 가꿔보세요 !"
지유,https://usercontents-c.styleshare.io/images/40755792/700x394,"JOY IN YOUR LIFE

[지유]는 당신의 일상에 작은 즐거움을 주는 제품을 생각하는 브랜드입니다."
지이라이팅,,
지프,https://usercontents-c.styleshare.io/images/41167142/700x394,"지프(JEEP)는 자유와 가능성의 상징으로 1941년에 탄생해 지금까지 그 명성을 잇는 브랜드입니다. 지프를 떠올릴 때 가장 먼저 생각이 나는 모험, 자유, 가치 그리고 오리지널리티에 기반을 두고 디자인하며 패션 라인은 오리지널 라인인 지프, 프리미엄 빈티지 캐주얼 지프 스피리트(JEEP SPIRIT), 라이프스타일 콘셉트의 지프 브랜드(JEEP BRAND), 아메리칸 헤리티지 감성의 지프 클래식 컬렉션(JEEP CLASSIC COLLECTION)으로 전개합니다."
지플랫,https://usercontents-c.styleshare.io/images/22817311/700x394,G-FLAT(지플랫)은 다양한 활동성과 자유로운 life-style을 위한 street-brand로 G-FLAT만의 독창적인 편집과 재해석을 통한 상품 기획을 추구합니다. 또한 trend한 item과 손쉬운 mix-match를 통해 street와 graphic design의 대중성을 지향하며 detail과 delicate를 통한 새로운 street-brand의 시각을 제시합니다. G-FLAT에게 fashion은 hot item을 좀더 유쾌하고 심플하게 재해석하여 상품의 가격 거품을 빼고 보다 질좋은 상품을 소비자에게 선보임을 원칙으로 합니다. SPA를 추구하며 fast-fashion의 대중성을 G-FLAT만의 재해석으로 보다 빠르게 소비자에게 제시합니다.
지홍,https://usercontents-c.styleshare.io/images/18296290/700x394,JIHONG(지홍)은 간결한 디자인에 고급스러운 느낌을 가미한 디자이너 가방 브랜드입니다. 단순함의 미학에 조금 특별한 감성을 담은 가방을 만듭니다.
질 바이 질스튜어트,https://usercontents-c.styleshare.io/images/1504310b-d8c4-4572-9dd8-fd5853f1187f/700x394,"PROGRESSIVE, POSITIVE, PASSION + POP ART 질바이질스튜어트 액세서리는 젊은 소비자들의 실생활과 밀접하게 연관된 실용적인 컨템포러리 스타일을 선보입니다. 질스튜어트 특유의 로맨틱하고 모던한 개성을 유지하면서도, 경쾌한 스트리트적인 요소를 가미하였습니다. JILL은 사전적인 의미로 여성, 애인을 의미합니다. 발랄하고 튀는 당신의 애인, 질바이질스튜어트 악세사리입니다."
차코,https://usercontents-c.styleshare.io/images/18371565/700x394,"CHACO(차코)는 1989년, 콜로라도 강에서 래프팅 가이드로 일하던 Mark Paigensms에 의해 탄생되었습니다. Mark Paigensms는 구두 직공이었던 경험을 살려 그의 동료 가이드들을 위한 스포츠 샌들을 만들기 시작했으며 아웃도어 헤리티지를 간직한 브랜드답게 우수한 착화감과 내구성을 자랑합니다."
참스,https://usercontents-c.styleshare.io/images/42281874/700x394,"CHARM""S는 ""매력적인 것들""을 뜻하며 우리의 옷을 입은 사람들은 매력적이라는 의미를 담고 있습니다. 모든 시즌 Collection은 Couple Look 을 바탕으로 영화나 음악과 같은 다양한 문화에서 영감을 받아 그 안에 담겨있는 ""사랑""에 대한 감정들을 CHARM""S만의 색으로 심플하고 부드럽게 표현하려고자 합니다. 또 시즌마다 사랑을 주제로 한 ART PROJECT도 함께 진행하고 있습니다. We knock love inside your heart. CHARM""S"
참존,https://usercontents-c.styleshare.io/images/38603563/700x394,약사출신 CEO가 제안하는 코스메슈티컬 기초화장품 전문 브랜드
채르앤,https://usercontents-c.styleshare.io/images/21854471/700x394,채르앤(chae le N)은 페미닌하면서도 시크한 캐주얼을 지향하는 컨템포러리 브랜드입니다.
채윤614,https://usercontents-c.styleshare.io/images/40318029/700x394,"과학이 준 아름다운 힘!
엄선된 자연 원료로 제대로 만들었습니다.
자연주의 화장품 채윤614"
챔피온,https://usercontents-c.styleshare.io/images/37467000/700x394,"Champion(챔피온)은 1919년에 설립된 이후로 높은 퀄리티의 후디 및 메쉬 재질의 제품들을 생산함으로써 미국, 유럽, 일본 등 세계적으로 꾸준히 인기를 얻고 있는 스포츠 의류 브랜드입니다."
처치스,https://usercontents-c.styleshare.io/images/42786787/700x394,영국을 대표하는 슈즈 디자이너 브랜드 처치스는 1873년부터 고급 여성화를 제작해오고 있습니다. 클래식 브로그부터 세련된 로퍼까지 모든 신발에 엄선된 가죽을 사용하여 브랜드의 장인이 정성껏 제작하고 있으며 수준 높은 디자인과 완성도를 보증합니다.
청담소녀,https://usercontents-c.styleshare.io/images/37724104/700x394,"깨끗하고 맑게 웃는 여자
청담소녀는 여성을 존중하는 마음에서 시작합니다.
여성의 건강하고 편안한 일상을 위해 안전하고 가치 있는 상품만을 만듭니다."
청춘농장,https://usercontents-c.styleshare.io/images/42270525/700x394,청춘농장은 어렸을 때 부터 서로가 서로에게 힘이 되어 주던 두명의 청년이 함께 만든 브랜드로 우리 몸에 도움이 될 수 있는 정직한 식품을 만들기 위해 노력하는 브랜드 입니다.
청춘전투,https://usercontents-c.styleshare.io/images/42928500/700x394,이 시대 청춘들의 라이프 푸드브랜드 ::: 청춘전투가 당신을 응원합니다!
체리빌레,https://usercontents-c.styleshare.io/images/43113623/700x394,매일 신상 업데이트! 러블리 데일리룩 체리빌레
체리콘,https://usercontents-c.styleshare.io/images/402f777a-4984-4e94-aab3-ff43ba9a504f/700x394,체리콘은 심플함과 귀여움을 기반으로 실용적인 아이템들을 디자인합니다.
체크메이트,https://usercontents-c.styleshare.io/images/20915071/700x394,
첼시,https://usercontents-c.styleshare.io/images/35957497/700x394,첼시/CHELSEA 핸드폰케이스 전문
츄,https://usercontents-c.styleshare.io/images/18490582/700x394,
츄바스코,https://usercontents-c.styleshare.io/images/18839227/700x394,"CHUBASCO(츄바스코)는 미국 샌디에이고에 본사를 둔 아웃 오더 슈즈 메이커입니다. 해안가 도시에서 캠핑과 서핑 등의 스포츠를 즐기며 자란 디자이너들에 의해 디자인되었습니다. 멕시코 전통신발인, 가죽을 땋아 만든 ""Huarache""에서 영감을 얻어 나일론, 레더 위브, 소가죽 등의 현대 소재와 기술을 응용하여 편안함과 쾌적함을 제공합니다."
츄파춥스 뷰티,https://usercontents-c.styleshare.io/images/21187257/700x394,스윗하고 달콤하게 빛나는 웃음을 선사하는 츄파춥스 뷰티입니다.
츠루리아,,
치스윅,https://usercontents-c.styleshare.io/images/25512100/700x394,"CHISWICK(치스윅)은 다양한 문화 속 소비자들의 NEED를 제품으로 표현하고 치스윅 만의 감성으로 복각, 재해석, 믹스 매치하는 제조기반의 디자인 브랜드입니다."
치치,https://usercontents-c.styleshare.io/images/21251810/700x394,"CHiCHi♥(치치♥)는 키치한 감성을 담아낸 잡화 브랜드입니다. 주요 상품은 가방,모자로 독특하면서도 베이직한 디자인, 합리적인 가격으로 소비자분들께 가깝게 다가가려하는 브랜드입니다."
치카이치코,https://usercontents-c.styleshare.io/images/24615510/700x394,"치카이치코는 스페인어로 [ 소녀, 그리고 소년 ] 이라는 뜻 입니다.
10대 20대 청춘들의 다양한 피부고민 뿐만 아니라
나이대에 맞는 문화적인 트렌드까지 반영한 제품을
만들어 나가는 Young-culture 코스메틱 브랜드 입니다."
카고브로스,https://usercontents-c.styleshare.io/images/22826768/700x394,"2011년 가을 탄생한 카고브로스(Cargobros)는 단순한 수납을 위한 사각형의 물건을 만들어 내는 대 그치지 않고, 트렌드와 오리지널 백팩이 갖추어야할 기능의 보더라인에서 새로운 클래식(New Classic)을 추구합니다. 또한 스케이터,바이커,여행가,작가,디자이너,학생,직장인 등 고객들의 다양한 라이프스타일에 요구되는 기대치(Wants)와 필요(Needs)를 고려하여 매 시즌 캠페인(Campaign)을 펼칩니다."
카네브로스,https://usercontents-c.styleshare.io/images/28611107/700x394,"CANE BROS (카네브로스)는 눈으로 보이는 Groovy와 뚜렷한 individuality를 담고있는 Dark Street 브랜드 입니다. 
차별화 된 원단감과 유려한 핏을 고급화 전략으로 하며, Symbol에서 느껴지는 다크한 무게감이 뚜렷한 브랜드의 스타일을 표현합니다. 
매 시즌 컬렉션마다 컬러 포인트 매치를 달리하고, Street의 매력을 선보이기 위한 합리적 소재 Select과 Development는 물론 매니아를 위한 'Black street'이 아닌 대중을 위한 'Dark street'을 지향하여ㅡ 
Street Style만의 특유 감성을 충분히 느낄 수 있습니다. 


Cane corso + Brothers = CANE BROS 
카네코르소의 역사와 강인한 정신과 육체, 수호의 상징과 형재애 
인문주의적 휴머니즘을 지향하고자 하는 의지를 나타냄."
카라디움,https://usercontents-c.styleshare.io/images/de574221-b9a0-40d6-8846-932cf789885c/700x394,"나를 꽃피우다, 카라디움"
카르후,https://usercontents-c.styleshare.io/images/43003208/700x394,"2018년 SS시즌 한국에 처음으로 정식 런칭되는 핀란드 스포츠 브랜드 Karhu [카르후]. 100년의 역사와 전통, 기술력을 가진 브랜드로 전통과 혁신이 조화를 이룬 퀄리티가 뛰어난 운동화를 제안한다. 가볍고 슬림한 Champion air/ Albatross와 튼튼하고 활동성이 좋은 Synchron/Fusion 2.0 모두 4가지의 모델로 새롭게 선보일 예정이다."
카멜워크,https://usercontents-c.styleshare.io/images/31732375/700x394,"CAMELWORK

CAMEL WORK(카멜워크)는 장인정신(匠人精神)을 바탕으로 좋은 소재를 사용한 활용도가 높은 제품을 만드는 것을 아이덴티티로 삼고 있는 브랜드입니다.

우리는 패션을 통하여 대중과 소통하는 것을 지향하며, 시즌마다 개성 넘치는 아티스트와 COLLABORATION PROJECT를 진행하고 있습니다."
카미노스트릿,https://usercontents-c.styleshare.io/images/24851578/700x394,"CAMINO의 철학인 'Your best assistant.' , 'We always be with you.'를 가지고 매시즌 센서티브한 테마로 풀어내고 있는 서울을 기반으로한 디자이너 브랜드입니다."
카미안느,https://usercontents-c.styleshare.io/images/38349062/700x394,"camiane(카미안느)는 프랑스 스파디자이너의 에스테틱 레시피에 영감을 받아 탄생한 고기능 홈케어 코스메틱 브랜드입니다. 
청담동 VIP 스파 노하우가 담긴 피부 유형별 최적의 뷰티 솔루션을 만나보세요."
카밀,https://usercontents-c.styleshare.io/images/38815060/700x394,일명 항공사 핸드크림으로 유명한 카밀은 180년 전통의 독일 국민 브랜드 입니다.
카바스&알레,https://usercontents-c.styleshare.io/images/19581828/700x394,SECOND UNIQUE NAME(세컨드유니크네임)은 영보이즈만의 베이직한 감성과 다양한 컬러가 담긴 영보이즈의 새로운 패션 소품 레이블 입니다.
카시오,https://usercontents-c.styleshare.io/images/25811144/700x394,"CASIO(카시오)는 스트리트 패션에서 유명한 쥐샥(G-SHOCK)의 모 회사입니다. CASIO는 카시오 형제가 설립한 것으로 형제 중 형 '카시오 토시오'가 전자계산기를 발명함으로써 시작되었습니다. 그 후 1946년 카시오 제작소를 본격적으로 창립하며, 전자계산기 외 전자 시계 등 전자 제품을 만드는 회사로 성장하게 됩니다. CASIO는 저렴한 가격, 클래식한 디자인, 기능성을 담보로 세계인에게 끊임없이 사랑 받는 전자 시계 브랜드가 되었습니다."
카오코탈라이푸,https://usercontents-c.styleshare.io/images/23699495/700x394,"카오코탈라이푸는 바디케어의 나라 태국에서 가장 핫한 천연 바디케어 브랜드입니다.

자연의 힘을 극대화한 카오코만의 특별한 바디케어 라인업을 만나보세요"
카카오프렌즈,https://usercontents-c.styleshare.io/images/38557396/700x394,
카파,https://usercontents-c.styleshare.io/images/23082420/700x394,"KAPPA는 1916년에 이탈리아에서 탄생하였습니다. 이탈리아를 넘어 세계적인 스포츠 브랜드로 발전하게 된 KAPPA는 이에 그치지 않고, 본연의 HERITAGE함과 새로운 흐름의 ORIGINALITY를 조화롭게 접목하여 패션 스포츠 브랜드로서 재탄생되었습니다. 스포츠웨어가 가지고 있는 한계성을 뛰어넘어 YOUNG WAVE한 컨텐츠들과의 협업물들은 새로운 KAPPA 탄생의 원동력이 되었고, 이러한 도전은 현재에도 계속 진행 중에 있습니다."
칵테일샤워,https://usercontents-c.styleshare.io/images/25858539/700x394,"당신을 취하게 할 바디 전문 브랜드 ""칵테일샤워"""
칼라타스,https://usercontents-c.styleshare.io/images/40141838/700x394,"칼라타스는 유명셀럽들이 사랑하는 
헤어컬러 염색유지의 전문 보색샴푸입니다."
칼렙디자이어,https://usercontents-c.styleshare.io/images/18839319/700x394,"KALEB DESIRE(칼렙디자이어)는 시대적인 트랜드를 쫒지 않고, 실용적이면서 자신만의 스타일을 찾는 트랜디세터들을 위한 브랜드입니다. 칼렙디자이어는 단순히 패션아이템으로 그치는것이 아니라 자신의 잠재력을 표출하는 하나의 창구로써의 역할을 하기를 지향합니다. 많은 사람들에게 선택되어 지기보다는,잠재력을 발휘하는 소수의 사람에게 선택되어 지기를 원합니다."
칼미아,https://usercontents-c.styleshare.io/images/25374331/700x394,
칼하트,https://usercontents-c.styleshare.io/images/25512078/700x394,"CARHARTT WIP(칼하트 WIP)은 칼하트 USA와는 엄연히 다르며, 유럽에서 전개되는 브랜드입니다. CARHARTT WIP은 소재와 FIT, 다양한 그래픽을 추가하여 유럽 최고의 스트릿웨어 브랜드가 되었습니다. BMX, SKATE, ARTIST 등을 끊임 없이 후원하며 스트리트 웨어로써 입지를 굳혔으며, 데님과 티, 재킷 등 모든 카테고리에서 최고의 제품을 만들어 내고 있습니다."
칼하트 WIP,https://usercontents-c.styleshare.io/images/25049647/700x394,
캉골,https://usercontents-c.styleshare.io/images/25512050/700x394,"KANGOL(캉골)은 1938년 영국의 컴브리아 지역에서 탄생한 캉골의 이름은 캉골 모자의 소재인 니트(Knitting)와 앙고라(Angora) 그리고 울(Wool)의 합성어로 만들어진 브랜드입니다. 2차 세계대전 당시 영국 군에게 모자를 공급하면서 유명세를 타게 되다 1954년 앞 끝이 단단한 소재의 베레모 ‘504’모델로 세계적인 히트를 치게 되었고, ‘트로픽(Tropic)’이라는 캉골을 대표하는 소재를 사용한 본 모델은 그 해 가장 확고한 위치의 베레모가 되었습니다. 미국, 남아프리카 지역으로 유통망을 넓혀가며 피에르가르뎅과 메리 퀀트 등의 유명한 디자이너들과 함께 합작 라인을 생산한 글로벌 브랜드입니다."
캉골(워치),https://usercontents-c.styleshare.io/images/23557509/700x394,"1938년 영국의 컴브리아 지역에서 탄생한 캉골의 이름은 캉골 모자의 소재인 니트(Knitting)와
앙고라(ANGORA)와 울(WOOL)의 합성어로 만들어졌으며 2차 세계대전 당시 영국 군에게 모자를 공급하면서 유명세를 타게 되었습니다.
캉골은 미국,남아프리카 지역으로 유통망을 넓혀가며 피에르가르뎅과 메리 퀀트 등의
유명한 디자이너들과 함께 합작 라인을 생산하면서 글로벌 브랜드로 성장하게 되었습니다."
캐나다구스,https://usercontents-c.styleshare.io/images/42727222/700x394,"60년전, 캐나다 토론토의 작은 창고에서 시작한 캐나다구스는 세계적인 명품패션이 선두주자로 성장하였습니다."
캐나디안포뮬러,,
캐럿티카,https://usercontents-c.styleshare.io/images/40522977/700x394,빛나는 피부에 보석의 가치를 더하다.
캐스키드슨,https://usercontents-c.styleshare.io/images/36038499/700x394,"CATHKIDSTON(캐스키드슨)은 생활에 유쾌함을 드리는 모던 빈티지 컨셉의 라이프 스타일 브랜드로 악세서리, 가방, 홈, 패션, 키즈 총 5개의 카테고리 다양한 제품을 보유하고 있습니다"
캐트리스,https://usercontents-c.styleshare.io/images/37541031/700x394,"유럽의 최신 패션 트레드를 빠르게! 가성비 업!
코스메틱 스파 브랜드, 캐트리스
아름다움을 향한 전세계 여성들의 열정을 지지합니다"
캔디랩,https://usercontents-c.styleshare.io/images/32345156/700x394,"캔디랩은 자유롭고 새로운 것을 시도하기 좋아하는,메이크업이 조금 더 즐겁고 재미있어지길 바라는 뷰티걸들에게 영감을 주기위해 탄생된 브랜드입니다."
캔디베리머치,https://usercontents-c.styleshare.io/images/32607753/700x394,"CANDY VERY MUCH는 캔디의 형태와 색상에서 영감을 받은 두명의 시각 디자이너에 의해 탄생한 디자인 스튜디오 입니다.
우리는 캔디를 닮은 가방을 디자인하고 있습니다.
CANDY VERY MUCH의 캔디샵에 오신걸 환영합니다."
캔리프,https://usercontents-c.styleshare.io/images/18839416/700x394,"CANLEAP(캔리프)는 더 높게 뛰어넘다. 길게 뛰어오를 수 있다라는 뜻을 가졌으며, HGH QUALITY 제품을 합리적인 가격으로 소비자들에게 매시즌 다양한 제품을 선보이는 EASY STREET 브랜드입니다."
캔메이크,https://usercontents-c.styleshare.io/images/42084248/700x394,CANMAKE(캔메이크)는 겟잇뷰티 컨실러 1위 브랜드입니다.
캘빈클라인,https://usercontents-c.styleshare.io/images/42759366/700x394,
커먼 레이블,https://usercontents-c.styleshare.io/images/42929053/700x394,"Common Label

편하고 쾌적한, ""데일리 어글리"" 스니커즈
1. 숨겨진 키높이 6CM 가능
2. 말랑거리는 IP 인솔로 가벼운 착화
3. 레이어링 U토 3M 디테일,트랜디 매쉬 믹스
4. 오솔라이트 인솔로 통기성, 향균 기능"
커먼프로젝트,https://usercontents-c.styleshare.io/images/42727197/700x394,
커버라인,https://usercontents-c.styleshare.io/images/19594857/700x394,시선을 사로잡는 라인의 비밀 Leg미인 ! 커버라인입니다.
커버먼트,https://usercontents-c.styleshare.io/images/34877442/700x394,"커버먼트는 주변의 시설과 환경요소, 다양한 컬쳐에서 영향을 받아 디자인 되는 커버먼트는 거부감이 없는 심플한 디테일에 다양한 포인트를 주어 커버먼트만의 아이덴티티와 유니크함을 표현하는 브랜드 입니다."
커스텀리퍼블릭,https://usercontents-c.styleshare.io/images/18839584/700x394,"CUSTOM REPUBLIC(커스텀 리퍼블릭)은 ‘맞춤’ 이라는 의미의 Custom 과 ‘공화국’ 이라는 의미인 ‘Republic’의 합성어로 이름을 정한 의류 브랜드입니다. Custom Republic 은 대량생산을 지양하고 ‘통가죽’ 과 ‘실용성’, 그리고 ‘수납공간’ 이란 요소를 ‘Lifestyle’의 틀 위에서 해석하는 것을 모토로 삼고 있습니다."
커스텀바이오,https://usercontents-c.styleshare.io/images/42705405/700x394,나를 위한 프리미엄 100억 CFU 유산균
커스토막스,https://usercontents-c.styleshare.io/images/40519529/700x394,"customaxx doesn't ruin the classic design but try to reinterpret it to be more polished and add trendy value to it

공식화 되어아고 있는 기존의 classic design의 본질적 가치를 지키면서,
다양한 시도를 통하여 customaxx의 컬러로 재해석하여 조금 더 세련되고,
트렌디한 가치를 더하는것을 추구하는 브랜드입니다"
컨버스,https://usercontents-c.styleshare.io/images/25822276/700x394,"CONVERSE(컨버스)는 100년의 역사를 가지고 있는 오리지널 아메리카 브랜드이며 트랜드를 타지않는 전통적인 브랜드로서, 전세계 180여개국에서 판매되고 있으며, 전 세계적으로 10억켤레 이상을 판매한 베스트셀러 브랜드의 명성을 이어가고 있습니다."
컨셉츄얼,https://usercontents-c.styleshare.io/images/25970196/700x394,"컨셉츄얼은 옷을 입는 사람이 가진 본연의 개성이 옷과 잘 어우러져 같은 옷을 입어도 각자 다른 매력과 컨셉으로 표현될 수 있도록 심플하고 베이직한 룩을 10~20대가 열광하는 문화적 코드를 담아 스포츠, 아웃도어 룩을 응용하여 표현하고 있습니다.

시즌마다 새로운 주제를 통해 감각적인 컨셉과 재치있는 표현 기법으로 스트릿룩의 베이직 스타일을 완성합니다."
컨시크,https://usercontents-c.styleshare.io/images/38917901/700x394,"모험적인 디자인에 실용적 기능을 더한 제품으로 누구나 쉽게 숨겨진 매력을 끌어내어 
표현할 수 있게 도와주는 감각적인 메이크업 브랜드"
컬러그램톡,https://usercontents-c.styleshare.io/images/41813949/700x394,"0.1그램의 미묘한 차이까지도 재현한 나의 컬러를 만드는 새로운 단위
세상의 모든 컬러를 다 담은 Colorful World!
그 안에서 만들어가는 나만의 Colorful Look!

컬러와 놀며 진짜 나를 만나는 시간, Color Play Makeup Brand"
컬러딥,https://usercontents-c.styleshare.io/images/25252868/700x394,"홈쇼핑 매진!매진!매진!
색조 전문 브랜드 컬러딥
버릴 것 없는 립 컬러와 개성있는 팔레트가 돋보이는 브랜드"
컬러랩,https://usercontents-c.styleshare.io/images/31850399/700x394,손 끝에서 기작되는 트렌디한 컬러
컬러스파크,https://usercontents-c.styleshare.io/images/19019132/700x394,"COLOR SPARK(컬러 스파크)은 무난하면서 멋져 보이는 스퀘어모양으로 제작된 Trendy 선글라스브랜드 입니다. COLOR SPARK만의 색상으로 표현한 프레임은 T.R소재로 만들어져, 가볍고 착용감이 좋으며 유연성이 뛰어나 파손확률이 적습니다. 케이스는 T-Shirts 브랜드 axt와의 콜라보레이션을 통해 제공되기 COLOR SPARK만의 위트 있고 트렌디한 감성을 느낄 수 있습니다."
컬럼비아,,
컬티브,https://usercontents-c.styleshare.io/images/20613885/700x394,"컬티브는 CULTURE와 MOTIVE의 합성어로 우리 생활 곳곳에 자리잡은 스트릿컬쳐에서 영감을 얻고, 즐기며,함께 입을 수 있는 옷을 만들고자 시작 되었습니다. ASOLID BASIC IS ALWAYS START FROM INVISIBLE 단단한 기반은 언제나 보이지 않는 것에서 부터 시작 한다는 기본 마인드로 구매자와 보는 사람의 마음을 충족시킬 최고의 원단 퀄리티, 그리고 입는 사람의 편안함과 실용성을 생각한 유즈풀한 디테일을 중요시 합니다."
케이브로스,https://usercontents-c.styleshare.io/images/40519743/700x394,"메마른 땅에 첫 눈이 내려 수분을 주듯, 당신의 피부에 수분을 채워드립니다. 
반갑습니다. 케이브로스입니다."
케이스로직 (Caselogic),https://usercontents-c.styleshare.io/images/34160029/700x394,"라이프는 더욱 진보하였지만, 삶은 여전히 복잡합니다.
 노트 대신에 태블릿을, 핸드폰은 작아졌지만 배터리까지.삶을 더욱 심플하게. 
1984년 미국 콜로라도에서 시작된 케이스의 진정한 가치."
케이팔레트,https://usercontents-c.styleshare.io/images/19019126/700x394,K-Palette(케이팔레트)는 일본 드럭스토어 아이라이너 부문 5년 연속 판매 1위에 빛나는 브랜드입니다.
케인피오니어,https://usercontents-c.styleshare.io/images/42128240/700x394,KEIN PIONIER (케인 피오니어)는 시즌별 감각적 컬렉션을 선보이는 Genderless Homewear 디자이너 브랜드 입니다.
케즈,https://usercontents-c.styleshare.io/images/35038079/700x394,"KEDS(케즈)는 100년 가까이 되는 기간 동안 Keds는 오리지널 스니커 브랜드로 자리매김하게 되었습니다. 한 시대를 풍미했던 ‘오드리 헵번’, ‘마릴린 먼로’, ‘재클린 케네디 오나시스""등 역사적인 인물들로부터 사랑을 받은 Keds의 위대한 유산은 현재까지 전해지고 있습니다."
켈란서프,https://usercontents-c.styleshare.io/images/21666683/700x394,"켈란은 POWERFUL, STRONGLY, HEALTHY SPIRIT을 의미하는 라이프스타일 브랜드입니다."
켈리앤스테판,https://usercontents-c.styleshare.io/images/40566570/700x394,"합리적이고 실용적인

스타일 감성 디자인 브랜드 켈리앤스테판"
코닥,https://usercontents-c.styleshare.io/images/28614507/700x394,"필름, 인화지, 일회용카메라 등 사진, 인쇄, 영화의 다양한 분야에서 상품을 개발 제조하고 있는 글로벌 브랜드 입니다."
코랄리크,https://usercontents-c.styleshare.io/images/38587202/700x394,"CORAL+BOUTIQUE. 트렌디한 스윔웨어 라인 브랜드. 감각적인 디자인과 컬러로 바닷가만이 아닌 페스티벌룩으로 연출 가능.
어깨 스트랩끈이 DIY로 탈부착 가능해 다양한 스타일링 재미를 선사."
코린드팜,https://usercontents-c.styleshare.io/images/19019145/700x394,Corine de Farme(코린드팜)은 프랑스 유명 제조업체 라보라토리살벡이 직접 제조&관리하는 브랜드입니다.
코링코,https://usercontents-c.styleshare.io/images/18861550/700x394,"CORINGCO(코링코)는 누구나, 쉽게 예뻐질 수 있도록 Magic Stick이 되어드립니다. 누군가를 위한 설레임. 피부에 스치는 느낌마저 기분 좋은 부드러움을 제공합니다."
코브,https://usercontents-c.styleshare.io/images/37759467/700x394,"코브(COVE)는 자기 표현을 의미하는 "" SELF-EXPRESSION "" 의 슬로건으로 

개인의 특성에 맞는 다양한 표현을 중요시하는 브랜드입니다.  

차별화된 스타일이지만 옷장에 오래 남을 수 있는 아이템을 지향합니다."
코스노리,https://usercontents-c.styleshare.io/images/38798972/700x394,
코스알엑스,https://usercontents-c.styleshare.io/images/36290054/700x394,"COSRX(코스알엑스)는 전문적으로 고민하고 연구하는 코스메틱 장인의 정신으로 화장품의 새로운 기준을 만들고, 기준을 제시하며 기준이 되는 효과 좋은 화장품을 만듭니다."
코스포유,,
코엘프,https://usercontents-c.styleshare.io/images/25840066/700x394,코엘프(KOELF)는 엘프의 영속적인 아름다움을 추구하는 브랜드로서 20~30대의 당당하고 화려한 아름다움을 대변하고 있습니다.
코우코우,https://usercontents-c.styleshare.io/images/42484695/700x394,일반적인 틀을 벗어난 네츄럴한 무드의 유니크함과 감각적인 아이템 구성으로 하나의 상품에 여러가지 의미를 담아 느낌을 달리하는 크로스-코디를 제안합니다.
코이,https://usercontents-c.styleshare.io/images/e5c4d710-680f-40e2-aca2-efdb6d7b7246/700x394,"코이는 가상의 소설 속 작은 물고기를 
주인공으로하여 코이의 시선으로 전개되는 
브랜드의 스토리텔링을 보여주고자합니다. 
매 시즌 단순하고 간결함을 강조하는 디자인으로 
미니멀리즘 트렌드를 반영하여 전개하는 컨템포러리유니섹스브랜드입니다."
코이핍,https://usercontents-c.styleshare.io/images/21497023/700x394,코이핍은 COY(수줍어하는)와 FIB(거짓말)의 합성어로 소녀들의 풋풋함을 경쾌함과 즐거움으로 풀어낸 브랜드입니다. 시즌마다 새로운 테마로 걸리쉬한 감성을 웨어러블한 아이템으로 선보입니다.
코치,https://usercontents-c.styleshare.io/images/42759280/700x394,"1941년 미국 뉴욕 맨해튼의 가죽 공방으로 시작한 명품 브랜드 코치(Coach)는 편안하고 편리한 디자인, 수준 높은 장인정신과 최고의 소재를 통해 미국의 대표 브랜드로 전 세계에 명성을 떨치고 있습니다."
코케트스튜디오,https://usercontents-c.styleshare.io/images/37430588/700x394,"“매력적인, 교태 부리는, 멋부리는 ”뜻을 가지고 있으며
“소년은 철들지 않는다”라는 브랜드 슬로건을 가지고 있습니다. 
모던 룩을 기반으로 믹스 매치를 더해 새로운 룩을 제안합니다."
코코링,https://usercontents-c.styleshare.io/images/22147987/700x394,"오직 COCORING(코코링) 에서!
문구류 부터 가방,파우치 모든 악세사리 까지 유니크한 아이템 모음의 브랜드 입니다.
악세사리는 모두 핸드메이드 제품으로 10대~20대 젊은 세대로부터 인기를 받고 있는 코코링 입니다."
코코모즈,https://usercontents-c.styleshare.io/images/23465398/700x394,"COCO와 MODS의 합성어로서, 제품의 주소재인 신소재 코코넛 천연섬유를 의미하는 COCO와 영원한 젊음을 지향하는 MODS(모즈룩)이 만나 자연주의소재와 감각적이고 독창적인 디자인의 조화를 추구합니다"
코쿼드,https://usercontents-c.styleshare.io/images/39451974/700x394,COQUAD(코쿼드)는 국내 정식 라이센싱 계약을 체결한 모바일 악세사리 제조·유통 브랜드입니다. 포켓몬스터·짱구는못말려·케어베어·텔레토비·세일러문 등 세계적인 캐릭터들을 모바일 액세서리에 표현하여 고객에게 보다 넓은 선택권을 제공하는 것이 COQUAD의 가장 큰 목표입니다.
코튼캔디,https://usercontents-c.styleshare.io/images/38946572/700x394,코튼캔디와 함께 오늘도 달콤한 하루가 되길 기원합니다.
콘크리에이트,https://usercontents-c.styleshare.io/images/35371160/700x394,"CONCREATE 는 시각적인 것을 추구하는 것 보다, 담백하고 유연하며
모든 사람이 편하게 즐기면서 입을 수 있는 옷을 만들자 라는 생각으로 디자인 된 브랜드 입니다.

2018년 9월 가을에 시작하셔 '서울'을 기반으로 디자인하는 캐쥬얼 브랜드 입니다.
CONCREATE/'다시 한번' 이라는 의미를 가지고 있으며,
매시즌 센서티브한 스토리와 유행에 구애받지않는 콘크리에이트 만의 PAGE 로 선보일 예정입니다."
콘크리프,https://usercontents-c.styleshare.io/images/37194291/700x394,"콘크리프는 각각 다른 요소들이 모여 일상생활에서 들리는 소음들에
영감을 받아 디자인하는 유니섹스 브랜드 입니다."
콘트로바날레,https://usercontents-c.styleshare.io/images/24380599/700x394,"[콘트로바날레]는 이태리어로 지독한 평범함에 맞선다는 의미입니다.
적절히 절제되어 세련된 바이브와 감각적인 디테일이 은근히 드러나는 클래씨한 스트릿 스타일을 추구하는 젠더리스(유니섹스)브랜드로서 의류 및 잡화를 전개하고 있습니다."
콜카,https://usercontents-c.styleshare.io/images/19015864/700x394,"콜카(KOLCA)는 전세계 최고의 브랜드가 되기 위해 쉬지 않고 달려온 역동적이고 생동감 넘치는 에너지를 로고에 담아낸 복고감성 스니커즈. 90년대의 복고 감성을 담아내면서도 세련되고 감각적인 디자인으로 어떠한 장소,스타일에도 어울리는 스니커즈를 런칭하고 있습니다."
콜한,https://usercontents-c.styleshare.io/images/23749890/700x394,"콜한은 전통적인 제작방식에 현대적인 기술을 접목한 웰메이드 슈즈 브랜드입니다
전통적인 구두 제작방식과 혁신적인 현대적인 기술의 조화로 콜한만의 스타일의 웰메이드 슈즈를 선보이고 있습니다."
콰이어티스트,https://usercontents-c.styleshare.io/images/38480693/700x394,"QUIETIST(콰이어티스트)는 정적주의자 라는 의미를 지닌, 서브컬쳐 각 분야의 아티스트가 모여 2012년 만들어진 브랜드 입니다.
Classica Habit 이라는 하나된 슬로건 아래 일상에서 추구하는 조용하지만 웅장한 울림, 노멀하지만 위트 있는 룩으로 유니크한 감성을 담아내고 있습니다."
쿠드굿무드,https://usercontents-c.styleshare.io/images/32372227/700x394,
쿠드기어,https://usercontents-c.styleshare.io/images/19662052/700x394,쿠드기어(COOD GEAR)는 COOL&GOOD의 합성어와 장비를 의미하는 GEAR의 조합으로 멋지고 좋다는 의미를 내포하고 있으며 세련된 디자인과 기능은 물론 최상의 품질을 추구하는 이념에서 출발한 브랜드입니다.
쿠로이,https://usercontents-c.styleshare.io/images/36337347/700x394,"2018년 11월에 런칭된 쿠로이는 젠더 프리 컨셉의 잡화 브랜드입니다. 
스타일리쉬한 스트리트 감성의 백팩과 숄더백이 메인 아이템이며 추후 토털 브랜드로 확장 예정입니다. 
자매 브랜드로는 이루나니 와 투오가 있습니다."
쿠르피스튜디오,https://usercontents-c.styleshare.io/images/35371802/700x394,쿠르피 스튜디오는 소소한 일상의 한부분을 그림으로 담아 패션잡화로 접목시켜 디자인합니다.
쿠스티에,https://usercontents-c.styleshare.io/images/41572698/700x394,"Power of Flower
리얼 꽃잎이 전하는 특별한 꽃의에너지"
쿠커리,https://usercontents-c.styleshare.io/images/40755597/700x394,"'Delicious everyday' COOKERY

""Cookery""는 멋있는 일상보다는 맛있는 일상의 즐거움을 지향하는 브랜드입니다.
요리법이라는 단어의 의미 그대로 우리들의 맛있는 일상을 위한 요리법(제품)을 선보이며, 
우리들의 일상을 더 맛있게 만든느 라이프스타일 브랜드입니다."
쿤달,https://usercontents-c.styleshare.io/images/24000009/700x394,자연을 담은 프리미엄 네이처 브랜드.
쿨선생,https://usercontents-c.styleshare.io/images/32432466/700x394,"열있는 부위에 쿨선생 패치 하나면 끝!
다리관련 독보적인 제조기술과 노하우를 가진 라쿠르약품 자체 브랜드입니다."
쿨이너프스튜디오,https://usercontents-c.styleshare.io/images/e78e25e0-2ded-4664-9672-4b873f14d262/700x394,디자이너의 감성을 담은 욕실전문 아이템 브랜드
쿼터브,https://usercontents-c.styleshare.io/images/40274191/700x394,쿼터브는 남다른 라이프스타일을 꿈꾸는 스타일리더들을 위해 유니크하고 새로운 패션 트렌드를 만들어낸다.
퀄팩(qualpack),https://usercontents-c.styleshare.io/images/22319264/700x394,"퀄팩은 독특하지 않은 평범한 시각으로 제품을 만들고 있습니다.
일상 생활에서 어디서든 가볍게 들 수 있는 보통 사람의 데일리 백이 되길 바랍니다."
퀸트로,https://usercontents-c.styleshare.io/images/43012371/700x394,Essentials of Home : 퀸트로는 심플한 디자인으로 생활에 꼭 필요한 가전을 만드는 생활가전 브랜드입니다.
큐리티,https://usercontents-c.styleshare.io/images/33189540/700x394,"curetty(큐리티)는 cute 와 pretty의 합성어로 세상의 모든 귀여움과 예쁨을 소유하고 싶은 10대 소녀들의 이야기를 담고 있습니다.
SNS를 통해 자기 개성을 나타내고 싶은 10대들에게 유니크하면서 활용도 높은 아이템들을 제안합니다."
큐어시스(CURESYS),https://usercontents-c.styleshare.io/images/25374364/700x394,"CURESYS : CURE + SYSTEM 당신의 가치를 알기에,믿음에 대한 약속
큐어시스는 일대일 병원 치료는 아니지만, 매일 피부에 손쉽게 사용이 가능하며, 전문적인 관리 하에 피부개선 효과를 누릴 수 있는 데일리 케어 제품을 선보이겠다는 일념으로 시작하였습니다."
크람(KRAM),https://usercontents-c.styleshare.io/images/41555430/700x394,"매일 매일 따뜻하고 가벼운 발걸음의 행복함을 느껴보세요.


스웨덴식 인사 KRAM : 크람
스웨디쉬들은 반가운 포옹 ‘ Kram (크람) ’으로 기쁜 마음을 표현 합니다. 
Kram은 서로의 심장의 온기가 느껴질 정도로 가깝게 포옹을 하는 스웨덴식 인사를 의미 합니다.
Kram은 그들의 따뜻한 허그처럼‘행복을 더하다’라는 슬로건으로 시작 되었습니다.


우리가 하는 사소한 행동들 하나 하나에서 영감을 얻고
즐거움을 느끼고, 일상생활 속 평범한 순간들을 더욱 특별하게
만드는 데일리 라이프 스타일을 제안 합니다."
크랭크,https://usercontents-c.styleshare.io/images/39946371/700x394,"크랭크는 괴짜, 별난 사람이란 뜻으로 유니크한 사람들의 라이프 스타일과 감성을 장난스러운 디자인으로 풀어 선보이는 스트릿 브랜드입니다."
크럼프,https://usercontents-c.styleshare.io/images/8e0fc045-3731-4f15-bc14-9ebe8bb67902/700x394,Crump는 스트릿의 한 장르인 Krump와 Cloth의 합성어로 진취적이고 역동적인 스트릿 웨어를 지향하는 PUBLIC STREET BRAND입니다. have belied 라는 슬로건 아래 획일화된 사회통념에 억압받지 않고 자신만의 신념을 지켜나가길 응원합니다. Crump는 스트릿 감성을 기반으로 한 진취적인 메세지를 옷을 통해 공유하길 바랍니다.
크렁크베어,https://usercontents-c.styleshare.io/images/35580628/700x394,KRUNK(크렁크)는 YG 아티스트로 등록되어 있으며 YG 엔터테인먼트에서 여러 활동을 펼치고 다양한 굿즈로 판매되고 있는 셀럽 베어 캐릭터 브랜드입니다.
크렘,https://usercontents-c.styleshare.io/images/19588000/700x394,"크렘은 욕실의 기본인 “비누”로부터 시작하는 라이프 스타일 브랜드입니다. 불어로 크림, 진하고 달콤한 리쾨르, 가장 좋은 것을 뜻하는 “크렘”은, 디자트나 음료 위를 부드럽게 꾸며주는 것처럼 일상에 더해지는 Rich and Sweet을 추구합니다."
크로스드레슬리,https://usercontents-c.styleshare.io/images/21037527/700x394,"Crossdressly는 남녀 상관없이 누구나 입을 수 있으며, 매 시즌 다양한 소재로 디자인합니다.
보통 주변에서 쉽게 볼 수 있는 사물, 풍경을 옷에 자연스럽게 담아내며 디자인합니다."
크로스애비뉴,https://usercontents-c.styleshare.io/images/26383142/700x394,CROSS AVENUE는 톱니바퀴처럼 굴러가는 일상생활의 굴레에서 벗어나 자유로움을 갈망하는 10/20/30대 누구나 입을 수 있는 STREET BRAND 입니다.
크로스커렌트,https://usercontents-c.styleshare.io/images/31870454/700x394,크로스커렌트는 미니멀리즘을 기반으로한 스트릿브랜드입니다.
크록스,https://usercontents-c.styleshare.io/images/18900309/700x394,"CROCS(크록스)는 미국 콜로라도 볼더에서 소박하면서도 편안한 보트 슈즈로 시작한 크록스 슈즈는 오늘날 수백스타일의 남성용, 여성용, 어린이용 스타일이 전세계에서 판매되고 있습니다. 차별화된 컬렉션을 가지고 있는 크록스는 사계절, 어느때나 잘 어울리며 컬러풀하고 가벼워 편안함을 드립니다."
크루클린,https://usercontents-c.styleshare.io/images/34704196/700x394,크루클린은 간편한 캐주얼룩부터 자유분방한 스트릿웨어까지 구사하는 감각적인 컬러와 옷의 퀄리티를 중요시하는 스트릿 캐주얼 브랜드입니다.
크리니크,,
크리드,https://usercontents-c.styleshare.io/images/33271989/700x394,유럽 왕실이인정한 향기의 명가. 250년의 역사 만큼 변하지 않는 가치를 지닌 니치향수 대표 브랜드입니다.
크리스브라운,https://usercontents-c.styleshare.io/images/22758597/700x394,CHRISBROWN(크리스브라운)은 미국의 유명 R&B 팝가수 Chris Brown의 자유분방하고 격식없는 음악세계를 동경하여 만들어진 데일리 컨템포러리 캐쥬얼 브랜드입니다. 베이직에 근간한 identity를 지키면서 적절한 trend를 접목하는 컨셉으로 젊은 감각의 pure casual을 지향합니다.
크리스찬 루부탱,https://usercontents-c.styleshare.io/images/42727292/700x394,"관능적인 레드솔로 전 세계 여성을 사로잡은 크리스찬 루부탱(Christian Louboutin). 파리에서 태어난 Christian Louboutin은 이탈리아에서 신발 제작 기능을 익혔고, 명품 브랜드의 슈즈 디자이너로 활동하며 경험을 쌓은 후 자신의 브랜드를 론칭하였습니다. 

직원이 칠한 매니큐어에서 영감을 받아 탄생한 시그니처 레드솔은 사랑과 열정의 상징으로 정열적이고 섹시한 브랜드의 아이덴티티를 표현합니다. 이탈리아의 장인정신과 감각적인 파리지앵 디자인으로 완성된 크리스찬 루부탱의 슈즈 컬렉션을 만나보세요."
크리스찬디올,https://usercontents-c.styleshare.io/images/42756679/700x394,
크리스챤디올,https://usercontents-c.styleshare.io/images/b2972f43-ac2e-4fc0-b743-5aae219aabd7/700x394,
크리스틴,https://usercontents-c.styleshare.io/images/20292810/700x394,크리스틴(KRISTIN)은 세상에서 가장 편안한 신발을 만드는 것을 지향하는 브랜드로 편안함을 중심으로 심플하면서도 감각적인 디자인을 추구합니다. 디자인부터 생산까지 직접 모든 작업을 진행하는 전문적인 디자이너 슈즈 브랜드로 캔버스화 최초로 천연라텍스화를 직접 제작하고 있습니다. 아시아를 비롯하여 전세계 슈즈패션을 선도하는 국내 유일의 프리미엄 여성 슈즈 브랜드입니다.
크림스랩,https://usercontents-c.styleshare.io/images/34521057/700x394,"크림스랩은 베이직하고 모던한 실루엣과 유니크한 감각적인 스타일을 제안합니다.
합리적이며 편안함과 기능성, 멋을 동시에 추구할 수 있는 스타일리쉬한 제품을 만나보실 수 있습니다."
크림슨코크,https://usercontents-c.styleshare.io/images/22817358/700x394,"크림슨코크는 순수미술 작업을 통해 회화적인 감성이 담긴 디자인을 만듭니다.
모든 제품은 소속 작가의 드로잉 , 수채화 그림을 기반으로 하여 제작됩니다.
제품을 통해 어느 작가의 작품을 감상하는 듯한 기분을 느낄 수 있도록, 
크림슨코크만의 자연적이고, 독특한 그림체의 감성을 공유합니다."
클라란스,,
클락스,https://usercontents-c.styleshare.io/images/5691dc8f-0708-4767-b863-b26c729ec38e/700x394,
클래씨,https://usercontents-c.styleshare.io/images/40192246/700x394,"BE SLIM!
클래씨 서울은 레그쉐이퍼, 레그라이너와 같은 다리가 얇아지는 뷰티템을 통해 편리한 방법으로 여성들의 니즈를 맞춰나가고 있는 브랜드 입니다."
클랙스클로,https://usercontents-c.styleshare.io/images/42127740/700x394,"CLAXCLO는 'Classic'의 의미에 모티브를 두고 있는 디자이너 브랜드입니다.
변하지 않고 오랜시간 지속될 수 있는 스타일을 추구하며,
누구나 편하게 입을 수 있고 누구에게나 의미있는 디자인으로 다가가고자 합니다.
평범함과 특별함의 균형을 이룰 수 있는 'Item',
한장의 옷보다는 하나의 'Classic'이 되길 지향합니다."
클랜디,https://usercontents-c.styleshare.io/images/38389147/700x394,
클럿 스튜디오,https://usercontents-c.styleshare.io/images/18900305/700x394,CLUT STUDIO(클럿 스튜디오)는 하이패션을 지향하는 동시에 하위문화를 동경하는 독특한 성향의 브랜드입니다. 이는 넓은 스펙트럼을 가능하게 해 다양한 방법으로 제품에 녹아내립니다
클레어스,https://usercontents-c.styleshare.io/images/32344855/700x394,클레어스(klairs)는 민감성 피부를 위한 저자극 스킨케어 브랜드 입니다.
클레이,https://usercontents-c.styleshare.io/images/43003399/700x394,"2016년 가을/겨울 시즌 새롭게 선보이는 브랜드 Clae는 2001년 런칭한 브랜드로, 로스엔젤레스의 라이프 스타일을 추구하는 미국 브랜드이다. Clae는 로스엔젤레스의 역동적인 라이프 스타일과 감성을 반영하여 클래식한 실루엣의 footwear를 Clae만의 현대적인 감각으로 재해석한 컬렉션을 선보이고 있다."
클레터로즈,https://usercontents-c.styleshare.io/images/64829678-d814-47bb-ba4a-9c7fbbe07b85/700x394,"특별해지고 싶을 땐, 클레터로즈와 함께 하세요!"
클로란,,
클로이,https://usercontents-c.styleshare.io/images/39612629/700x394,"당신의 일상을 함께 공유하는 cloi

누군가는 취미생활에, 
누군가는 나른한 오후를 보내며, 
누군가는 데이트 준비를 하며, 
클로이 시계와 함께 시간을 보냅니다.

 

클로이는 여러분의 일상이 
더욱 풍부하고 스타일리쉬 할 수 있도록, 
합리적인 가격으로 다가가는 디자이너 브랜드 입니다."
클로티,https://usercontents-c.styleshare.io/images/43228198/700x394,"CLOTTY는 시그니처 심볼 솜사탕을 연상하여 '몽글몽글' 이라는 뜻을 담았다. 심볼 솜사탕과 로고플레이, 일상에서 어우러지는 유니크한 컬러를 사용해 유스컬처를 지향하는 영 캐주얼 브랜드이다."
클루,https://usercontents-c.styleshare.io/images/42566299/700x394,"<러블리 감성 토털 액세서리> 클루는 2005년부터 꾸준히 사랑 받아온 러블리 감성 액세서리 브랜드로

실버와 골드 쥬얼리부터 시계, 지갑과 미니백의 다양한 기프트를 제안합니다."
클루즈(CLUSE),https://usercontents-c.styleshare.io/images/38512753/700x394,"클루즈 워치는 단순함에서 아름다움을 찾는 사람들에게 사랑받는 브랜드로써
단순한 것은 평범한 것이 아니라 생각하여 산만함에서 벗어나 
삶에서 정말로 중요한 것들에 집중했습니다.
이러한 사고 방식을 통해 클루즈 워치는 우아함과 미니멀리즘을 대표하는
시계를 만드는 데 전념하고 있습니다.
그들의 스타일을 표현하는 사람들의 일부가되기를 희망하는 시계.
클루즈 워치는 최고의 모습을 보여 주며 스타일을 완성합니다.
클루즈 시계는 재료,품질,및 스타일에 중점을두고 주의와 주의를 기울여 생산되며
암스테르담 생산지에는 새로운 모델의 품질을 보장하기 위해
품질 관리 및 수리 전문 시계 제조사가 두어 관리하고 있습니다."
클리오,https://usercontents-c.styleshare.io/images/42444326/700x394,
클린,,
키르시,https://usercontents-c.styleshare.io/images/dcd1f99d-c965-4aed-b470-4c91fa7f600c/700x394,"KIRSH(키르시)는 2008년 ""CORPORATE ROCK&ROLL""이란 슬로건 아래 시작 된 VIVA STUDIO의 새로운 레이블입니다. ""Research and Creativity""를 IDENTITY로 KIRSH는 문화와 시대현상에 대한 수 많은 관심과 관찰을 통해, 새로운 것을 창조하는 이 시대의 젊음과 그 들의 의복을 대변합니다."
키르시 블렌딩,https://usercontents-c.styleshare.io/images/8c8eb088-731b-48ae-a149-a8651c3a730a/700x394,"2015년 설립된, 체리 심볼을 가진 의류 브랜드 KIRSH에서 새롭게 런칭한 ""Cosmetic"" 
kirsh 의 발랄하고 생기 넘치는 감성과 나만의 분위기를 닮은 컬러를 선택하여 만들어가는 완벽한 blending"
키메리,https://usercontents-c.styleshare.io/images/42197333/700x394,"간편하되 확실하게, 원 아이템 솔루션 뷰티 브랜드 입니다."
키스미,https://usercontents-c.styleshare.io/images/24363926/700x394,"KISS ME(키스미)는 별도의 스타 마케팅이나 광고 없이도, 제품을 사용해 본 고객들을 중심으로 입소문이 퍼져, 일본은 물론 국내 및 해외시장에서 많은 여성들에게 사랑받고 있습니다."
키치니,https://usercontents-c.styleshare.io/images/33653602/700x394,"키치니는 컨템포러리 유니섹스 브랜드로서, 한국의 스트릿 문화를 기반으로 매시즌마다, 새로운 트랜드를 제시합니다. 
키치니만의 스타일과 무드로 트랜디하면서도, 언제 어디서든지 누구나 즐길 수 있는 하나의 문화로서 남아있고자 노력하겠습니다."
키치스(KITSCHS),https://usercontents-c.styleshare.io/images/35446336/700x394,"KITSCH ART 와 CULTURE의 감성을 담아, 위트있는 아트웍으로 
재해석한 스트릿 감성의 유니섹스 의류 제품입니다.
진지함보다는 가벼움, 메시지보다는 재미, 주류보다는 비주류의 B급감성을 통한
우리 주변 문화속 억압된 행동과 표현들을 아트웍으로 표현함으로써 
일상속 평범함을 거부하고 키치스만의 유니크함을 추구합니다."
