자넬라토,https://usercontents-c.styleshare.io/images/42759023/88x50,https://www.styleshare.kr/brands/4850
자담선,https://usercontents-c.styleshare.io/images/42906263/88x50,https://www.styleshare.kr/brands/4930
자르딘,https://usercontents-c.styleshare.io/images/40656548/88x50,https://www.styleshare.kr/brands/4506
자연원,https://usercontents-c.styleshare.io/images/40660531/88x50,https://www.styleshare.kr/brands/4508
자토(ZATO),https://usercontents-c.styleshare.io/images/32697170/88x50,https://www.styleshare.kr/brands/3761
잔스포츠,https://usercontents-c.styleshare.io/images/35038094/88x50,https://www.styleshare.kr/brands/2368
잼스트리트,https://usercontents-c.styleshare.io/images/38919439/88x50,https://www.styleshare.kr/brands/4309
쟈니에스코,https://usercontents-c.styleshare.io/images/23983410/88x50,https://www.styleshare.kr/brands/3284
저스트라이크디스,https://usercontents-c.styleshare.io/images/31697380/88x50,https://www.styleshare.kr/brands/3646
제너두웍스,https://usercontents-c.styleshare.io/images/38153392/88x50,https://www.styleshare.kr/brands/4181
제너럴아이디어,https://usercontents-c.styleshare.io/images/23152364/88x50,https://www.styleshare.kr/brands/3122
제네럴서비스,https://usercontents-c.styleshare.io/images/20428971/88x50,https://www.styleshare.kr/brands/2562
제니코코,https://usercontents-c.styleshare.io/images/36666949/88x50,https://www.styleshare.kr/brands/4076
제니퍼로페즈,https://usercontents-c.styleshare.io/images/19587948/88x50,https://www.styleshare.kr/brands/2249
제로솝,https://usercontents-c.styleshare.io/images/41154704/88x50,https://www.styleshare.kr/brands/4561
제로플래닛,https://usercontents-c.styleshare.io/images/42196996/88x50,https://www.styleshare.kr/brands/4707
제멋,https://usercontents-c.styleshare.io/images/2d2d9cac-f982-471a-854e-db70f56e7622/88x50,https://www.styleshare.kr/brands/2422
제옥스,https://usercontents-c.styleshare.io/images/22161276/88x50,https://www.styleshare.kr/brands/3002
제이다울,https://usercontents-c.styleshare.io/images/21200571/88x50,https://www.styleshare.kr/brands/2717
제이드이팩트,https://usercontents-c.styleshare.io/images/21737460/88x50,https://www.styleshare.kr/brands/2890
제이뮤,https://usercontents-c.styleshare.io/images/39914457/88x50,https://www.styleshare.kr/brands/4226
제이미,https://usercontents-c.styleshare.io/images/652d8d08-2589-4c7a-9313-77650bc00884/88x50,https://www.styleshare.kr/brands/4394
제이스토리,https://usercontents-c.styleshare.io/images/21192351/88x50,https://www.styleshare.kr/brands/6122
제이앤씨,https://usercontents-c.styleshare.io/images/41447434/88x50,https://www.styleshare.kr/brands/2650
제이에스티나,https://usercontents-c.styleshare.io/images/42522663/88x50,https://www.styleshare.kr/brands/4512
제이온벨,https://usercontents-c.styleshare.io/images/38841015/88x50,https://www.styleshare.kr/brands/4772
제이준,https://usercontents-c.styleshare.io/images/326d2b53-408f-4911-b3c3-550b2ea374d8/88x50,https://www.styleshare.kr/brands/4302
제이플레이,https://usercontents-c.styleshare.io/images/32554343/88x50,https://www.styleshare.kr/brands/6174
제인스퍼,https://usercontents-c.styleshare.io/images/38669699/88x50,https://www.styleshare.kr/brands/3745
제주햇살,https://usercontents-c.styleshare.io/images/35581270/88x50,https://www.styleshare.kr/brands/3453
젠틀카모,https://usercontents-c.styleshare.io/images/41765436/88x50,https://www.styleshare.kr/brands/4272
젠틀코드,https://usercontents-c.styleshare.io/images/41710237/88x50,https://www.styleshare.kr/brands/3988
젤라뜨리에,https://usercontents-c.styleshare.io/images/42483175/88x50,https://www.styleshare.kr/brands/4632
젤리크루,https://usercontents-c.styleshare.io/images/20699099/88x50,https://www.styleshare.kr/brands/4625
조단스,https://usercontents-c.styleshare.io/images/42945049/88x50,https://www.styleshare.kr/brands/4768
조말론,https://usercontents-c.styleshare.io/images/560f8d07-674d-4920-9f52-5d2d3d21de34/88x50,https://www.styleshare.kr/brands/2865
조성아22,https://usercontents-c.styleshare.io/images/42787254/88x50,https://www.styleshare.kr/brands/2622
조셉앤스테이시,https://usercontents-c.styleshare.io/images/21728289/88x50,https://www.styleshare.kr/brands/2575
조셉조셉,https://usercontents-c.styleshare.io/images/19587959/88x50,https://www.styleshare.kr/brands/6135
조슈아샌더스,https://usercontents-c.styleshare.io/images/38497920/88x50,https://www.styleshare.kr/brands/4820
조이오브엑서사이즈,https://usercontents-c.styleshare.io/images/34684065/88x50,https://www.styleshare.kr/brands/2894
존바바토스,https://usercontents-c.styleshare.io/images/21208762/88x50,https://www.styleshare.kr/brands/2244
줄라이미,https://usercontents-c.styleshare.io/images/42727051/88x50,https://www.styleshare.kr/brands/4231
쥬네스,https://usercontents-c.styleshare.io/images/38232727/88x50,https://www.styleshare.kr/brands/3888
쥬리웨니,https://usercontents-c.styleshare.io/images/37164442/88x50,https://www.styleshare.kr/brands/2703
쥬세페자노티,https://usercontents-c.styleshare.io/images/39613620/88x50,https://www.styleshare.kr/brands/4825
쥴리어스,https://usercontents-c.styleshare.io/images/19587955/88x50,https://www.styleshare.kr/brands/4186
지나인스킨,https://usercontents-c.styleshare.io/images/20964597/88x50,https://www.styleshare.kr/brands/2590
지니더바틀,https://usercontents-c.styleshare.io/images/21140510/88x50,https://www.styleshare.kr/brands/4366
지미추,https://usercontents-c.styleshare.io/images/18839116/88x50,https://www.styleshare.kr/brands/2242
지방시,https://usercontents-c.styleshare.io/images/34830867/88x50,https://www.styleshare.kr/brands/2678
지샥,https://usercontents-c.styleshare.io/images/39380407/88x50,https://www.styleshare.kr/brands/2473
지아이디어,https://usercontents-c.styleshare.io/images/40755792/88x50,https://www.styleshare.kr/brands/2028
지알에이트(GR8),https://usercontents-c.styleshare.io/images/41167142/88x50,https://www.styleshare.kr/brands/3906
지오마,https://usercontents-c.styleshare.io/images/22817311/88x50,https://www.styleshare.kr/brands/4347
지유,https://usercontents-c.styleshare.io/images/18296290/88x50,https://www.styleshare.kr/brands/4521
지이라이팅,https://usercontents-c.styleshare.io/images/1504310b-d8c4-4572-9dd8-fd5853f1187f/88x50,https://www.styleshare.kr/brands/4494
지프,https://usercontents-c.styleshare.io/images/21149277/88x50,https://www.styleshare.kr/brands/4442
지플랫,https://usercontents-c.styleshare.io/images/21149211/88x50,https://www.styleshare.kr/brands/1502
지홍,https://usercontents-c.styleshare.io/images/38919688/88x50,https://www.styleshare.kr/brands/2038
질 바이 질스튜어트,https://usercontents-c.styleshare.io/images/42074012/88x50,https://www.styleshare.kr/brands/2828
차코,https://usercontents-c.styleshare.io/images/18371565/88x50,https://www.styleshare.kr/brands/1509
참스,https://usercontents-c.styleshare.io/images/42281874/88x50,https://www.styleshare.kr/brands/1510
참존,https://usercontents-c.styleshare.io/images/38603563/88x50,https://www.styleshare.kr/brands/2509
채르앤,https://usercontents-c.styleshare.io/images/21854471/88x50,https://www.styleshare.kr/brands/2937
채윤614,https://usercontents-c.styleshare.io/images/40318029/88x50,https://www.styleshare.kr/brands/4472
챔피온,https://usercontents-c.styleshare.io/images/37467000/88x50,https://www.styleshare.kr/brands/1513
처치스,https://usercontents-c.styleshare.io/images/42786787/88x50,https://www.styleshare.kr/brands/4813
청담소녀,https://usercontents-c.styleshare.io/images/37724104/88x50,https://www.styleshare.kr/brands/4128
청춘농장,https://usercontents-c.styleshare.io/images/42270525/88x50,https://www.styleshare.kr/brands/4719
청춘전투,https://usercontents-c.styleshare.io/images/42928500/88x50,https://www.styleshare.kr/brands/4938
체리빌레,https://usercontents-c.styleshare.io/images/43113623/88x50,https://www.styleshare.kr/brands/5001
체리콘,https://usercontents-c.styleshare.io/images/402f777a-4984-4e94-aab3-ff43ba9a504f/88x50,https://www.styleshare.kr/brands/2791
체크메이트,https://usercontents-c.styleshare.io/images/20915071/88x50,https://www.styleshare.kr/brands/2489
첼시,https://usercontents-c.styleshare.io/images/35957497/88x50,https://www.styleshare.kr/brands/4025
츄,https://usercontents-c.styleshare.io/images/18490582/88x50,https://www.styleshare.kr/brands/2139
츄바스코,https://usercontents-c.styleshare.io/images/18839227/88x50,https://www.styleshare.kr/brands/1515
츄파춥스 뷰티,https://usercontents-c.styleshare.io/images/21187257/88x50,https://www.styleshare.kr/brands/2572
츠루리아,https://usercontents-c.styleshare.io/images/25512100/88x50,https://www.styleshare.kr/brands/3738
치스윅,https://usercontents-c.styleshare.io/images/21251810/88x50,https://www.styleshare.kr/brands/2794
치치,https://usercontents-c.styleshare.io/images/24615510/88x50,https://www.styleshare.kr/brands/2754
치카이치코,https://usercontents-c.styleshare.io/images/21198137/88x50,https://www.styleshare.kr/brands/3078
카고브로스,https://usercontents-c.styleshare.io/images/22826768/88x50,https://www.styleshare.kr/brands/2942
카네브로스,https://usercontents-c.styleshare.io/images/28611107/88x50,https://www.styleshare.kr/brands/3601
카라디움,https://usercontents-c.styleshare.io/images/de574221-b9a0-40d6-8846-932cf789885c/88x50,https://www.styleshare.kr/brands/3923
카르후,https://usercontents-c.styleshare.io/images/43003208/88x50,https://www.styleshare.kr/brands/4955
카멜워크,https://usercontents-c.styleshare.io/images/31732375/88x50,https://www.styleshare.kr/brands/3654
카미노스트릿,https://usercontents-c.styleshare.io/images/24851578/88x50,https://www.styleshare.kr/brands/3385
카미안느,https://usercontents-c.styleshare.io/images/38349062/88x50,https://www.styleshare.kr/brands/4208
카밀,https://usercontents-c.styleshare.io/images/38815060/88x50,https://www.styleshare.kr/brands/3773
카바스&알레,https://usercontents-c.styleshare.io/images/19581828/88x50,https://www.styleshare.kr/brands/2005
카시오,https://usercontents-c.styleshare.io/images/25811144/88x50,https://www.styleshare.kr/brands/2395
카오코탈라이푸,https://usercontents-c.styleshare.io/images/23699495/88x50,https://www.styleshare.kr/brands/3248
카카오프렌즈,https://usercontents-c.styleshare.io/images/38557396/88x50,https://www.styleshare.kr/brands/4249
카파,https://usercontents-c.styleshare.io/images/23082420/88x50,https://www.styleshare.kr/brands/3059
칵테일샤워,https://usercontents-c.styleshare.io/images/25858539/88x50,https://www.styleshare.kr/brands/3282
칼라타스,https://usercontents-c.styleshare.io/images/40141838/88x50,https://www.styleshare.kr/brands/4441
칼렙디자이어,https://usercontents-c.styleshare.io/images/18839319/88x50,https://www.styleshare.kr/brands/1530
칼미아,https://usercontents-c.styleshare.io/images/25374331/88x50,https://www.styleshare.kr/brands/3498
칼하트,https://usercontents-c.styleshare.io/images/25512078/88x50,https://www.styleshare.kr/brands/2119
칼하트 WIP,https://usercontents-c.styleshare.io/images/25049647/88x50,https://www.styleshare.kr/brands/3426
캉골,https://usercontents-c.styleshare.io/images/25512050/88x50,https://www.styleshare.kr/brands/2682
캉골(워치),https://usercontents-c.styleshare.io/images/23557509/88x50,https://www.styleshare.kr/brands/3217
캐나다구스,https://usercontents-c.styleshare.io/images/42727222/88x50,https://www.styleshare.kr/brands/4800
캐나디안포뮬러,https://usercontents-c.styleshare.io/images/40522977/88x50,https://www.styleshare.kr/brands/3748
캐럿티카,https://usercontents-c.styleshare.io/images/36038499/88x50,https://www.styleshare.kr/brands/4500
캐스키드슨,https://usercontents-c.styleshare.io/images/37541031/88x50,https://www.styleshare.kr/brands/1978
캐트리스,https://usercontents-c.styleshare.io/images/32345156/88x50,https://www.styleshare.kr/brands/1986
캔디랩,https://usercontents-c.styleshare.io/images/32607753/88x50,https://www.styleshare.kr/brands/3713
캔디베리머치,https://usercontents-c.styleshare.io/images/18839416/88x50,https://www.styleshare.kr/brands/3750
캔리프,https://usercontents-c.styleshare.io/images/42084248/88x50,https://www.styleshare.kr/brands/1542
캔메이크,https://usercontents-c.styleshare.io/images/42759366/88x50,https://www.styleshare.kr/brands/2047
캘빈클라인,https://usercontents-c.styleshare.io/images/42929053/88x50,https://www.styleshare.kr/brands/4847
커먼 레이블,https://usercontents-c.styleshare.io/images/42727197/88x50,https://www.styleshare.kr/brands/4940
커먼프로젝트,https://usercontents-c.styleshare.io/images/19594857/88x50,https://www.styleshare.kr/brands/3167
커버라인,https://usercontents-c.styleshare.io/images/34877442/88x50,https://www.styleshare.kr/brands/2325
커버먼트,https://usercontents-c.styleshare.io/images/18839584/88x50,https://www.styleshare.kr/brands/3910
커스텀리퍼블릭,https://usercontents-c.styleshare.io/images/42705405/88x50,https://www.styleshare.kr/brands/1550
커스텀바이오,https://usercontents-c.styleshare.io/images/40519529/88x50,https://www.styleshare.kr/brands/4796
커스토막스,https://usercontents-c.styleshare.io/images/25822276/88x50,https://www.styleshare.kr/brands/4498
컨버스,https://usercontents-c.styleshare.io/images/25970196/88x50,https://www.styleshare.kr/brands/1553
컨셉츄얼,https://usercontents-c.styleshare.io/images/38917901/88x50,https://www.styleshare.kr/brands/3583
컨시크,https://usercontents-c.styleshare.io/images/41813949/88x50,https://www.styleshare.kr/brands/4308
컬러그램톡,https://usercontents-c.styleshare.io/images/25252868/88x50,https://www.styleshare.kr/brands/4607
컬러딥,https://usercontents-c.styleshare.io/images/31850399/88x50,https://www.styleshare.kr/brands/3487
컬러랩,https://usercontents-c.styleshare.io/images/19019132/88x50,https://www.styleshare.kr/brands/3676
컬러스파크,https://usercontents-c.styleshare.io/images/20613885/88x50,https://www.styleshare.kr/brands/1555
컬럼비아,https://usercontents-c.styleshare.io/images/40519743/88x50,https://www.styleshare.kr/brands/2568
컬티브,https://usercontents-c.styleshare.io/images/34160029/88x50,https://www.styleshare.kr/brands/2606
케이브로스,https://usercontents-c.styleshare.io/images/19019126/88x50,https://www.styleshare.kr/brands/2222
케이스로직 (Caselogic),https://usercontents-c.styleshare.io/images/42128240/88x50,https://www.styleshare.kr/brands/3866
케이팔레트,https://usercontents-c.styleshare.io/images/35038079/88x50,https://www.styleshare.kr/brands/2067
케인피오니어,https://usercontents-c.styleshare.io/images/21666683/88x50,https://www.styleshare.kr/brands/4699
케즈,https://usercontents-c.styleshare.io/images/40566570/88x50,https://www.styleshare.kr/brands/1569
켈란서프,https://usercontents-c.styleshare.io/images/28614507/88x50,https://www.styleshare.kr/brands/2877
켈리앤스테판,https://usercontents-c.styleshare.io/images/38587202/88x50,https://www.styleshare.kr/brands/4502
코닥,https://usercontents-c.styleshare.io/images/19019145/88x50,https://www.styleshare.kr/brands/3602
코랄리크,https://usercontents-c.styleshare.io/images/18861550/88x50,https://www.styleshare.kr/brands/4255
코린드팜,https://usercontents-c.styleshare.io/images/37759467/88x50,https://www.styleshare.kr/brands/2169
코링코,https://usercontents-c.styleshare.io/images/38798972/88x50,https://www.styleshare.kr/brands/2158
코브,https://usercontents-c.styleshare.io/images/36290054/88x50,https://www.styleshare.kr/brands/4132
코스노리,https://usercontents-c.styleshare.io/images/25840066/88x50,https://www.styleshare.kr/brands/4287
코스알엑스,https://usercontents-c.styleshare.io/images/42484695/88x50,https://www.styleshare.kr/brands/2017
코스포유,https://usercontents-c.styleshare.io/images/e5c4d710-680f-40e2-aca2-efdb6d7b7246/88x50,https://www.styleshare.kr/brands/3309
코엘프,https://usercontents-c.styleshare.io/images/21497023/88x50,https://www.styleshare.kr/brands/2471
코우코우,https://usercontents-c.styleshare.io/images/42759280/88x50,https://www.styleshare.kr/brands/4758
코이,https://usercontents-c.styleshare.io/images/37430588/88x50,https://www.styleshare.kr/brands/6155
코이핍,https://usercontents-c.styleshare.io/images/22147987/88x50,https://www.styleshare.kr/brands/2813
코치,https://usercontents-c.styleshare.io/images/23465398/88x50,https://www.styleshare.kr/brands/4124
코케트스튜디오,https://usercontents-c.styleshare.io/images/39451974/88x50,https://www.styleshare.kr/brands/2357
코코링,https://usercontents-c.styleshare.io/images/38946572/88x50,https://www.styleshare.kr/brands/2997
코코모즈,https://usercontents-c.styleshare.io/images/35371160/88x50,https://www.styleshare.kr/brands/3166
코쿼드,https://usercontents-c.styleshare.io/images/37194291/88x50,https://www.styleshare.kr/brands/1582
코튼캔디,https://usercontents-c.styleshare.io/images/24380599/88x50,https://www.styleshare.kr/brands/4314
콘크리에이트,https://usercontents-c.styleshare.io/images/19015864/88x50,https://www.styleshare.kr/brands/3967
콘크리프,https://usercontents-c.styleshare.io/images/23749890/88x50,https://www.styleshare.kr/brands/4105
콘트로바날레,https://usercontents-c.styleshare.io/images/38480693/88x50,https://www.styleshare.kr/brands/3323
콜카,https://usercontents-c.styleshare.io/images/32372227/88x50,https://www.styleshare.kr/brands/2233
콜한,https://usercontents-c.styleshare.io/images/19662052/88x50,https://www.styleshare.kr/brands/3259
콰이어티스트,https://usercontents-c.styleshare.io/images/36337347/88x50,https://www.styleshare.kr/brands/4228
쿠드굿무드,https://usercontents-c.styleshare.io/images/35371802/88x50,https://www.styleshare.kr/brands/3719
쿠드기어,https://usercontents-c.styleshare.io/images/41572698/88x50,https://www.styleshare.kr/brands/2369
쿠로이,https://usercontents-c.styleshare.io/images/40755597/88x50,https://www.styleshare.kr/brands/4047
쿠르피스튜디오,https://usercontents-c.styleshare.io/images/24000009/88x50,https://www.styleshare.kr/brands/3970
쿠스티에,https://usercontents-c.styleshare.io/images/32432466/88x50,https://www.styleshare.kr/brands/4606
쿠커리,https://usercontents-c.styleshare.io/images/e78e25e0-2ded-4664-9672-4b873f14d262/88x50,https://www.styleshare.kr/brands/4520
쿤달,https://usercontents-c.styleshare.io/images/40274191/88x50,https://www.styleshare.kr/brands/3288
쿨선생,https://usercontents-c.styleshare.io/images/22319264/88x50,https://www.styleshare.kr/brands/3731
쿨이너프스튜디오,https://usercontents-c.styleshare.io/images/43012371/88x50,https://www.styleshare.kr/brands/1600
쿼터브,https://usercontents-c.styleshare.io/images/33189540/88x50,https://www.styleshare.kr/brands/4463
퀄팩(qualpack),https://usercontents-c.styleshare.io/images/25374364/88x50,https://www.styleshare.kr/brands/2089
퀸트로,https://usercontents-c.styleshare.io/images/41555430/88x50,https://www.styleshare.kr/brands/4970
큐리티,https://usercontents-c.styleshare.io/images/39946371/88x50,https://www.styleshare.kr/brands/3797
큐어시스(CURESYS),https://usercontents-c.styleshare.io/images/8e0fc045-3731-4f15-bc14-9ebe8bb67902/88x50,https://www.styleshare.kr/brands/3511
크람(KRAM),https://usercontents-c.styleshare.io/images/35580628/88x50,https://www.styleshare.kr/brands/4600
크랭크,https://usercontents-c.styleshare.io/images/19588000/88x50,https://www.styleshare.kr/brands/4406
크럼프,https://usercontents-c.styleshare.io/images/21037527/88x50,https://www.styleshare.kr/brands/2431
크렁크베어,https://usercontents-c.styleshare.io/images/26383142/88x50,https://www.styleshare.kr/brands/3986
크렘,https://usercontents-c.styleshare.io/images/31870454/88x50,https://www.styleshare.kr/brands/2298
크로스드레슬리,https://usercontents-c.styleshare.io/images/18900309/88x50,https://www.styleshare.kr/brands/2666
크로스애비뉴,https://usercontents-c.styleshare.io/images/34704196/88x50,https://www.styleshare.kr/brands/3148
크로스커렌트,https://usercontents-c.styleshare.io/images/33271989/88x50,https://www.styleshare.kr/brands/3683
크록스,https://usercontents-c.styleshare.io/images/22758597/88x50,https://www.styleshare.kr/brands/1613
크루클린,https://usercontents-c.styleshare.io/images/42727292/88x50,https://www.styleshare.kr/brands/3894
크리니크,https://usercontents-c.styleshare.io/images/42756679/88x50,https://www.styleshare.kr/brands/3546
크리드,https://usercontents-c.styleshare.io/images/b2972f43-ac2e-4fc0-b743-5aae219aabd7/88x50,https://www.styleshare.kr/brands/3810
크리스브라운,https://usercontents-c.styleshare.io/images/20292810/88x50,https://www.styleshare.kr/brands/3102
크리스찬 루부탱,https://usercontents-c.styleshare.io/images/34521057/88x50,https://www.styleshare.kr/brands/4802
크리스찬디올,https://usercontents-c.styleshare.io/images/22817358/88x50,https://www.styleshare.kr/brands/4837
크리스챤디올,https://usercontents-c.styleshare.io/images/5691dc8f-0708-4767-b863-b26c729ec38e/88x50,https://www.styleshare.kr/brands/3733
크리스틴,https://usercontents-c.styleshare.io/images/40192246/88x50,https://www.styleshare.kr/brands/2537
크림스랩,https://usercontents-c.styleshare.io/images/42127740/88x50,https://www.styleshare.kr/brands/1617
크림슨코크,https://usercontents-c.styleshare.io/images/38389147/88x50,https://www.styleshare.kr/brands/3108
클라란스,https://usercontents-c.styleshare.io/images/18900305/88x50,https://www.styleshare.kr/brands/2944
클락스,https://usercontents-c.styleshare.io/images/32344855/88x50,https://www.styleshare.kr/brands/4736
클래씨,https://usercontents-c.styleshare.io/images/43003399/88x50,https://www.styleshare.kr/brands/4457
클랙스클로,https://usercontents-c.styleshare.io/images/64829678-d814-47bb-ba4a-9c7fbbe07b85/88x50,https://www.styleshare.kr/brands/4698
클랜디,https://usercontents-c.styleshare.io/images/39612629/88x50,https://www.styleshare.kr/brands/4215
클럿 스튜디오,https://usercontents-c.styleshare.io/images/43228198/88x50,https://www.styleshare.kr/brands/1627
클레어스,https://usercontents-c.styleshare.io/images/42566299/88x50,https://www.styleshare.kr/brands/2007
클레이,https://usercontents-c.styleshare.io/images/38512753/88x50,https://www.styleshare.kr/brands/4959
클레터로즈,https://usercontents-c.styleshare.io/images/42444326/88x50,https://www.styleshare.kr/brands/6175
클로란,https://usercontents-c.styleshare.io/images/dcd1f99d-c965-4aed-b470-4c91fa7f600c/88x50,https://www.styleshare.kr/brands/3419
클로이,https://usercontents-c.styleshare.io/images/8c8eb088-731b-48ae-a149-a8651c3a730a/88x50,https://www.styleshare.kr/brands/3084
클로티,https://usercontents-c.styleshare.io/images/42197333/88x50,https://www.styleshare.kr/brands/4529
클루,https://usercontents-c.styleshare.io/images/24363926/88x50,https://www.styleshare.kr/brands/2398
클루즈(CLUSE),https://usercontents-c.styleshare.io/images/33653602/88x50,https://www.styleshare.kr/brands/4197
클리오,https://usercontents-c.styleshare.io/images/35446336/88x50,https://www.styleshare.kr/brands/4424
클린,https://usercontents-c.styleshare.io/images/18825798/88x50,https://www.styleshare.kr/brands/3314
키르시,https://usercontents-c.styleshare.io/images/42759438/88x50,https://www.styleshare.kr/brands/1636
키르시 블렌딩,https://usercontents-c.styleshare.io/images/42640873/88x50,https://www.styleshare.kr/brands/6163
키메리,https://usercontents-c.styleshare.io/images/31992666/88x50,https://www.styleshare.kr/brands/4709
키스미,https://usercontents-c.styleshare.io/images/21187024/88x50,https://www.styleshare.kr/brands/2045
키치니,https://usercontents-c.styleshare.io/images/24844346/88x50,https://www.styleshare.kr/brands/3316
키치스(KITSCHS),https://usercontents-c.styleshare.io/images/19026828/88x50,https://www.styleshare.kr/brands/3974