타게토,https://usercontents-c.styleshare.io/images/6cf50366-cac4-40f9-8e25-e701a30b0fbe/88x50,https://www.styleshare.kr/brands/2055
타라디토,https://usercontents-c.styleshare.io/images/752d3259-9054-4bfb-9a7f-c20a471989ae/88x50,https://www.styleshare.kr/brands/6130
타미힐피거,https://usercontents-c.styleshare.io/images/18861147/88x50,https://www.styleshare.kr/brands/1653
타이멕스,https://usercontents-c.styleshare.io/images/25933570/88x50,https://www.styleshare.kr/brands/2648
타임슬립,https://usercontents-c.styleshare.io/images/22826772/88x50,https://www.styleshare.kr/brands/2940
타투에이전트,https://usercontents-c.styleshare.io/images/40083007/88x50,https://www.styleshare.kr/brands/4437
타티스트(Tattist),https://usercontents-c.styleshare.io/images/32919861/88x50,https://www.styleshare.kr/brands/3786
탈리,https://usercontents-c.styleshare.io/images/24471141/88x50,https://www.styleshare.kr/brands/3337
탑텐,https://usercontents-c.styleshare.io/images/33065372/88x50,https://www.styleshare.kr/brands/3796
태그호이어,https://usercontents-c.styleshare.io/images/20964598/88x50,https://www.styleshare.kr/brands/2679
택샵,https://usercontents-c.styleshare.io/images/af89e1a8-af37-4e91-8da6-5f251ff5e9c9/88x50,https://www.styleshare.kr/brands/4787
탠디,https://usercontents-c.styleshare.io/images/43025773/88x50,https://www.styleshare.kr/brands/4974
탱글티저,https://usercontents-c.styleshare.io/images/38815061/88x50,https://www.styleshare.kr/brands/3661
터치그라운드,https://usercontents-c.styleshare.io/images/21198015/88x50,https://www.styleshare.kr/brands/2675
테네르,https://usercontents-c.styleshare.io/images/42181357/88x50,https://www.styleshare.kr/brands/4703
테라우드,https://usercontents-c.styleshare.io/images/fed48199-1db3-43f3-b934-d2dd062f4855/88x50,https://www.styleshare.kr/brands/6128
테바,https://usercontents-c.styleshare.io/images/43003428/88x50,https://www.styleshare.kr/brands/1666
테시,https://usercontents-c.styleshare.io/images/24175523/88x50,https://www.styleshare.kr/brands/3191
테이칼트,https://usercontents-c.styleshare.io/images/20684761/88x50,https://www.styleshare.kr/brands/2624
테일러스튜디오,https://usercontents-c.styleshare.io/images/21187042/88x50,https://www.styleshare.kr/brands/2566
테크플레이버,https://usercontents-c.styleshare.io/images/36361179/88x50,https://www.styleshare.kr/brands/4053
텐블레이드,https://usercontents-c.styleshare.io/images/23698357/88x50,https://www.styleshare.kr/brands/3245
텐제로,https://usercontents-c.styleshare.io/images/39859100/88x50,https://www.styleshare.kr/brands/4343
텐투,https://usercontents-c.styleshare.io/images/19026798/88x50,https://www.styleshare.kr/brands/2094
텐퍼센트,https://usercontents-c.styleshare.io/images/6f7fd733-e1ce-4b7b-8cfe-edfaa068280c/88x50,https://www.styleshare.kr/brands/6119
텔릭,https://usercontents-c.styleshare.io/images/39533035/88x50,https://www.styleshare.kr/brands/4354
토니모리,https://usercontents-c.styleshare.io/images/21216160/88x50,https://www.styleshare.kr/brands/2376
토두스,https://usercontents-c.styleshare.io/images/38589157/88x50,https://www.styleshare.kr/brands/4261
토리버치,https://usercontents-c.styleshare.io/images/42758985/88x50,https://www.styleshare.kr/brands/4849
토스,https://usercontents-c.styleshare.io/images/42727221/88x50,https://www.styleshare.kr/brands/3300
토즈,https://usercontents-c.styleshare.io/images/19897976/88x50,https://www.styleshare.kr/brands/4829
토피,https://usercontents-c.styleshare.io/images/42889518/88x50,https://www.styleshare.kr/brands/2408
톡톡스킨,https://usercontents-c.styleshare.io/images/40251267/88x50,https://www.styleshare.kr/brands/2899
톰브라운,https://usercontents-c.styleshare.io/images/42728306/88x50,https://www.styleshare.kr/brands/4583
톰투머로우,https://usercontents-c.styleshare.io/images/42848930/88x50,https://www.styleshare.kr/brands/4460
톰포드,https://usercontents-c.styleshare.io/images/42758905/88x50,https://www.styleshare.kr/brands/4497
톰폭스,https://usercontents-c.styleshare.io/images/37049243/88x50,https://www.styleshare.kr/brands/4909
투미,https://usercontents-c.styleshare.io/images/21086388/88x50,https://www.styleshare.kr/brands/4848
투에프로우,https://usercontents-c.styleshare.io/images/36337368/88x50,https://www.styleshare.kr/brands/2207
투엔티,https://usercontents-c.styleshare.io/images/18956488/88x50,https://www.styleshare.kr/brands/2716
투오,https://usercontents-c.styleshare.io/images/38557408/88x50,https://www.styleshare.kr/brands/4048
투케이스,https://usercontents-c.styleshare.io/images/38219231/88x50,https://www.styleshare.kr/brands/2234
투쿨포스쿨,https://usercontents-c.styleshare.io/images/34160011/88x50,https://www.styleshare.kr/brands/4258
투프(TOOF),https://usercontents-c.styleshare.io/images/34508640/88x50,https://www.styleshare.kr/brands/4185
툴레 (THULE),https://usercontents-c.styleshare.io/images/23488351/88x50,https://www.styleshare.kr/brands/3865
트래블(TRAVEL™),https://usercontents-c.styleshare.io/images/18861066/88x50,https://www.styleshare.kr/brands/3880
트레블237,https://usercontents-c.styleshare.io/images/21206447/88x50,https://www.styleshare.kr/brands/3204
트레셔,https://usercontents-c.styleshare.io/images/42823469/88x50,https://www.styleshare.kr/brands/1026
트레통,https://usercontents-c.styleshare.io/images/25562179/88x50,https://www.styleshare.kr/brands/2673
트루폭시,https://usercontents-c.styleshare.io/images/38150149/88x50,https://www.styleshare.kr/brands/4905
트리앤씨,https://usercontents-c.styleshare.io/images/18862186/88x50,https://www.styleshare.kr/brands/3494
트리트룸,https://usercontents-c.styleshare.io/images/23377346/88x50,https://www.styleshare.kr/brands/4178
트리플에이,https://usercontents-c.styleshare.io/images/21323377/88x50,https://www.styleshare.kr/brands/1697
트리플펜로즈,https://usercontents-c.styleshare.io/images/40525535/88x50,https://www.styleshare.kr/brands/3179
트리핀셀,https://usercontents-c.styleshare.io/images/36693144/88x50,https://www.styleshare.kr/brands/2775
트리헛,https://usercontents-c.styleshare.io/images/23940456/88x50,https://www.styleshare.kr/brands/4501
트릴리온,https://usercontents-c.styleshare.io/images/25563079/88x50,https://www.styleshare.kr/brands/4081
트립션,https://usercontents-c.styleshare.io/images/42981107/88x50,https://www.styleshare.kr/brands/3275
트윈타운,https://usercontents-c.styleshare.io/images/41649914/88x50,https://www.styleshare.kr/brands/3568
트윙클팝,https://usercontents-c.styleshare.io/images/43068482/88x50,https://www.styleshare.kr/brands/4945
티브,https://usercontents-c.styleshare.io/images/37406752/88x50,https://www.styleshare.kr/brands/4608
티브이오비티(TVOBT),https://usercontents-c.styleshare.io/images/42891556/88x50,https://www.styleshare.kr/brands/4982
티시리즈,https://usercontents-c.styleshare.io/images/25510278/88x50,https://www.styleshare.kr/brands/4114
티쏘,https://usercontents-c.styleshare.io/images/19016250/88x50,https://www.styleshare.kr/brands/4920
티아즈,https://usercontents-c.styleshare.io/images/42111565/88x50,https://www.styleshare.kr/brands/3544
티엔피,https://usercontents-c.styleshare.io/images/41431728/88x50,https://www.styleshare.kr/brands/1711
티엘스,https://usercontents-c.styleshare.io/images/23588871/88x50,https://www.styleshare.kr/brands/4696
티타니아(TITANIA),https://usercontents-c.styleshare.io/images/21192465/88x50,https://www.styleshare.kr/brands/3636
티파니앤코,https://usercontents-c.styleshare.io/images/37721964/88x50,https://www.styleshare.kr/brands/4584
티피오,https://usercontents-c.styleshare.io/images/34057052/88x50,https://www.styleshare.kr/brands/2646
티허드,https://usercontents-c.styleshare.io/images/18900408/88x50,https://www.styleshare.kr/brands/2695
파나컬트,https://usercontents-c.styleshare.io/images/878612ac-b03e-49fd-90a8-d7b5dc2b895e/88x50,https://www.styleshare.kr/brands/6137
파라점퍼스,https://usercontents-c.styleshare.io/images/43110914/88x50,https://www.styleshare.kr/brands/4993
파르티멘토,https://usercontents-c.styleshare.io/images/19019115/88x50,https://www.styleshare.kr/brands/1728
파마컬렉션,https://usercontents-c.styleshare.io/images/32694285/88x50,https://www.styleshare.kr/brands/2698
파뮬러스,https://usercontents-c.styleshare.io/images/41307723/88x50,https://www.styleshare.kr/brands/3776
파샤파샤,https://usercontents-c.styleshare.io/images/35332435/88x50,https://www.styleshare.kr/brands/3964
파시,https://usercontents-c.styleshare.io/images/41530539/88x50,https://www.styleshare.kr/brands/2277
파시에라,https://usercontents-c.styleshare.io/images/25512271/88x50,https://www.styleshare.kr/brands/3556
파시코,https://usercontents-c.styleshare.io/images/42532291/88x50,https://www.styleshare.kr/brands/4774
파우트(POUT),https://usercontents-c.styleshare.io/images/39251984/88x50,https://www.styleshare.kr/brands/4339
파운데이션,https://usercontents-c.styleshare.io/images/38494894/88x50,https://www.styleshare.kr/brands/2816
파이,https://usercontents-c.styleshare.io/images/31152726/88x50,https://www.styleshare.kr/brands/4233
파이널랩,https://usercontents-c.styleshare.io/images/24861379/88x50,https://www.styleshare.kr/brands/3614
파이브데이즈(5days),https://usercontents-c.styleshare.io/images/33402273/88x50,https://www.styleshare.kr/brands/3388
파이브데크(FIVE DECK),https://usercontents-c.styleshare.io/images/25512070/88x50,https://www.styleshare.kr/brands/3820
파이스해빗,https://usercontents-c.styleshare.io/images/42787193/88x50,https://www.styleshare.kr/brands/2609
파코라반,https://usercontents-c.styleshare.io/images/38817675/88x50,https://www.styleshare.kr/brands/2493
파타고니아,https://usercontents-c.styleshare.io/images/42259267/88x50,https://www.styleshare.kr/brands/3437
파파레서피,https://usercontents-c.styleshare.io/images/18862251/88x50,https://www.styleshare.kr/brands/2892
파펨,https://usercontents-c.styleshare.io/images/38041611/88x50,https://www.styleshare.kr/brands/2135
판도라(PANDORA),https://usercontents-c.styleshare.io/images/25361635/88x50,https://www.styleshare.kr/brands/4164
판타스킨,https://usercontents-c.styleshare.io/images/37912622/88x50,https://www.styleshare.kr/brands/3503
팔라디움,https://usercontents-c.styleshare.io/images/34683994/88x50,https://www.styleshare.kr/brands/2819
팜스킨,https://usercontents-c.styleshare.io/images/42759347/88x50,https://www.styleshare.kr/brands/3887
팜엔젤스,https://usercontents-c.styleshare.io/images/32696938/88x50,https://www.styleshare.kr/brands/4844
팡가오,https://usercontents-c.styleshare.io/images/29468005/88x50,https://www.styleshare.kr/brands/3091
패널티,https://usercontents-c.styleshare.io/images/21184573/88x50,https://www.styleshare.kr/brands/3760
패러디,https://usercontents-c.styleshare.io/images/25382214/88x50,https://www.styleshare.kr/brands/3605
패치엠디,https://usercontents-c.styleshare.io/images/e2b3ff40-a2ae-4c04-ba49-6e73731d6f16/88x50,https://www.styleshare.kr/brands/4438
패치페치,https://usercontents-c.styleshare.io/images/42852608/88x50,https://www.styleshare.kr/brands/2168
패티즘,https://usercontents-c.styleshare.io/images/42654072/88x50,https://www.styleshare.kr/brands/3520
팩에이지,https://usercontents-c.styleshare.io/images/e15312da-4edd-4308-ab82-4dd40d44b9e5/88x50,https://www.styleshare.kr/brands/6138
팩토리노멀,https://usercontents-c.styleshare.io/images/21847590/88x50,https://www.styleshare.kr/brands/4912
팬톤리빙,https://usercontents-c.styleshare.io/images/19016355/88x50,https://www.styleshare.kr/brands/4786
팽고,https://usercontents-c.styleshare.io/images/6a1ceb0a-1929-4a7a-aa81-2c2fac493e85/88x50,https://www.styleshare.kr/brands/6154
퍼니데이즈,https://usercontents-c.styleshare.io/images/22769149/88x50,https://www.styleshare.kr/brands/2933
퍼니메이드,https://usercontents-c.styleshare.io/images/21261451/88x50,https://www.styleshare.kr/brands/2097
퍼스텝,https://usercontents-c.styleshare.io/images/21623283/88x50,https://www.styleshare.kr/brands/2423
퍼시,https://usercontents-c.styleshare.io/images/42995635/88x50,https://www.styleshare.kr/brands/1762
퍼퓸 해시태그,https://usercontents-c.styleshare.io/images/22770195/88x50,https://www.styleshare.kr/brands/2762
퍼플렉스시티,https://usercontents-c.styleshare.io/images/41042804/88x50,https://www.styleshare.kr/brands/2849
퍼플리쉬,https://usercontents-c.styleshare.io/images/20348678/88x50,https://www.styleshare.kr/brands/4950
퍼플트리,https://usercontents-c.styleshare.io/images/25553947/88x50,https://www.styleshare.kr/brands/3104
펀치라인,https://usercontents-c.styleshare.io/images/25367534/88x50,https://www.styleshare.kr/brands/2424
펀프롬펀,https://usercontents-c.styleshare.io/images/20964821/88x50,https://www.styleshare.kr/brands/1766
페가도르,https://usercontents-c.styleshare.io/images/19588055/88x50,https://www.styleshare.kr/brands/3480
페디슨,https://usercontents-c.styleshare.io/images/38919899/88x50,https://www.styleshare.kr/brands/3506
페라가모,https://usercontents-c.styleshare.io/images/42444330/88x50,https://www.styleshare.kr/brands/2245
페라리,https://usercontents-c.styleshare.io/images/19016062/88x50,https://www.styleshare.kr/brands/2246
페르난다,https://usercontents-c.styleshare.io/images/42756695/88x50,https://www.styleshare.kr/brands/4312
페리페라,https://usercontents-c.styleshare.io/images/25122961/88x50,https://www.styleshare.kr/brands/4224
페어리드롭스,https://usercontents-c.styleshare.io/images/39162614/88x50,https://www.styleshare.kr/brands/2048
페이,https://usercontents-c.styleshare.io/images/23739516/88x50,https://www.styleshare.kr/brands/4839
페이드크레센트,https://usercontents-c.styleshare.io/images/42787287/88x50,https://www.styleshare.kr/brands/3455
페이브먼트,https://usercontents-c.styleshare.io/images/21209204/88x50,https://www.styleshare.kr/brands/4328
페이스인페이스,https://usercontents-c.styleshare.io/images/18862475/88x50,https://www.styleshare.kr/brands/3250
페이스커넥션,https://usercontents-c.styleshare.io/images/22827646/88x50,https://www.styleshare.kr/brands/4823
페이유에,https://usercontents-c.styleshare.io/images/23407231/88x50,https://www.styleshare.kr/brands/2696
페이퍼먼츠,https://usercontents-c.styleshare.io/images/21856388/88x50,https://www.styleshare.kr/brands/1783
페이퍼케이스,https://usercontents-c.styleshare.io/images/23031744/88x50,https://www.styleshare.kr/brands/3110
페이퍼플레인,https://usercontents-c.styleshare.io/images/3563e02a-be6b-4a66-a286-ba80f73b8704/88x50,https://www.styleshare.kr/brands/3184
페인오어플레져,https://usercontents-c.styleshare.io/images/38786269/88x50,https://www.styleshare.kr/brands/2920
페퍼시즈닝,https://usercontents-c.styleshare.io/images/20964594/88x50,https://www.styleshare.kr/brands/3117
페페,https://usercontents-c.styleshare.io/images/33491320/88x50,https://www.styleshare.kr/brands/2044
페플,https://usercontents-c.styleshare.io/images/23385945/88x50,https://www.styleshare.kr/brands/2420
펜디,https://usercontents-c.styleshare.io/images/20293381/88x50,https://www.styleshare.kr/brands/2677
펜할리곤스,https://usercontents-c.styleshare.io/images/39164605/88x50,https://www.styleshare.kr/brands/3547
펠라스1932,https://usercontents-c.styleshare.io/images/39161219/88x50,https://www.styleshare.kr/brands/3822
포그보우,https://usercontents-c.styleshare.io/images/33068558/88x50,https://www.styleshare.kr/brands/3180
포니이펙트,https://usercontents-c.styleshare.io/images/42831039/88x50,https://www.styleshare.kr/brands/2361
포린미,https://usercontents-c.styleshare.io/images/20395377/88x50,https://www.styleshare.kr/brands/4331
포밤,https://usercontents-c.styleshare.io/images/38712878/88x50,https://www.styleshare.kr/brands/4327
포쉬프로젝트,https://usercontents-c.styleshare.io/images/43134509/88x50,https://www.styleshare.kr/brands/3800
포에버스킨,https://usercontents-c.styleshare.io/images/19588083/88x50,https://www.styleshare.kr/brands/4907
포에버영,https://usercontents-c.styleshare.io/images/33619762/88x50,https://www.styleshare.kr/brands/2564
포윗,https://usercontents-c.styleshare.io/images/42913905/88x50,https://www.styleshare.kr/brands/3089
포이유이,https://usercontents-c.styleshare.io/images/bac3e285-8997-4d0b-b8df-1142c3ce8767/88x50,https://www.styleshare.kr/brands/5015
포인트,https://usercontents-c.styleshare.io/images/39037386/88x50,https://www.styleshare.kr/brands/2224
포즈간츠,https://usercontents-c.styleshare.io/images/40385997/88x50,https://www.styleshare.kr/brands/3823
포켓도시락,https://usercontents-c.styleshare.io/images/40019595/88x50,https://www.styleshare.kr/brands/4931
포켓몬스터,https://usercontents-c.styleshare.io/images/25512233/88x50,https://www.styleshare.kr/brands/4370
포콤마,https://usercontents-c.styleshare.io/images/22674223/88x50,https://www.styleshare.kr/brands/4283
포티세컨드(4T2ND),https://usercontents-c.styleshare.io/images/37912636/88x50,https://www.styleshare.kr/brands/4477
포피네,https://usercontents-c.styleshare.io/images/35447930/88x50,https://www.styleshare.kr/brands/4418
폭스바겐,https://usercontents-c.styleshare.io/images/38150150/88x50,https://www.styleshare.kr/brands/3555
폭스타일,https://usercontents-c.styleshare.io/images/42759382/88x50,https://www.styleshare.kr/brands/3094
폴더라벨,https://usercontents-c.styleshare.io/images/35060307/88x50,https://www.styleshare.kr/brands/2347
폴로 랄프로렌,https://usercontents-c.styleshare.io/images/18861262/88x50,https://www.styleshare.kr/brands/3977
폴메디슨,https://usercontents-c.styleshare.io/images/25573944/88x50,https://www.styleshare.kr/brands/4179
폴스미스,https://usercontents-c.styleshare.io/images/24783192/88x50,https://www.styleshare.kr/brands/3324
폴카폴카,https://usercontents-c.styleshare.io/images/38669541/88x50,https://www.styleshare.kr/brands/3930
푸마,https://usercontents-c.styleshare.io/images/32167029/88x50,https://www.styleshare.kr/brands/1808
풀포,https://usercontents-c.styleshare.io/images/41431742/88x50,https://www.styleshare.kr/brands/3573
퓨어덤,https://usercontents-c.styleshare.io/images/21904917/88x50,https://www.styleshare.kr/brands/3367
퓨어멜로우,https://usercontents-c.styleshare.io/images/39586086/88x50,https://www.styleshare.kr/brands/4271
퓨어포레,https://usercontents-c.styleshare.io/images/25555237/88x50,https://www.styleshare.kr/brands/3709
프라다,https://usercontents-c.styleshare.io/images/31850428/88x50,https://www.styleshare.kr/brands/4488
프라우드메리,https://usercontents-c.styleshare.io/images/40759219/88x50,https://www.styleshare.kr/brands/2953
프라이하잇,https://usercontents-c.styleshare.io/images/42891571/88x50,https://www.styleshare.kr/brands/4363
프랑켄모노,https://usercontents-c.styleshare.io/images/42706701/88x50,https://www.styleshare.kr/brands/3193
프럼네이처,https://usercontents-c.styleshare.io/images/20305201/88x50,https://www.styleshare.kr/brands/3677
프레드릭엠,https://usercontents-c.styleshare.io/images/25970303/88x50,https://www.styleshare.kr/brands/4523
프레드릭콘스탄트,https://usercontents-c.styleshare.io/images/34163439/88x50,https://www.styleshare.kr/brands/4921
프레드페리,https://usercontents-c.styleshare.io/images/33858686/88x50,https://www.styleshare.kr/brands/3235
프레쉬라이트,https://usercontents-c.styleshare.io/images/28609733/88x50,https://www.styleshare.kr/brands/2195
프레시안티유스,https://usercontents-c.styleshare.io/images/24783204/88x50,https://www.styleshare.kr/brands/3584
프레시팝,https://usercontents-c.styleshare.io/images/24152034/88x50,https://www.styleshare.kr/brands/3846
프레이,https://usercontents-c.styleshare.io/images/21184575/88x50,https://www.styleshare.kr/brands/3850
프레쥬,https://usercontents-c.styleshare.io/images/42261171/88x50,https://www.styleshare.kr/brands/3599
프레티,https://usercontents-c.styleshare.io/images/38365730/88x50,https://www.styleshare.kr/brands/3368
프렌들리,https://usercontents-c.styleshare.io/images/43110994/88x50,https://www.styleshare.kr/brands/3302
프렌비타,https://usercontents-c.styleshare.io/images/22827818/88x50,https://www.styleshare.kr/brands/4537
프로랑스,https://usercontents-c.styleshare.io/images/36481194/88x50,https://www.styleshare.kr/brands/2226
프로스펙스 오리지널,https://usercontents-c.styleshare.io/images/21206627/88x50,https://www.styleshare.kr/brands/4054
프로에잇청담,https://usercontents-c.styleshare.io/images/41779579/88x50,https://www.styleshare.kr/brands/4211
프로젝트 포체,https://usercontents-c.styleshare.io/images/18296296/88x50,https://www.styleshare.kr/brands/4997
프로젝트624,https://usercontents-c.styleshare.io/images/31152991/88x50,https://www.styleshare.kr/brands/2498
프로젝트기억,https://usercontents-c.styleshare.io/images/42639121/88x50,https://www.styleshare.kr/brands/4060
프로케즈,https://usercontents-c.styleshare.io/images/43228693/88x50,https://www.styleshare.kr/brands/2580
프롬에이투비,https://usercontents-c.styleshare.io/images/22826773/88x50,https://www.styleshare.kr/brands/3176
프롬헨스,https://usercontents-c.styleshare.io/images/23168866/88x50,https://www.styleshare.kr/brands/1826
프룻오브더룸,https://usercontents-c.styleshare.io/images/21621186/88x50,https://www.styleshare.kr/brands/3619
프리가,https://usercontents-c.styleshare.io/images/ae3e265c-d189-418d-89d2-8c1e8aa4f629/88x50,https://www.styleshare.kr/brands/4770
프리메라,https://usercontents-c.styleshare.io/images/20294747/88x50,https://www.styleshare.kr/brands/4250
프리모팩토리,https://usercontents-c.styleshare.io/images/20554071/88x50,https://www.styleshare.kr/brands/3717
프리미어,https://usercontents-c.styleshare.io/images/19833242/88x50,https://www.styleshare.kr/brands/2939
프리바다,https://usercontents-c.styleshare.io/images/21198078/88x50,https://www.styleshare.kr/brands/3141
프리윌,https://usercontents-c.styleshare.io/images/35148198/88x50,https://www.styleshare.kr/brands/2847
프린코,https://usercontents-c.styleshare.io/images/18716646/88x50,https://www.styleshare.kr/brands/4198
프린트피치,https://usercontents-c.styleshare.io/images/41303713/88x50,https://www.styleshare.kr/brands/2373
플라리아,https://usercontents-c.styleshare.io/images/40291028/88x50,https://www.styleshare.kr/brands/2595
플라스크,https://usercontents-c.styleshare.io/images/43010142/88x50,https://www.styleshare.kr/brands/3629
플라즈마스페어,https://usercontents-c.styleshare.io/images/21191892/88x50,https://www.styleshare.kr/brands/2411
플락,https://usercontents-c.styleshare.io/images/23599777/88x50,https://www.styleshare.kr/brands/2655
플란테시스템,https://usercontents-c.styleshare.io/images/39944350/88x50,https://www.styleshare.kr/brands/2770
플랙,https://usercontents-c.styleshare.io/images/40083848/88x50,https://www.styleshare.kr/brands/3933
플랫피티,https://usercontents-c.styleshare.io/images/23310958/88x50,https://www.styleshare.kr/brands/1854
플러그앤플레이,https://usercontents-c.styleshare.io/images/22434696/88x50,https://www.styleshare.kr/brands/4575
플러피,https://usercontents-c.styleshare.io/images/22148027/88x50,https://www.styleshare.kr/brands/4469
플럭스페리,https://usercontents-c.styleshare.io/images/41711734/88x50,https://www.styleshare.kr/brands/4963
플레니스트,https://usercontents-c.styleshare.io/images/33217136/88x50,https://www.styleshare.kr/brands/2701
플레시크,https://usercontents-c.styleshare.io/images/40035112/88x50,https://www.styleshare.kr/brands/3223
플레어업,https://usercontents-c.styleshare.io/images/35623080/88x50,https://www.styleshare.kr/brands/4403
플레이리스트 스토어,https://usercontents-c.styleshare.io/images/35179196/88x50,https://www.styleshare.kr/brands/4425
플레이몬스터,https://usercontents-c.styleshare.io/images/aefc16f7-29cb-43a4-99ce-818612df0476/88x50,https://www.styleshare.kr/brands/2893
플레이버,https://usercontents-c.styleshare.io/images/25108580/88x50,https://www.styleshare.kr/brands/3135
플레이언,https://usercontents-c.styleshare.io/images/42034422/88x50,https://www.styleshare.kr/brands/3049
플레이젤로,https://usercontents-c.styleshare.io/images/21578983/88x50,https://www.styleshare.kr/brands/2932
플레인웍스,https://usercontents-c.styleshare.io/images/38461474/88x50,https://www.styleshare.kr/brands/4628
플레인하우스,https://usercontents-c.styleshare.io/images/42789366/88x50,https://www.styleshare.kr/brands/3808
플레임플라워,https://usercontents-c.styleshare.io/images/19026904/88x50,https://www.styleshare.kr/brands/4428
플로르드망,https://usercontents-c.styleshare.io/images/43091015/88x50,https://www.styleshare.kr/brands/3985
플로우,https://usercontents-c.styleshare.io/images/43110933/88x50,https://www.styleshare.kr/brands/3945
플루크,https://usercontents-c.styleshare.io/images/df45e6b2-69ca-4fc4-8bd8-efe690c8575c/88x50,https://www.styleshare.kr/brands/3407
플리거,https://usercontents-c.styleshare.io/images/19026825/88x50,https://www.styleshare.kr/brands/3451
플리멍,https://usercontents-c.styleshare.io/images/21391490/88x50,https://www.styleshare.kr/brands/4685
플리스멜번,https://usercontents-c.styleshare.io/images/36290290/88x50,https://www.styleshare.kr/brands/2844
플리온,https://usercontents-c.styleshare.io/images/38385257/88x50,https://www.styleshare.kr/brands/2789
플린,https://usercontents-c.styleshare.io/images/643e45ce-b07a-44e1-8af9-319be48e9d20/88x50,https://www.styleshare.kr/brands/4900
피기굿즈,https://usercontents-c.styleshare.io/images/43094881/88x50,https://www.styleshare.kr/brands/2013
피너츠,https://usercontents-c.styleshare.io/images/42787182/88x50,https://www.styleshare.kr/brands/4983
피레넥스,https://usercontents-c.styleshare.io/images/42727463/88x50,https://www.styleshare.kr/brands/4994
피렌체아뜰리에,https://usercontents-c.styleshare.io/images/43082596/88x50,https://www.styleshare.kr/brands/2488
피버41,https://usercontents-c.styleshare.io/images/20788815/88x50,https://www.styleshare.kr/brands/1875
피버타임,https://usercontents-c.styleshare.io/images/18900313/88x50,https://www.styleshare.kr/brands/2765
피부미,https://usercontents-c.styleshare.io/images/41981534/88x50,https://www.styleshare.kr/brands/3737
피부의정석,https://usercontents-c.styleshare.io/images/37962885/88x50,https://www.styleshare.kr/brands/4213
피스메이커,https://usercontents-c.styleshare.io/images/38365728/88x50,https://www.styleshare.kr/brands/1877
피어포,https://usercontents-c.styleshare.io/images/41196238/88x50,https://www.styleshare.kr/brands/2348
피에르발망,https://usercontents-c.styleshare.io/images/36793872/88x50,https://www.styleshare.kr/brands/4814
피에르하디,https://usercontents-c.styleshare.io/images/37911428/88x50,https://www.styleshare.kr/brands/4804
피에프플라이어스,https://usercontents-c.styleshare.io/images/32351395/88x50,https://www.styleshare.kr/brands/2349
피엠코,https://usercontents-c.styleshare.io/images/18861927/88x50,https://www.styleshare.kr/brands/2635
피지오겔,https://usercontents-c.styleshare.io/images/25003031/88x50,https://www.styleshare.kr/brands/2160
피츠에이,https://usercontents-c.styleshare.io/images/33687689/88x50,https://www.styleshare.kr/brands/4663
피치씨,https://usercontents-c.styleshare.io/images/38133340/88x50,https://www.styleshare.kr/brands/4055
피카소 브러쉬,https://usercontents-c.styleshare.io/images/25282482/88x50,https://www.styleshare.kr/brands/4210
피카소꼴레지오니,https://usercontents-c.styleshare.io/images/42889526/88x50,https://www.styleshare.kr/brands/4568
피코미터,https://usercontents-c.styleshare.io/images/42759423/88x50,https://www.styleshare.kr/brands/4087
피타마스크,https://usercontents-c.styleshare.io/images/43011011/88x50,https://www.styleshare.kr/brands/4150
피터캣,https://usercontents-c.styleshare.io/images/35058505/88x50,https://www.styleshare.kr/brands/3715
피피피,https://usercontents-c.styleshare.io/images/19016371/88x50,https://www.styleshare.kr/brands/1890
픽스앤톡스,https://usercontents-c.styleshare.io/images/18861508/88x50,https://www.styleshare.kr/brands/3408
필로소피,https://usercontents-c.styleshare.io/images/b9c4e61b-7959-4c7e-8e8a-30e7cb6e9f69/88x50,https://www.styleshare.kr/brands/3843
필로코스,https://usercontents-c.styleshare.io/images/43111005/88x50,https://www.styleshare.kr/brands/4171
하레,https://usercontents-c.styleshare.io/images/21017551/88x50,https://www.styleshare.kr/brands/2681
하루타,https://usercontents-c.styleshare.io/images/21208921/88x50,https://www.styleshare.kr/brands/2739
하루하루,https://usercontents-c.styleshare.io/images/33676121/88x50,https://www.styleshare.kr/brands/3842
하바이아나스,https://usercontents-c.styleshare.io/images/19019085/88x50,https://www.styleshare.kr/brands/2152
하이버넷,https://usercontents-c.styleshare.io/images/38238098/88x50,https://www.styleshare.kr/brands/4191
하이스쿨디스코,https://usercontents-c.styleshare.io/images/39772977/88x50,https://www.styleshare.kr/brands/4382
하이시에라,https://usercontents-c.styleshare.io/images/43128294/88x50,https://www.styleshare.kr/brands/5010
하이앵글,https://usercontents-c.styleshare.io/images/39582973/88x50,https://www.styleshare.kr/brands/4362
하이호 바이 에이스아웃,https://usercontents-c.styleshare.io/images/21665765/88x50,https://www.styleshare.kr/brands/1991
하치카,https://usercontents-c.styleshare.io/images/38815072/88x50,https://www.styleshare.kr/brands/4291
하킴코스메틱,https://usercontents-c.styleshare.io/images/40679872/88x50,https://www.styleshare.kr/brands/4515
하트코어,https://usercontents-c.styleshare.io/images/31846274/88x50,https://www.styleshare.kr/brands/3670
하티스,https://usercontents-c.styleshare.io/images/21307682/88x50,https://www.styleshare.kr/brands/2768
하프문아이즈,https://usercontents-c.styleshare.io/images/25359724/88x50,https://www.styleshare.kr/brands/2364
하플리,https://usercontents-c.styleshare.io/images/32923217/88x50,https://www.styleshare.kr/brands/3787
한국화장품,https://usercontents-c.styleshare.io/images/39534439/88x50,https://www.styleshare.kr/brands/2800
한스킨,https://usercontents-c.styleshare.io/images/43228696/88x50,https://www.styleshare.kr/brands/4356
한율,https://usercontents-c.styleshare.io/images/24207412/88x50,https://www.styleshare.kr/brands/5025
할로바트,https://usercontents-c.styleshare.io/images/42891583/88x50,https://www.styleshare.kr/brands/3311
해밀턴,https://usercontents-c.styleshare.io/images/41587394/88x50,https://www.styleshare.kr/brands/4922
해비즘,https://usercontents-c.styleshare.io/images/40434190/88x50,https://www.styleshare.kr/brands/2480
해서린,https://usercontents-c.styleshare.io/images/42821017/88x50,https://www.styleshare.kr/brands/2046
해피문데이,https://usercontents-c.styleshare.io/images/38149254/88x50,https://www.styleshare.kr/brands/3267
해피바스,https://usercontents-c.styleshare.io/images/f9a522d0-dddf-4cf8-a1a6-d208b91cfbae/88x50,https://www.styleshare.kr/brands/2505
해피이어스,https://usercontents-c.styleshare.io/images/25252711/88x50,https://www.styleshare.kr/brands/6126
핵틱,https://usercontents-c.styleshare.io/images/21621209/88x50,https://www.styleshare.kr/brands/3251
핸드미다운,https://usercontents-c.styleshare.io/images/25040724/88x50,https://www.styleshare.kr/brands/2848
향기의미술관,https://usercontents-c.styleshare.io/images/31153292/88x50,https://www.styleshare.kr/brands/3470
허니브레인,https://usercontents-c.styleshare.io/images/37fe315a-e0f6-49f5-8ea0-214b35834e1b/88x50,https://www.styleshare.kr/brands/3417
허니트랩,https://usercontents-c.styleshare.io/images/21086373/88x50,https://www.styleshare.kr/brands/3595
허로우,https://usercontents-c.styleshare.io/images/25422647/88x50,https://www.styleshare.kr/brands/6109
허바신,https://usercontents-c.styleshare.io/images/31655653/88x50,https://www.styleshare.kr/brands/2711
헌트이너웨어,https://usercontents-c.styleshare.io/images/42767449/88x50,https://www.styleshare.kr/brands/3527
헤드,https://usercontents-c.styleshare.io/images/38348378/88x50,https://www.styleshare.kr/brands/3590
헤드랑,https://usercontents-c.styleshare.io/images/43228701/88x50,https://www.styleshare.kr/brands/4174
헤드스파7,https://usercontents-c.styleshare.io/images/42757447/88x50,https://www.styleshare.kr/brands/4207
헤라,https://usercontents-c.styleshare.io/images/41783475/88x50,https://www.styleshare.kr/brands/4251
헤르치노,https://usercontents-c.styleshare.io/images/38171022/88x50,https://www.styleshare.kr/brands/4888
헤이네이처,https://usercontents-c.styleshare.io/images/42260459/88x50,https://www.styleshare.kr/brands/3219
헤이디,https://usercontents-c.styleshare.io/images/20305178/88x50,https://www.styleshare.kr/brands/4184
헤이브로,https://usercontents-c.styleshare.io/images/38498134/88x50,https://www.styleshare.kr/brands/4717
헤인즈,https://usercontents-c.styleshare.io/images/42822698/88x50,https://www.styleshare.kr/brands/2312
헤지스(HAZZYS),https://usercontents-c.styleshare.io/images/42906024/88x50,https://www.styleshare.kr/brands/4234
헬로에브리바디,https://usercontents-c.styleshare.io/images/23901888/88x50,https://www.styleshare.kr/brands/2179
헬로치즈,https://usercontents-c.styleshare.io/images/42532289/88x50,https://www.styleshare.kr/brands/4929
헬븐,https://usercontents-c.styleshare.io/images/38119408/88x50,https://www.styleshare.kr/brands/3276
헬스빌,https://usercontents-c.styleshare.io/images/6a35973d-1286-4987-a512-f1e29127037f/88x50,https://www.styleshare.kr/brands/4773
헬스앤뷰티,https://usercontents-c.styleshare.io/images/23292037/88x50,https://www.styleshare.kr/brands/4169
헬스웨이,https://usercontents-c.styleshare.io/images/21573501/88x50,https://www.styleshare.kr/brands/3208
호미,https://usercontents-c.styleshare.io/images/35651356/88x50,https://www.styleshare.kr/brands/3162
호보켄,https://usercontents-c.styleshare.io/images/21339074/88x50,https://www.styleshare.kr/brands/2841
호조,https://usercontents-c.styleshare.io/images/40054031/88x50,https://www.styleshare.kr/brands/3995
호코스X뿌까,https://usercontents-c.styleshare.io/images/24152892/88x50,https://www.styleshare.kr/brands/2790
호피걸,https://usercontents-c.styleshare.io/images/42455768/88x50,https://www.styleshare.kr/brands/4434
호히,https://usercontents-c.styleshare.io/images/39074021/88x50,https://www.styleshare.kr/brands/3303
홀리셔스,https://usercontents-c.styleshare.io/images/38557433/88x50,https://www.styleshare.kr/brands/4754
홀리카홀리카,https://usercontents-c.styleshare.io/images/e22a4e5b-4f5f-4a72-b8ef-e667c2873be1/88x50,https://www.styleshare.kr/brands/2516
후,https://usercontents-c.styleshare.io/images/34168393/88x50,https://www.styleshare.kr/brands/4252
후딩스,https://usercontents-c.styleshare.io/images/22037664/88x50,https://www.styleshare.kr/brands/6189
후아유,https://usercontents-c.styleshare.io/images/23748769/88x50,https://www.styleshare.kr/brands/2012
후즈후코스메틱,https://usercontents-c.styleshare.io/images/42889512/88x50,https://www.styleshare.kr/brands/2976
후쿠부쿠로,https://usercontents-c.styleshare.io/images/21391305/88x50,https://www.styleshare.kr/brands/2814
훌라,https://usercontents-c.styleshare.io/images/23895571/88x50,https://www.styleshare.kr/brands/4873
휘게,https://usercontents-c.styleshare.io/images/31152667/88x50,https://www.styleshare.kr/brands/2807
휴족휴면,https://usercontents-c.styleshare.io/images/19588110/88x50,https://www.styleshare.kr/brands/2818
휴플러스,https://usercontents-c.styleshare.io/images/3a7d9a68-fd8f-4833-853a-e4c435e7add3/88x50,https://www.styleshare.kr/brands/3607
히말라야,https://usercontents-c.styleshare.io/images/42468880/88x50,https://www.styleshare.kr/brands/2330