타게토,https://usercontents-c.styleshare.io/images/6cf50366-cac4-40f9-8e25-e701a30b0fbe/700x394,"브랜드 타게토(TARGETTO)는 target(타켓)과 get to(~에 닿다)의 합성어로 브랜드 타켓의 마음에 닿는다는 뜻을 내포하고 있다. 매 시즌 재미있는 소재를 컨셉츄얼하게 풀어내며, 캐쥬얼함과 트렌디함을 더해 컬렉션을 전개하고 있다."
타라디토,https://usercontents-c.styleshare.io/images/752d3259-9054-4bfb-9a7f-c20a471989ae/700x394,
타미힐피거,https://usercontents-c.styleshare.io/images/18861147/700x394,"TOMMY HILFIGER(타미힐피거)는 당신의 라이프 스타일을 제안합니다. 옷에서 패션으로 패션에서 라이프로, 당신의 라이프 스타일을 제안하는 타미힐피거 아메리칸 패션의 상징,클래식부터 캐주얼을 아우르는 다양한 디자인으로 사랑받고 있는 타미힐피거의 벨트를 지금 경험해 보세요."
타이멕스,https://usercontents-c.styleshare.io/images/25933570/700x394,"TIMEX(타이맥스)는 미국의 실용주의 라이프스타일에 초첨을 맞춘 시계전문 브랜드로, 합리적인 가격대와 좋은 품질로 누구에게나 가장 대중적인 시계로 접근하고자 합니다. 
실용성 뿐만 아니라 스타일과 기능성까지 모두 갖춘 시계 전문브랜드입니다."
타임슬립,https://usercontents-c.styleshare.io/images/22826772/700x394,"시간여행을 의미하는 타임슬립(TIME SLIP)은 과거를 추억하고 현재를 즐기며 미래를 상상하려 하는 우리들에게는 물리적으로 이룰 수 없는 불가능의 영역입니다. 그 욕구를 해소하기 위해 때로는 누군가와의 대화를 통해 '그 시절','지금 이 순간' 또는 '그언젠가'를 이야기하며 언어와 그 언어를 표현하는 우리의 '입'이 간접적인 시간여행으로의 매개체 역할을 하기도 합니다. 우리는 시간여행의 수단이 되는 그 매개체를 '시간의 입술 (TIME's LIP)' 이라 표현하였고, '시간의 입술(TIME's LIP)을 통한 '시간여행(TIME SLIP)' 을 하며 과거,현재,미래를 이야기하려 합니다."
타투에이전트,https://usercontents-c.styleshare.io/images/40083007/700x394,"멋진 타투를 하고 싶지만 후회할까봐 혹은 위험할까봐 망설이는 당신을 위하여 
최고의 타투이스트들과 최고 수준의 작가들의 작품들을 쉽고 부담없이 경험할 수 있는 기회를 만들었습니다."
타티스트(Tattist),https://usercontents-c.styleshare.io/images/32919861/700x394,"Tattist 는 Tattoo + Artist 의 합성어로, 유명 타투이스트들과 콜라보레이션 한 유니크한 디자인을 선보입니다.  
또한 판매의 수익금은 일부는 타투이스트들의 창작활동에 쓰여, 앞으로 여러가지 예술 작품들을 선보일 예정입니다."
탈리,https://usercontents-c.styleshare.io/images/24471141/700x394,"탈리의 임팩트 강한 특피를 사용하여 만들어지는 
모던하면서도 세련된 분위기의 가방과 악세사리들은 
개성과 세련미를 표현하고 성공을 거머주길 원하는 
커리어 여성들이 원하는 바로 그 아이템 입니다."
탑텐,https://usercontents-c.styleshare.io/images/33065372/700x394,"스타일리쉬, 베이직 한 디자인으로 모두가 행복한 가격의 대한민국 대표 SPA 브랜드"
태그호이어,https://usercontents-c.styleshare.io/images/20964598/700x394,
택샵,https://usercontents-c.styleshare.io/images/af89e1a8-af37-4e91-8da6-5f251ff5e9c9/700x394,
탠디,https://usercontents-c.styleshare.io/images/43025773/700x394,1979년 오랜 전통의 패션/잡화! 구두의 명가 탠디에서 도시적 감각과 조화롭게 어우러진 classic 디자인이 컨셉인 새로운 라인을 출시했습니다. 탠디 워치는 미니멀한 디자인으로 당신의 우아한 아름다움을 선보일 수 있는 최적의 아이템 입니다. 유려한 곡선을 그리는 심플한 원형의 다이얼은 당신의 부드러운 카리스마를 표현합니다. 다이얼의 양쪽으로 미끄럽게 내려가는 시계 스트랩은 세련된 감성을 가진 당신의 손목에 최적화 되어 있습니다.
탱글티저,https://usercontents-c.styleshare.io/images/38815061/700x394,헤어브러쉬 시장에서 밀리언셀러로 등극!
터치그라운드,https://usercontents-c.styleshare.io/images/21198015/700x394,"American Vintage Sneakers Brand

1970~1990년대 사이에 나왔던 빈티지 신발들을 오마쥬하여 터치그라운드 만의 감성으로 재 해석하다."
테네르,https://usercontents-c.styleshare.io/images/42181357/700x394,"테네르tener는 스페인어로 (소유하다,가지다)와 같이  동시대적인 감각의 젊은 청춘 남녀들에게 
모던&심플디자인을 제안함과 동시에 소장하고 싶은 ""룩""을 완성하는 브랜드 입니다."
테라우드,https://usercontents-c.styleshare.io/images/fed48199-1db3-43f3-b934-d2dd062f4855/700x394,
테바,https://usercontents-c.styleshare.io/images/43003428/700x394,"TEVA(테바)는 1984년 설립된 아웃도어 신발 전문 브랜드로 스포츠 샌들의 원조라고 불리는 TEVA의 ORIGINAL 샌들은, 그랜드 캐니언의 가이드에 의해 플립플랍샌들(조리)에 시계에 사용하는 오래된 벨크로 스트랩을 붙여 놓은 형태였습니다. 이후 전 세계 많은 이들에게 호응을 얻게 됩니다."
테시,https://usercontents-c.styleshare.io/images/24175523/700x394,"테시(Tessi.the design)는, 우리글인 한글을 모티브로 디자인한, 한글이니셜 악세사리 전문 브랜드입니다.
실버와 고급스러운 재질로 공방에서 하나하나 다듬어 가며 제작되는 제품입니다.
우리글 한글을 모던하고 트랜디하게 표현하고  있습니다."
테이칼트,https://usercontents-c.styleshare.io/images/20684761/700x394,"TAKART(테이-칼트)는 예술작가들의 작품을 하나의 오브젝트에 담아 아트상품으로 제작 및 판매 하는 브랜드입니다. 브랜드 이름은 TAKE+ART 의 합성어로 '예술을 담아가다' 라는 뜻으로써 예술작품이 좀 더 퀄리티있는 아트상품으로 나올 수 있도록 예술작가들과 끊임없이 이야기하고 아티스트들의 작품을 한정수량으로 제작하며, 가능성이 무궁무진한 학생/청년 작가들의 젊고 신선한 작품들을 아트상품으로 세상에 공개하여 ‘예술’이 라는 장르를 대중들과 보다 원활하게 소통하고자 합니다."
테일러스튜디오,https://usercontents-c.styleshare.io/images/21187042/700x394,"TAILOR STUDIO(테일러 스튜디오)는 이전 시대의 전통적인 스타일을 의미하는 ""올드스쿨"" 스타일의 심플한 느낌의 브랜드입니다."
테크플레이버,https://usercontents-c.styleshare.io/images/36361179/700x394,TECHFLAVOR(테크플레이버)는 TECHNICAL SENSE OF VALUE라는 개념 아래 기능성 소재와 실용적인 디자인을 갖춘 제품을 선보이는 브랜드입니다.
텐블레이드,https://usercontents-c.styleshare.io/images/23698357/700x394,"텐블레이드는 스트릿 컬쳐에 기반을 두고 누구나 쉽게 편하고 즐길수 있는 
패션 & 라이프 스타일의 스트릿 웨어 브랜드입니다.
문화적 소통의 공간 , 다양한 디자인, 스타일을 구성하여 보다 새롭고 즐거움을 줄수있는 공간을 추구합니다."
텐제로,https://usercontents-c.styleshare.io/images/39859100/700x394,"피부에 안전한 기능주의, 내추럴 더마 코스메틱 텐제로"
텐투,https://usercontents-c.styleshare.io/images/19026798/700x394,TENTO는 2016년 3월 설립된 디자이너 JEE-NYU의 패션아이템브랜드로 걸리쉬하고 러블리한 그리고 위트있는 스타일을 지향합니다. 텐투만의 감각적인 패턴과 다양한 텍스타일 기법을 활용하여 디자인한 패션아이템을 시즌별로 제시하고 있습니다. 개성있는 패션 감각으로 자신만의 매력을 어필하는 영쇼퍼들을 위한 컨템포러리 패션 아이템을 지향하고 제작합니다.
텐퍼센트,https://usercontents-c.styleshare.io/images/6f7fd733-e1ce-4b7b-8cfe-edfaa068280c/700x394,"페미닌한 데일리룩, '텐퍼센트'
매일 드레스룸의 아름다움을 더하세요!"
텔릭,https://usercontents-c.styleshare.io/images/39533035/700x394,2012년 미국에서 처음 론칭된 텔릭(TELIC)은 패션과 기능의 융합을 특징으로 하는 리커버리 컴포트 슈즈 브랜드입니다.
토니모리,https://usercontents-c.styleshare.io/images/21216160/700x394,도심 속 즐거운 뷰티 라이프 스타일을 제안하는 스트릿 컬쳐 브랜드 TONYMOLY
토두스,https://usercontents-c.styleshare.io/images/38589157/700x394,"토두스는 카브리안 해에 서식하여 토디족과 어울려 사는 작은 새입니다.
아주 작은 몸짓으로 자유롭게 날아다니고 유쾌한 발성으로 다양한 종과 사이좋게 지낸다고 합니다.
어디든지 날아 다니는 날개짓은 매순간을 여행하는 모습으로 보입니다.

토두스는 우리들의 삶의 모습이 토두스새처럼 항상 유쾌하고 밝고 자유롭기를 응원합니다.
우리들의 지친 일상도 매순간이 여행처럼 설렐 수 있도록 저희 토두스는 친구처럼 늘 함께 하고 싶습니다."
토리버치,https://usercontents-c.styleshare.io/images/42758985/700x394,"2004년 뉴욕에서 설립된 토리버치는 토리 자신에게부터 실마리를 가지고 시작된,
글로벌한 시야를 가지고 있는 지극히 미국적인 브랜드입니다."
토스,,
토즈,https://usercontents-c.styleshare.io/images/42727221/700x394,
토피,https://usercontents-c.styleshare.io/images/19897976/700x394,"TOFFEE(토피)는 'EASY WEAR'를 브랜드의 기본 모토로 삼아 성별, 나이에 상관 없이 사람들이 가볍고 편안하게 착용할 수 있는 제품을 선보이고 있습니다."
톡톡스킨,,
톰브라운,https://usercontents-c.styleshare.io/images/42889518/700x394,"톰브라운은 2006년과 2013년 'CFDA 올해의 남성복 디자이너','올해의 GQ 디자이너'로 선정되었으며, 2012년에는 쿠퍼 휴이트 내셔널 디자인 어워드를 수상하였습니다.
톰브라운은 2001년,5가지 수트 만을 사전 주문 하에 제작하는 예약제 스토어로 사업을 시작하였고, 2003년 부터는 레디 투 웨어 컬렉션을 선보이기 시작했습니다.
그의 전통적인 핸드메이드 수트는 메트로폴리탄 뮤지엄의 코스튬 인스티튜트,빅토리아 앤 알버트 뮤지엄등 각국 뮤지엄의 컬렉션에 소장되어 있습니다.
톰브라운의 혁신적인 테일러링은 남성,여성복의 패러다임에 강한 영향을 준 것으로 인정받고있습니다.
톰브라운 남성복과 여성복 컬렉션은 뉴욕,도쿄,서울,홍콩등에 위치한 톰브라운 매장과, 뉴욕의 버그도프 굿맨,바니스,파리의 꼴레드,르 봉 마르쉐,런던,도쿄,뉴욕의 도버 스트리트 마켓,런던의 미스터포터,셀프리지,도쿄의 이세탄,한큐,유나이티드 애로우등 세계 유수의 디자이너 브랜드 전문 스토어를 통해 만나 볼 수"
톰투머로우,https://usercontents-c.styleshare.io/images/40251267/700x394,"톰투머로우(tomtomorrow)는
상상 속의 뮤즈 'tom', 그의 내일을 빛나게 할 물건들을 만들어갑니다. 

The brand 'tomtomorrow' will create something that will shine his tomorrow, 
for an imaginary muse ‘tom’."
톰포드,https://usercontents-c.styleshare.io/images/42728306/700x394,
톰폭스,https://usercontents-c.styleshare.io/images/42848930/700x394,특별한 당신을 위한 TOMFOX GYM WEAR는 MUSCLE & LOVER 이라는 주제로 COUUPLE LOOK 을 선보입니다.
투미,https://usercontents-c.styleshare.io/images/42758905/700x394,뉴저지 주 사우스 플레인 필드 (South Plainfield)에 소재한 여행용 고급 여행 가방 및 가방 제조업체입니다.
투에프로우,https://usercontents-c.styleshare.io/images/37049243/700x394,"2FLOW(투에프로우)는 2015년 10월 오픈한 신진디자이너 브랜드입니다. ""growing second floor"" 성장하는 작은 공방이라는 슬로건을 가지고 있고 시즌마다 투에프로우만의 디자인으로 발전하는 옷을 만드는 것이 목표입니다."
투엔티,https://usercontents-c.styleshare.io/images/21086388/700x394,"달콤한 스무살 투엔티
TWENTY와 만나는 순간, 특별했던 스무살의 그날이 피어나다."
투오,https://usercontents-c.styleshare.io/images/36337368/700x394,"2018년 6월에 런칭된 tuo는 이탈리아 어로 ""당신의"" 또는 ""당신의 것"" 이란 뜻입니다
tuo 만의 특별한 우븐코팅원단을 이용한 유니크한 컨셉의 가방브랜드 입니다.
2535 여성을 타겟으로 fun한 디자인과 정교한 작업으로 완성되었으며,
2012년 런칭된 가방브랜드 이루나니의 자매 브랜드이기도합니다."
투케이스,https://usercontents-c.styleshare.io/images/18956488/700x394,
투쿨포스쿨,https://usercontents-c.styleshare.io/images/38557408/700x394,
투프(TOOF),https://usercontents-c.styleshare.io/images/38219231/700x394,"투프는 뉴욕 패션스쿨 FIT 출신 디자이너가 뉴욕에서 처음 선보이기 시작한 캐릭터브랜드 입니다. 보는 것만으로도 기분 좋아지는, 언제나 어디서나 해피바이브로 가득한 9명의 투퍼(toof-er)는 컬러풀한 색감과 친근하면서도 독특한 디자인이 돋보이는 캐릭터 시리즈 입니다. 

Your Everyday Sprinkles! 
투프는 우리의 일상 곳곳에  스프링클처럼 소소하게 나마 순간순간 반짝이기를 소망합니다. 

투프와 함께 조금 더 유쾌하고 행복한 하루하루가 되어보세요!"
툴레 (THULE),https://usercontents-c.styleshare.io/images/34160011/700x394,"1942년 스웨덴에서 시작된 라이프스타일 브랜드, 툴레. 자동차를 위한 장치에서부터 일상을 위한 작은 운송수단인 가방까지, 가장 완벽하고 안전하게. Bring your life."
트래블(TRAVEL™),https://usercontents-c.styleshare.io/images/34508640/700x394,"TRAVEL™(트래블)은 ""Live in Comfort""라는 슬로건 아래 여행과 활동에 좋은 옷을 만들고자 합니다."
트레블237,https://usercontents-c.styleshare.io/images/23488351/700x394,‘전세계 237개국을 여행하다’ 라는 주제를 가지고 새로운 곳을 여행하면서 느끼는 설렘과 두근거림을 TRAVEL237만의 감성으로 표현하였습니다.
트레셔,https://usercontents-c.styleshare.io/images/18861066/700x394,"THRASHER(트레셔)는 스케이터보더들이 사회적으로 전혀 인정받지 못하던 시절부터 1981년 당시 유명 보드팀 ""INDEPENDENT""소속 KEVIN RHATCHER와 FAUSTO VITELLO(R.I.P)가 손을 잡고 매거진을 진행하면서 부터 시작되었습니다. 매거진으로 시작해서 스케이트보드와 언더컬쳐, 스트릿 씬에서 확고한 자리를 잡은 THRASHER의 색이 담겨 있는 제품들을 만날 수 있습니다."
트레통,https://usercontents-c.styleshare.io/images/21206447/700x394,"1891년 스웨덴 헬싱보리, 헨리덩커가 혁신적인 방법으로 고무 소재의 레저 상품을 개발하여, Tretorn(트레통) 브랜드가 탄생했습니다.
1980년 테니스 챔피언 bjorn borg가 착용하며 유명세를 타기 시작, 현재 미국에서뿐만 아니라 유럽 각지에서 큰 인기를 누리고 있습니다."
트루폭시,https://usercontents-c.styleshare.io/images/42823469/700x394,여성 요가복 필라테스 운동복 헬스복 등 여성 스포츠웨어 프리미엄 요가 필라테스 헬스 테니스 멀티스포츠웨어
트리앤씨,https://usercontents-c.styleshare.io/images/25562179/700x394,"트리앤씨(TREE ANN SEA)는 ‘땅(TREE)과 바다(SEA), 대자연(Mother Nature)에서 소녀 앤(ANN)이 태어났다.’ 
는 콘셉트의 천연기능성 프리미엄 화장품입니다. 
식물성 원료를 이용해 사막, 바다, 하늘, 북극의 피부 타입별 제품라인을 구성하고 있으며,  소비자 누구라도 안심하고 사용할 수 있는 브랜드를 목표로 합니다."
트리트룸,https://usercontents-c.styleshare.io/images/38150149/700x394,극손상모 고민으로부터 전문성 있는 해법을 드립니다.
트리플에이,https://usercontents-c.styleshare.io/images/18862186/700x394,"AAA(트리플에이)는 미국 내 인지도 1위의 무지 티셔츠 브랜드입니다. 특히, AAA 1301 모델은 AAA에서 출시되고 있는 여러 무지 티셔츠 모델 중 가장 클래식하면서도 기본적인 무지 티셔츠입니다. 현재 해외/국내 여러 유명 브랜드들이 AAA 1301 모델에 프린팅 및 택 작업을 한 후 판매를 하고 있을 정도로 현재로써 가장 스탠다드 한 무지 티셔츠입니다."
트리플펜로즈,https://usercontents-c.styleshare.io/images/23377346/700x394,TRIPLEPENROSE(트리플펜로즈)는 스트릿패션브랜드입니다
트리핀셀,https://usercontents-c.styleshare.io/images/21323377/700x394,"트리핀 셀 Trippin CeLL은 캐쥬얼 스트릿기반의 신진 디자이너 브랜드입니다.
브랜드의 디자인은 트랜드를 반영하기보다 ‘어떤 옷이 입고 싶다’에서 디자인이 시작됩니다.
포인트를 강조하며, 튀는 걸 좋아하는 사람이 아닌, 평범한 걸 싫어하는 사람을 위한 브랜드입니다."
트리헛,https://usercontents-c.styleshare.io/images/40525535/700x394,"텍사스의 농장에서 소박하게 시작한 트리헛은 미국에서 가장 인기 있는 바디 버터 및 스크럽 브랜드가 되었습니다.
천연 성분의 힘과 좋은 향으로 피부에 편안함을 선사합니다."
트릴리온,https://usercontents-c.styleshare.io/images/36693144/700x394,"트릴리온은 '단순함의 미학'을 의미하는 SIMPLE IS THE BEST를 슬로건으로 하고 있습니다.
기본을 지키면서 퀄리티 또한 놓치지 않겠다는 의미를 담고 있습니다.

단 하나의 제품에도 만족감을 느낄 수 있는 가치를 추구합니다."
트립션,https://usercontents-c.styleshare.io/images/23940456/700x394,"TRIP + FASHION의 합성어로써 서브 컬쳐와 그래픽, 아트웍을 기반으로 GENERAL LINE과 STREET LINE의 두가지를 보유한 스트릿 브랜드입니다.
다양한 그래픽과 아트웍으로 디테일을 살려 일상 생활에서도 자유로운 라이프 스타일을 선사합니다.
최상의 퀄리티의 제품으로 소비자들에게 부끄럽지 않게 제작하였고, 현재에 안주하지 않고 항상 고민하고 노력하는 브랜드입니다.
단순한 의류가 아닌 트립션만의 컬러와 문화로 대중들과 소통하는 브랜드로 성장하고 있습니다."
트윈타운,https://usercontents-c.styleshare.io/images/25563079/700x394,"스트릿 걸리쉬 브랜드 트윈타운입니다.
트렌디한 이미지로 소녀들만의 감성을 선보입니다."
트윙클팝,https://usercontents-c.styleshare.io/images/42981107/700x394,"데일리 메이크업으로도, 포인트로도 찰떡 소화 가능!
나만의 특별함이 폭발하는 그 순간, 나를 더욱 빛나게 존재감 폭발, 반짝 글리터 전문 브랜드 '트윙클팝'"
티브,https://usercontents-c.styleshare.io/images/41649914/700x394,"매일의 메이크업이 즐거운 코덕 소녀들의 고민과 아이디어를 반영하여 가성비 & 퀄리티 높은 제품을 연구하는 브랜드, 티브!
매순간 즐겁고 행복한 메이크업을 경험할 수 있도록 새로움으로 가득한 제품들을 선보입니다."
티브이오비티(TVOBT),https://usercontents-c.styleshare.io/images/43068482/700x394,"브랜드 TVOBT는 아티스트의 작품을 공유합니다. 이를 대중들이 간접적으로 경험하고

이해하는 단계를 넘어서, 다양한 아티스트들의 작품으로부터 새로운 시각 혹은 영감을 받으며

아티스트와 함께 교류할 수 있는 장을 만들어 사회 문화 발전에 이바지하고자 합니다."
티시리즈,https://usercontents-c.styleshare.io/images/37406752/700x394,티시리즈는 자연주의를 컨셉으로 한 성원제약의 이노베이션 덴탈케어 브랜드입니다
티쏘,https://usercontents-c.styleshare.io/images/42891556/700x394,"티쏘는 '전통을 기반으로 한 혁신'을 핵심 가치로 160년 이상의 역사를 기반한 장인 정신과 혁신에 있어 선구적인 역할을 해왔습니다.
뛰어난 기술력과 함께 트랜디한 디자인을 기반한 럭셔리한 골드 라인부터 스포티한 제품, 그리고 여성 라인까지 다양한 제품군으로
전 세계 소비자들로부터 많은 사랑을 받는 스위스 메이드 워치 브랜드입니다."
티아즈,https://usercontents-c.styleshare.io/images/25510278/700x394,"브랜드 TEEAZ(티아즈)는 'Tee'와 알파벳 'AZ'의 합성어이며 티셔츠의 모든 것을 의미합니다.

과하지 않으며 절제된 디자인을 바탕으로 매력적인 감성적 요소들을 포인트로 사용하여

남녀 누구나 입을 수 있는 새로운 세대의 ""ATTRACTIVE UNISEX BASIC"" 스타일을 추구합니다."
티엔피,https://usercontents-c.styleshare.io/images/19016250/700x394,"TNP(티엔피)는 Twinkle Night & People""의 약자로 아이디어는 멀리있는 것이 아니라 우리의 생활속 가까운 곳에 있다라는 뜻을 가진 브랜드입니다. 세 명의 오랜 친구들이 URBAN STREET 패션시장에 오랫동안 몸담고 있다가 탄생시킨 브랜드입니다. 그들은 어려서부터 자연스럽게 익스트림스포츠를 즐겨온 터라 더욱 안전하고 재미있는 놀이문화를 위한 기능성 안전용품의 필요성에 서로 공감하게 됩니다. 비단 안전용품에 대한 의견에 국한되지 않고 패션 및 기능성까지 고려하여 서로 의견을 나누고 개개인의 개성을 반영한 아이디어를 바탕으로 철저한 사전조사 및 시장조사를 통해 안전클립(TNP CLIP)을 제작하였습니다."
티엘스,https://usercontents-c.styleshare.io/images/42111565/700x394,"티엘스는 Tea + else로 자연의 맑은 기운이 담긴 '차(tea)'와 히알루론산 등 피부에 효과를 주는 믿음직한 성분의 조합으로 피부에 보다 편안하고 자연스러운 힐링 효과를 선사하는 클린 & 내추럴 스킨케어 브랜드입니다. 
세심하게 선별한 자연 성분과 환경을 생각한 FSC 지류 사용의 작은 시도로 우리 피부와 라이프 스타일에 건강한 변화를 줄 수 있다는 신념으로 만들었습니다."
티타니아(TITANIA),,
티파니앤코,https://usercontents-c.styleshare.io/images/41431728/700x394,"1837년 이래 티파니의 대표적인 주얼리들은 스타일을 선도해왔으며 세계의 위대한 러브스토리들과 함께 해왔습니다.
대표적인 티파니 세팅 링 이외에도 노보,루시다,솔리스트,하모니 등 다양한 종류의 웨딩 링을 선보이고있으며, 티ㅏ니는 글로벌 브랜드 컨설팅업체인 인터브랜드에서 선정한 '글로벌 100대 브랜드'에 2000년부터 2013년까지 꾸준히 랭크되고 있습니다. 주얼리브랜드 중 유일하게 국제 표준화 기구 ISO9001로부터 인정받은 첨단 시설과 전문적인 지식을 갖춘 보석학자들로 구성된 자체 감정소를 운영하고있으며, 감정소의 평가를 거친 티파니 다이아몬드에는 완벽한 품질을 보증하는  '티파니 다이아몬드 증서'가 발행됩니다."
티피오,https://usercontents-c.styleshare.io/images/23588871/700x394,"“Anytime, Anyplace, Anycase”
T.P.O는 시간(Time), 장소(Place), 상황(Occasion)으로 이루어진 라이프 스타일에 최적화된 브랜드입니다. 소비자가 공감할 수 있는 실용적인 뷰티템을 만들어 적시 적소에서 라이프스타일을 업그레이드 시키는 것이 T.P.O의 비전입니다."
티허드,https://usercontents-c.styleshare.io/images/21192465/700x394,
파나컬트,https://usercontents-c.styleshare.io/images/878612ac-b03e-49fd-90a8-d7b5dc2b895e/700x394,"‘FANA CULT’는 ‘STREET FASHION, YOUTH CULTURE’ 무드를 기반으로 한 의류 회사 입니다."
파라점퍼스,https://usercontents-c.styleshare.io/images/43110914/700x394,"이탈리안 프리미엄 아우터웨어 브랜드로 몽클레어,캐나다구스와 함께 3대 프리미엄 패딩으로 글로벌 시장에 알려져있는 브랜드."
파르티멘토,https://usercontents-c.styleshare.io/images/19019115/700x394,PARTIMENTO(파르티멘토)는 주어진 기본 음계를 베이스로 연주자 각자가 본인의 개성을 담아 즉흥 연주하는 파르티멘토 음악처럼 파르티 디자이너들은 기본에 충실하지만 각자의 개성이 담긴 제품을 만들려고 합니다.
파마컬렉션,https://usercontents-c.styleshare.io/images/32694285/700x394,"당신의 옷장 속, 수집품으로 남을 디자인 제품을 만들겠습니다."
파뮬러스,https://usercontents-c.styleshare.io/images/41307723/700x394,"Famulus는 Family의 라틴어 어원으로, ‘하인’ 또는 ‘섬기는 자‘라는 의미입니다. 2017년 유기견을 돕는 티셔츠에서 출발하여, 이제는 반려동물과 반려인으로, 다시 지구촌 ‘공존’의 키워드로 더 많은 공간에서 ‘가족’이라는 의미를 제품과 캠페인으로 제시하는 브랜드입니다."
파샤파샤,https://usercontents-c.styleshare.io/images/35332435/700x394,"2018 F/W를 기반으로한 국내디자이너 브랜드 파샤파샤

스포티한 느낌을 자유롭게 표현하고 일상 생활에서 얻을 수 있는 영감으로 자신만의 느낌을 쉽게 표현할 수 있는 데일리 웨어를 지향합니다."
파시,https://usercontents-c.styleshare.io/images/41530539/700x394,"FASCY는 개성 톡톡, 귀엽고 매력적인 티나 캐릭터를 활용하여, 유니크하고 차별화된 디자인 전략으로 
매력적인 화장품을 만들어 나아간다 티나는 모든여성의 친구이다! You're My Soul Mate"
파시에라,https://usercontents-c.styleshare.io/images/25512271/700x394,"'조금 특별한 에코백' 파시에라는 에코백 본연의 실용성을 기본으로, 어딘가 특별한 디테일이 있는 유니크한 스타일을 추구하는 에코백브랜드입니다."
파시코,https://usercontents-c.styleshare.io/images/42532291/700x394,"국내 최초의 스포츠 영양보충식품 전문기업 파시코!
스포츠 과학 전문 연구진이 한국인에 적합한 제품을 개발하고 있습니다"
파우트(POUT),https://usercontents-c.styleshare.io/images/39251984/700x394,"파우트는 일상의 평범한 제품을 다른 시각으로 바라보고 일상에 새로운 감성을 불어넣을 수 있는 디자인 상품을 만듭니다.

프랑스 감성의 패셔너블하고 감각적인 디자인으로 당신의 오감을 만족시키고, 삶의 공간을 더욱 풍성하고 매력적으로 만들 수 있는 라이프스타일을 제안합니다."
파운데이션,,
파이,https://usercontents-c.styleshare.io/images/38494894/700x394,"2019년,첫번째 컬렉션을 시작한 ffai(파이)는 심플하면서 매력적인 로고 플레이 웨어를 선보입니다 .
트렌디하고 세련된 컨셉으로 브랜드의 색을 담은 의류와 잡화를 생산하는 것을 지향합니다 ."
파이널랩,https://usercontents-c.styleshare.io/images/31152726/700x394,"FINAL LAP(파이널 랩)은 '레이싱의 마지막 바퀴'라는 
의미에서 영감을 받아 시작된 브랜드입니다.
자유로운 라이프 스타일을 바탕으로, 특별한 감성을 지닌 사람들과 
처음과 끝을 함께하고 싶은 마음을 담아 만들어지는 옷입니다.
높은 퀄리티의 아이템을 파이널 랩만의 시각으로 풀어내며, 합리적인 가격대로 선보입니다."
파이브데이즈(5days),https://usercontents-c.styleshare.io/images/24861379/700x394,"5일만에 달라지는 내 몸의 변화, 파이브데이즈 5days"
파이브데크(FIVE DECK),https://usercontents-c.styleshare.io/images/33402273/700x394,"FIVE DECK(파이브데크)는 액팅 스포츠를 subject로 티셔츠, 후드티, 맨투맨 티셔츠 등의 의류에 5deck만의 혁신적인 디자인과 다양한 디자인을 더하여 스케이트 보더들과 자전거 라이더에게 사랑받는 브랜드로 자리매김하고 있습니다.
5deck의 디자인은 미국 서부의 스트릿문화를 기반으로 제작되며 미국에서 활동한 앤디김과 콜라보레이션 형태로 제작되고 있습니다."
파이스해빗,https://usercontents-c.styleshare.io/images/25512070/700x394,"'아름다움의 시작은 작은 습관에서 시작된다'
피부에 좋은 습관을 제안하는 브랜드 '파이스해빗'"
파코라반,https://usercontents-c.styleshare.io/images/42787193/700x394,차별화된 소재의 사용과 초현실적인 미래파 디자인으로 유명한 파코라반.
파타고니아,https://usercontents-c.styleshare.io/images/38817675/700x394,"1964년 파타고니아 설립자 이본 쉬나드는 암벽등반시 해치지 않는 금속 못을 제작하여 1973년
친환경 아웃도어 의류 브랜드 파타고니아를 설립한다. 최고의 품질을 고집하면서 높은 내구성과
유행을 타지 않는 디자인이 전 세계적으로 사랑받고 있으며 친환경 소개 개발에 매진하고 매년
매출의 1%를 사회 공헌활동에 사용하는 등 지속 가능한 사회와 환경을 만드는데 일조하고 있다."
파파레서피,https://usercontents-c.styleshare.io/images/42259267/700x394,아빠의 따뜻한 정성과 마음을 담은 자연주의 브랜드 파파레서피
파펨,https://usercontents-c.styleshare.io/images/18862251/700x394,"역사 깊은 향 회사의 연구실 선반에서 트렌디함을 건져내다.

역사깊은 향기 기업의 선반에 숫자 코드로 잠들어 있는 향을 깨워 살아있는 향수로 만들어가는 과정이 파펨의 시작이었습니다."
판도라(PANDORA),https://usercontents-c.styleshare.io/images/38041611/700x394,"전 세계에서 가장 행복한 나라인 덴마크의 문화를 담은 주얼리 브랜드 판도라는 1982년 덴마크 코펜하겐의 작은 공방에서 탄생하여 현재 전 세계 50여개 이상 국가에서 판매되고 있는 세계적인 브랜드이다.
200여개 이상의 단독 부티크를 포함, 10,000여개 이상의 매장에서 판매되고 있는 판도라는 '까르띠에','티파니'에 이어 세계 매출 3위를 기록하고 있을 정도로 전 세계적으로 이미 많은 주목을 받고있다.

판도라는 행복하고 소중한 순간을 추억, 기념할 수 있는 '모멘츠 컬렉션'으로 특히 유명한데, 전 세계에 하나뿐인 나만의 주얼리를 가능케하는 판도라의 모멘츠 컬렉션은 올해로 런칭 10년을 맞이해 1000만개 이상이 판매되는 등 선풍적인 인기를 끌고 있다.
모멘츠 컬렉션의 인기 비결은 바로 '스토리가 있는 주얼리'라는 것으로, 2000여개의 스크류 방식의 비즈 장식 중 본인만의 스토리가 담긴 장식을 선택하여 마치 레고처럼 조립, 착용하는 독특한 컨셉의 주얼리이다."
판타스킨,https://usercontents-c.styleshare.io/images/25361635/700x394,"""사람과 화장품은 겪어봐야안다""
프랑스성분과 좋은 성분으로 만든 판타스킨!
도둑크림,속눈썹영양제 히트중"
팔라디움,https://usercontents-c.styleshare.io/images/37912622/700x394,"PALLADIUM(팔라디움)은 1920년 항공기 타이어 제조회사로 시작한 팔라디움은 타이어 생산 노하우를 활용한 부츠를 생산하기 시작하였고, 1947년 팔라디움 최초의 워크부츠 팜파(Pampa)워커를 탄생 시키며, 뛰어난 기능성, 편안함, 내구성을 인정받아, 전설적인 프랑스 외인부대의 신발로 채택되었습니다. 유럽을 비롯한 전 세계에서 주목 받고 있는 팔라디움은 매 시즌 닐바렛, 퍼렐 윌리암스, 리차드 차이등의 셀레브리티와의 콜라보레이션을 통해 현재 전 세계 패션 피플들에게 사랑받고 있는 프랑스 워커 브랜드 입니다."
팜스킨,https://usercontents-c.styleshare.io/images/34683994/700x394,팜스킨은 '자연이 주는 최초의 선물'인 초유로 화장품을 만들며 피부속부터 변화되는 아름다운 경험을 여러분께 전달드립니다.
팜엔젤스,https://usercontents-c.styleshare.io/images/42759347/700x394,
팡가오,,
패널티,https://usercontents-c.styleshare.io/images/32696938/700x394,"PENALTY (페널티)
  [명사] 1. 스트릿 디자이너 브랜드
           2. 유니섹스 브랜드 
 
  [동사] 1. 페널티는 국내 자체제작을 한다.

PENALTY는 축구 경기 중 페널티킥 찬스를 얻어 골을 터뜨리는 장면이 모티브가 되었습니다.
부정적인 단어로 느껴지던 페널티가 시선을 돌려보니 기회였던 것입니다.
PENALTY 로고 속 정의의 저울은 예술성과 대중성의 중립을 지킨다는 표현이며 PENALTY의 상징입니다."
패러디,https://usercontents-c.styleshare.io/images/29468005/700x394,자유롭고 개성있는 도시 사람들의 라이프스타일과 트랜드에 위트를 더해 디자인하고 있습니다.
패치엠디,,
패치페치,https://usercontents-c.styleshare.io/images/21184573/700x394,"PATCH FETCH(패치페치)는 여성의 아름다움을 지키는 기업입니다. 테라피 경피약물 전달 시스템인 DDS기술(Drug Delivery System)을 바탕으로 화장품 분야에서 피부온도에 반응하는 고농축 하이드로계열의 물질을 고분자 나노 바이오 기술을 적용하여, 유효 성분을 피부의 진피층까지 전달해주는 최첨단 기술을 적용한 친환경 바이오 화장품입니다."
패티즘,https://usercontents-c.styleshare.io/images/25382214/700x394,"패티즘(.FTSHM)은 ‘길거리 문화(Street culture)’로 부터 창립되어 'Fasion(패션)' 과 'Fetishism(도착증)'의 합성어인 패티즘(.FTSHM) 
즉, 패션도착증이라는 의미로 '길거리 문화 속 개성 있는 각자의 스타일을 집착해라'라는 슬로건으로 창의적이고 개성 있는 아이덴티티로 문화 속에 스며드는 스트리트 브랜드입니다."
팩에이지,https://usercontents-c.styleshare.io/images/e2b3ff40-a2ae-4c04-ba49-6e73731d6f16/700x394,피부도 기분도 좋아지는 감성화장품
팩토리노멀,https://usercontents-c.styleshare.io/images/42852608/700x394,"팩토리 노멀은 보통 사람들에 집중합니다.

우리에게는 우리 상품을 봐주시고 구매해주시는 당신들이 가장 특별합니다.

그리고, 우리가 정성스럽게 만들어내는 상품들이 기어코 잘 전달되어

특별하게 좋은 추억을 만들어 드릴것을 믿어 의심치 않습니다."
팬톤리빙,https://usercontents-c.styleshare.io/images/42654072/700x394,"덴마크 디자인 스튜디오인 Copenhagen Design과 글로벌 색채 전문기업인 Pantone社와의 콜라보레이션으로 탄생한 팬톤리빙 브랜드는

               북유럽의 세련된 기능성 디자인과 팬톤 고유의 컬러칩 디자인이 조화롭게 어우러져 여러분의 가치와 품격을 충분히 높여줄 수 있는 아이템입니다."
팽고,https://usercontents-c.styleshare.io/images/e15312da-4edd-4308-ab82-4dd40d44b9e5/700x394,팽고는 솔직하고 여유로운 시선의 정체성을 정의해 나가고 있는 언더그라운드 스트릿웨어 브랜드입니다. 편하고 쉽게 접근할 수 있는 아이템에 팽고가 세상을 바라보는 특유의 시선을 담아 패션을 통해 자기표현을 하고자 하는 스트리트 감성을 대변합니다.
퍼니데이즈,https://usercontents-c.styleshare.io/images/21847590/700x394,ONLY FUNNYDAYS ! 어디에서도 볼수없는 퍼니데이즈만 의 유니크한 폰케이스 전문점
퍼니메이드,https://usercontents-c.styleshare.io/images/19016355/700x394,FUNNYMADE(퍼니메이드)는 고객님의 일상 속에 즐거움이 가득하도록 하고자 항상 고객님의 입장에 서서 좋은 제품을 제작하도록 노력하고 있습니다. 디자인부터 제작까지 전 과정을 국내에서 자체 기술로 생산하고 있으며 앞으로도 사용자의 NEEDS에 CREATIVE IDEA를 더해 당신의 즐거운 일상에 더욱 보탬이 되겠습니다.
퍼스텝,https://usercontents-c.styleshare.io/images/6a1ceb0a-1929-4a7a-aa81-2c2fac493e85/700x394,PERSTEP(퍼스텝)은 진화라는 의미를 재해석하여 대중적으로 표현한 유니크한 상품들을 통해서 새로운 라이프스타일을 제안하는 브랜드입니다.
퍼시,https://usercontents-c.styleshare.io/images/22769149/700x394,"FURSIE(퍼시)는 ""For them -그들을 위한"" 이란 뜻의 독일어 표현으로, 일상에서의 여유와 여행을 통한 치유 그리고 자유로운 시간의 공유를 컨셉으로 순간순간을 함께 합니다."
퍼퓸 해시태그,https://usercontents-c.styleshare.io/images/21261451/700x394,
퍼플렉스시티,https://usercontents-c.styleshare.io/images/21623283/700x394,PERPLEXCITY(퍼플렉스시티)는 매번 다양한 컬러감과 미니멀리즘을 추구하는 유니섹스 브랜드입니다.
퍼플리쉬,https://usercontents-c.styleshare.io/images/42995635/700x394,가장 '나'다운 아름다움을 추구합니다.
퍼플트리,https://usercontents-c.styleshare.io/images/22770195/700x394,
펀치라인,https://usercontents-c.styleshare.io/images/41042804/700x394,
펀프롬펀,https://usercontents-c.styleshare.io/images/20348678/700x394,"FUNFROMFUN(펀프롬펀)은 fun의 사전적 의미인 ""재미, 즐거움을 주는 것, 장난""의 과정과 공유를 위하여 시작되었습니다. 매시즌 정해진 컨셉으로 디자인하며, 다양한 소재와 기법을 활용하여 유니크한 가방을 선보입니다."
페가도르,https://usercontents-c.styleshare.io/images/25553947/700x394,"Authentic Shoe Brand
'PEGADOR'

페가도르는 구조와 기능에 충실한 '편안한 신발'을 추구하며, 매 시즌 기존 신발에서 볼 수 없었던 특별한 컬러와 이야기를 담은 제품을 선보인다."
페디슨,https://usercontents-c.styleshare.io/images/25367534/700x394,자연이 주는 지혜와 스킨케어 과학의 만남
페라가모,https://usercontents-c.styleshare.io/images/20964821/700x394,
페라리,https://usercontents-c.styleshare.io/images/19588055/700x394,
페르난다,https://usercontents-c.styleshare.io/images/38919899/700x394,"특별한 향기로 당신만의 매력을 표현하고 향기로운 에너지로 당신의 일상을 즐겨보세요.
당신에게 가장 아름다운 향기를 선사할 ""라이프 스타일 브랜드 FERNANDA"""
페리페라,https://usercontents-c.styleshare.io/images/42444330/700x394,
페어리드롭스,https://usercontents-c.styleshare.io/images/19016062/700x394,Fairy Drops(페어리드롭스)는 미국과 일본에서 인정한 눈물방울 마스카라로 유명한 브랜드입니다.
페이,https://usercontents-c.styleshare.io/images/42756695/700x394,
페이드크레센트,https://usercontents-c.styleshare.io/images/25122961/700x394,"저희 Fadecresent 는 ""점점희미해져가는 공간속에 초승달"" 이란 뜻으로써
희미해져가는 공간속에서도 밝게 빛나는 초승달 같이
타 스트릿브랜드와는 다른느낌으로 스트릿 브랜드 안에서
페이드 크레센트스럽단 말이 나오게끔 특색있는,색감이쁜 옷을 만들어
 하나의 페이드크레센트 브랜드화를 만들고싶습니다."
페이브먼트,https://usercontents-c.styleshare.io/images/39162614/700x394,"PAVEMENT(페이브먼트)는
PAVEMENTSTORE를 기반으로 도심에서 살고 있는 청춘들의 요구를 만족시키는것을 목표로 하는 캐주얼 브랜드입니다."
페이스인페이스,https://usercontents-c.styleshare.io/images/23739516/700x394,"당신과 함께 하는모든 날이 눈부시게 아름답도록 페이스 인 페이스
눈길을 끄는 트렌디한 컬러와 컨셉의 디자인
당신의 일상에 즐거움을 더해줍니다."
페이스커넥션,https://usercontents-c.styleshare.io/images/42787287/700x394,
페이유에,https://usercontents-c.styleshare.io/images/21209204/700x394,
페이퍼먼츠,https://usercontents-c.styleshare.io/images/18862475/700x394,PAPERMENTS(페이퍼먼츠)는 다양한 개성을 지닌 일러스터들로 구성된 페이퍼먼츠의 디자이너들은 신선한 디자인과 합리적인 가격의 제품을 갈망하는 쇼퍼들의 갈증을 해소시켜줍니다.
페이퍼케이스,https://usercontents-c.styleshare.io/images/22827646/700x394,페이퍼케이스는 다양한 모습을 보여주고 싶어하는 소녀를 위한 가방을 선보인다.
페이퍼플레인,https://usercontents-c.styleshare.io/images/23407231/700x394,
페인오어플레져,https://usercontents-c.styleshare.io/images/21856388/700x394,"""상반된 요소를 혼합시켜 새로운 무드를 만들어 낸다.""
페인오어플레져는 이와 같은 모토를 가지고, 페미닌 무드와 스트릿 무드를 기반으로 새로운 이미지를 추구합니다."
페퍼시즈닝,https://usercontents-c.styleshare.io/images/23031744/700x394,"PEPPERSEASONING은 2017 S/S 시즌부터 전개하는 유니섹스 캐쥬얼브랜드입니다.
“THINK OUTSIDE OF THE BOX” 슬로건으로 고정관념을 깨는 의류 브랜드로 컨셉츄얼하게 전개할 예정입니다."
페페,https://usercontents-c.styleshare.io/images/3563e02a-be6b-4a66-a286-ba80f73b8704/700x394,
페플,https://usercontents-c.styleshare.io/images/38786269/700x394,
펜디,https://usercontents-c.styleshare.io/images/20964594/700x394,
펜할리곤스,,
펠라스1932,https://usercontents-c.styleshare.io/images/33491320/700x394,"‘Fellas’는 1932년 설립일 이후로 신발에 대한 
강한 기술력과 오랜 믿음으로 86년 이라는 시간을 
서울과 함께 지켜온 슈즈 브랜드이다. 익숙한 순간들과 새로운순간들 사이에서 그들이 보여주고자하는 지금의 신발은 ‘Fellas’를 경험한 많은 사람들에 대한 
값진 선물이 될것이다."
포그보우,https://usercontents-c.styleshare.io/images/23385945/700x394,"포그보우는 안개 무지개로 구름 같은 순백색의 무지개를 만들어낸다.
이 무지개를 본 사람들은 그 순간을 잊을 수 없을 만큼 황홀하며 아름답다 말한다. 우리는 마치 안개 속 하얀 무지개와 같은 아름다운 순간을 기억하고 기록한다."
포니이펙트,https://usercontents-c.styleshare.io/images/20293381/700x394,"기존의 틀을 깨고 대체 할 수 없는 나만의 모습을 표현하는 수단, 포니이펙트"
포린미,https://usercontents-c.styleshare.io/images/39164605/700x394,"Rose 필터를 씌운 듯 한 감성의 전문 색조 브랜드,여기는 fallin.me 입니다."
포밤,https://usercontents-c.styleshare.io/images/39161219/700x394,
포쉬프로젝트,https://usercontents-c.styleshare.io/images/33068558/700x394,"2010년에 설립된 포쉬프로젝트는 작은 소품서부터 생활용품까지 만드는 브랜드입니다.

메인재료를 가죽과 캔버스를 사용하고 있으며 다양한 소재를 사용하여 제품개발에 힘쓰고있고, 
제품의 디자인서부터 제작까지 모든공정을 관리하여 제품의 질향상을 위하여 항상 노력하고 있습니다.

신제품이출시되기까지 많은 시행착오를 거치며 완벽한 제품을 소비자들에게 보여드리려고 노력하고 있습니다.
도트9개에 임의로 이어진 선들로 각 제품의 카테고리를 나누고 모델명을 하여, 제품들을 관리하고 있습니다.
언제나 심플하고 좋은 디자인 실용성으로 사용자에게 다가가는 브랜드가 되겠습니다."
포에버스킨,https://usercontents-c.styleshare.io/images/42831039/700x394,
포에버영,https://usercontents-c.styleshare.io/images/20395377/700x394,
포윗,https://usercontents-c.styleshare.io/images/38712878/700x394,"'point to wit' 은 재치를 가리키다는 뜻입니다. 문장 앞의 po와 뒤의 wit이 합쳐져 브랜드 포윗이 만들어집니다. 편한 옷을 만들고, 과하지 않은 멋을 추구하는 브랜드 포윗입니다."
포이유이,https://usercontents-c.styleshare.io/images/43134509/700x394,"피부가 즐겁게, 오늘이 즐겁게!
즐거운 일상을 만드는 작은 실천으로 큰 변화를 이룰 수 있다고 믿는 클렌징 전문 화장품 브랜드입니다"
포인트,https://usercontents-c.styleshare.io/images/19588083/700x394,
포즈간츠,https://usercontents-c.styleshare.io/images/33619762/700x394,"POSEGANCH는 쉽게 놓칠만한 작고 세밀한 부분까지 항상 앞서 고민하고 의문점을 제기하여 이를 부각시킨 ""완성도 높은 제품으로 고객에게 즐거움과 행복을 주는 제품으로 소통한다.""라는 뜻으로 여러 문화의 독창성과 다양성이 합쳐진 문화융합을 추구합니다."
포켓도시락,https://usercontents-c.styleshare.io/images/42913905/700x394,"포켓도시락은 '안그래도 힘든 다이어트, 낮은 칼로리에 맛있게 먹으면서 하자' 라는 지향점을 가지고 고객님들께 더 좋은 상품을 제공하기위해 노력하고있습니다."
포켓몬스터,https://usercontents-c.styleshare.io/images/bac3e285-8997-4d0b-b8df-1142c3ce8767/700x394,
포콤마,https://usercontents-c.styleshare.io/images/39037386/700x394,"with planned opportunity,
not a fortuitous one, the brand will be together ubiquitoustly and purchase."
포티세컨드(4T2ND),https://usercontents-c.styleshare.io/images/40385997/700x394,"Broadway, New York
미국 뉴욕 맨해튼 남쪽 끝에 북쪽 끝을 잇는 물리적인 길을 뜻하는 말이기도 하지만 실제로는 미국으 연극, 뮤지컬계를 일컫는 말로 쓰인다. 
4T2ND는 뮤지컬 브로드웨이 42번가(42nd Street)를 모티프하여 경제적으로 어려웠던 1930년대 뉴욕을 배경으로 젊은이의 성공을위한 도전을 fashion style로 표현한 passion design입니다."
포피네,https://usercontents-c.styleshare.io/images/40019595/700x394,온가족 선케어 브랜드
폭스바겐,https://usercontents-c.styleshare.io/images/25512233/700x394,"세계적인 명품 자동차로 명성을 날리고 있는 유럽 최대의 자동차 메이커인 폭스바겐(Volkswagen)에서 시계를 선보입니다.
유럽 최대의 자동차 그룹인 폭스바겐 그룹의 철학을 디자인적으로 풀어내어 시계시장에 새로운 기준을 제시합니다.
혁신적이고 다양한 컬렉션을 지금 만나보세요."
폭스타일,https://usercontents-c.styleshare.io/images/22674223/700x394,
폴더라벨,https://usercontents-c.styleshare.io/images/37912636/700x394,
폴로 랄프로렌,https://usercontents-c.styleshare.io/images/35447930/700x394,"POLO RALPH LAUREN(폴로 랄프로렌)은 미국을 대표하는 디자이너 랄프 로렌에 의해 1967년에 설립되었습니다.
폴로 랄프로렌의 제품은 실용적이면서 품격을 갖추고 있어 꾸준한 인기를 누리고 있어 글로벌 브랜드로 자리매김 하고 있습니다."
폴메디슨,https://usercontents-c.styleshare.io/images/38150150/700x394,더마 연구자가 과학으로 증명합니다.
폴스미스,https://usercontents-c.styleshare.io/images/42759382/700x394,
폴카폴카,https://usercontents-c.styleshare.io/images/35060307/700x394,"“Our trival daily story”
소소한 일상속 특별한 하루.
그런 소중함을 느낄수있는 옷을 선물합니다."
푸마,https://usercontents-c.styleshare.io/images/18861262/700x394,"PUMA(푸마)는 다즐러에 의해 독일에서 만들어진 세계적인 스포츠 브랜드입니다. 현재는 토털 라이프스타일 브랜드로, 높은 퀄리티와 다양한 디자이너와의 콜라보레이션으로 세계적으로 많은 사랑을 받고 있습니다."
풀포,https://usercontents-c.styleshare.io/images/25573944/700x394,"풀포(pulpo)는  2018ss 런칭한 브랜드 이며, 슬로건  ""Full Personal Color""  나만의 감성으로 담아내다 의 의미를 두고 있습니다."
퓨어덤,https://usercontents-c.styleshare.io/images/24783192/700x394,"착한성분 착한 브랜드, 퓨어덤"
퓨어멜로우,https://usercontents-c.styleshare.io/images/38669541/700x394,"퓨어멜로우는 내일의 아름다움을 위해 끊임 없이 연구하는 브랜드입니다.
순수하고 안전한 성분들을 통하여 건강한 피부로 거듭나길 기원합니다."
퓨어포레,https://usercontents-c.styleshare.io/images/32167029/700x394,"퓨어포레ㅣ 저자극 자연주의 화장품
트러블레스유! 병풀이 네 피부를 살렸다!
문제성 피부를 해결해줄 갓/띵/작!"
프라다,https://usercontents-c.styleshare.io/images/41431742/700x394,"설립자 마리오 프라다의 이름에서 유래한 프라다는 1913년 이탈리아 밀라노에 오픈한 가죽제품 전문매장인 '프라텔리 프라다'에서 시작되었다,
1919년 프라다는 이탈리아 사보이 왕실의 공식 납품업체로 지정될 만큼 품질을 인정받았다.
1977년 마리오 프라다의 손녀 미우치아 프라다가 프라다를 이어받아 포코노 나일론과 같은 혁신적인 소재를 사용해 새로운 스타일의 패션을 선보이며 세계적인 브랜드로 성장시켰다"
프라우드메리,https://usercontents-c.styleshare.io/images/21904917/700x394,"더모 코스메틱 전문 프라우드메리 
MARY를 만나면 PROUD해집니다."
프라이하잇,https://usercontents-c.styleshare.io/images/39586086/700x394,"FREIHEIT는 독일어로 자유라는 뜻으로, 
틀에박힌 일상에서 벗어나 보다 더 자유롭고 개성있는 감성을 추구합니다.
자신이 지니는 본래의 고유성을 보다 더 빛나게 하는것이 
우리가 찾는 자유이며, 내 안의 보석을 찾는것으로 
프라이하잇은 이러한 감성을 토대로 자유분방한 디테일과 모던한실루엣의 디자인을 표현합니다."
프랑켄모노,https://usercontents-c.styleshare.io/images/25555237/700x394,FRANKENMONO(프랑켄모노)는 베이직한 디자인을 바탕으로 꿈꾸는 몽상가들만의 독특한 발상과 영감을 디자인으로 옮긴 스트릿패션 브랜드입니다.
프럼네이처,https://usercontents-c.styleshare.io/images/31850428/700x394,자연에서 발견한 건강한 아름다움의 전달자
프레드릭엠,https://usercontents-c.styleshare.io/images/40759219/700x394,"향수 매니아들의 원픽! 
전설의 향수 오베드상 오 드 퍼퓸"
프레드릭콘스탄트,https://usercontents-c.styleshare.io/images/42891571/700x394,"프레드릭 슈라이너와 콘스탄트 스타스의 만남으로 탄생된 프레드릭 콘스탄트는 1904년 설립되어 독창적인 디자인으로
장인의 특별한 무브먼트 제작으로 정확한 시간을 알려준다."
프레드페리,https://usercontents-c.styleshare.io/images/42706701/700x394,스포츠 웨어로 시작했지만 1950-60년대 British Mod Movemnet 에 채택되면서 그 시대의 아이콘이 되었습니다. 또한 승리와 명예를 뜻하는 Laurel[월계관] 로고와 피케 셔츠는 브랜드의 상징입니다.
프레쉬라이트,https://usercontents-c.styleshare.io/images/20305201/700x394,FRESHLIGHT(프레쉬라이트)는 140년 전통의 글로벌 기업 헨켈과 슈바츠코프의 기술력이 만듭니다.
프레시안티유스,https://usercontents-c.styleshare.io/images/25970303/700x394,"유스컬쳐 스타일에 기반을둔 컨셉으로 심플함과 베이직함을 베이스로 
80s-90s대의 레트로 트렌드를 과하지 않은선에서 위트있게 녹여내는 것이 
특징이며 90년대 스케이트룩과 에슬레져룩,스트릿룩,힙합을 기반으로 한다."
프레시팝,https://usercontents-c.styleshare.io/images/34163439/700x394,
프레이,https://usercontents-c.styleshare.io/images/33858686/700x394,"18FW부터는 기존의 Fresh anti youth 와 FRAY를 나누게 되었다. 
두 브랜드의 공통점으로는 기존의 다양한 컬러베리에이션을 유지하는 것이다. 
Fresh anti youth는 좀 더 세부적인 디테일과 한층 더 업그레이드 된 원부자재를 
사용해 보다 완성도 높은 의류 브랜드로써의 자리 매김을 목표로 이번 시즌을 준비했다. 
FRAY는 여성 타겟을 중점으로 유니섹스라인과 걸스라인으로 나뉘게 되며 기존의 타겟층보다는 
좀 더 Young한 고객을 중심으로 전개를 해가고있다. 미니멀리즘을 시즌 컨셉으로 심플하고 
간결하지만 위트있는 문구나 로고 배치, 컬러 바리에이션으로 데일리에 
쉽게 녹아 들수있는 디자인으로 이번 시즌을 준비하였다."
프레쥬,https://usercontents-c.styleshare.io/images/28609733/700x394,자연약쑥과 7가지 그린허브 성분이 만들어내는 순하고 촉촉한 스킨케어
프레티,https://usercontents-c.styleshare.io/images/24783204/700x394,"사랑스런 소녀들의 달콤한 비밀, 프레티"
프렌들리,https://usercontents-c.styleshare.io/images/24152034/700x394,다양한 핸드폰 케이스를 친절하게 공급하는  Friendly Case 입니다.
프렌비타,,
프로랑스,https://usercontents-c.styleshare.io/images/21184575/700x394,
프로스펙스 오리지널,https://usercontents-c.styleshare.io/images/42261171/700x394,"프로스펙스는 1981년 론칭한 로컬 스포츠 브랜드로써 1986년 서울 아시안게임 공식 후원, 1988년 서울 올림픽 공식 후원 등을 통해
대한민국을 대표하는 스포츠 브랜드로 성장해 왔으며 2009년 워킹화 W를 론칭하여 워킹화 카테고리를 창출한 스포츠 리딩브랜드입니다.
2017년 프로스펙스 오리지널을 재런칭하여 전통과 스타일을 모두 갖춘 스트리트 브랜드로 도약하고 있다."
프로에잇청담,https://usercontents-c.styleshare.io/images/38365730/700x394,"프로아티스트 손에서 탄생한, PROFESSIONAL EYESTUDIO"
프로젝트 포체,https://usercontents-c.styleshare.io/images/43110994/700x394,야상아우터를 주력으로 판매 중 이며 밀리터리 제품들을 특유의 감성으로 재해석 한 럭셔리 캐주얼 브랜드
프로젝트624,https://usercontents-c.styleshare.io/images/22827818/700x394,"프로젝트624는 기획제작 유통프로젝트 브랜드입니다.
 
고객과의 소통을 중요시하며, 서로 공감할 수 있는 판매가 영역발굴을
목적으로 프로젝트성 아이템을 생산하는 것이 목적이자 목표입니다.
 
또한 합리적인 소비트렌드를 지향하는 브랜드로써,
customer가 만족할만한 수준의 퀄리티를 지향하며 저가브랜드와 달리,
다양한 아이템을 구사하고, 능동적이고 진취적인 성격의 아이템들을 생산하는 것이 목표입니다.
 
젊음의 유지, 섹시&큐트, 포멀하면서 캐쥬얼한, 다양한 감성의 스트릿성향, 스탠다드하면서도 아메카즈한..
다양한 키워드를 구사하면서도 전혀 어색하지 않은 SPA성향의 컨셉을 지향합니다."
프로젝트기억,https://usercontents-c.styleshare.io/images/36481194/700x394,"프로젝트ㄱ은 잊혀진 기억들을 당신의 일상에 초대합니다.
우리 삶 속에서 나누는 작은 기억들을 모아 세상을 바꾸는 큰 힘을 만들고자 합니다."
프로케즈,https://usercontents-c.styleshare.io/images/21206627/700x394,
프롬에이투비,https://usercontents-c.styleshare.io/images/41779579/700x394,"오랜 패션 디자이너의 노하우와 새로운 스트릿 패션의 가치관과 컨텐츠를
담아 FROM A TO B 브랜드의 시작을 만들었습니다.
최상의 소재와 High Qulity의 봉제기술, 아트웍, 사진으로 느껴지는 감성은 거리에서
느껴지는 모든 느낌을 담아 완성되었습니다."
프롬헨스,https://usercontents-c.styleshare.io/images/18296296/700x394,"FROMHENCE(프롬헨스)는 옳음, ""JUST RIGHT""을 추구하는 디자인 브랜드입니다. 사용함에 있어 가장 적합한 형태, 기능, 재료를 선택하여 과하거나 모자라지 않은 딱 맞는 제품을 추구합니다."
프룻오브더룸,https://usercontents-c.styleshare.io/images/31152991/700x394,"프룻오브더룸은 1851년 미국 RHODE ISLAND에서 벤자민, 로버트 나이트 형제에 의해 처음 시작되었습니다. 
1871년 공식 상표로 등록되어 전구, 자동차, 전화기 발명보다 앞선 세계에서 가장 오래된 브랜드 중 하나입니다. 
현재에는 세계적인 투자귀재 워렌버핏의 투자회사 버크셔해더웨이가 운영중으로, 160여년이 지난 지금 미국은 물론 전 세계에서 가장 많이 판매되고 있는 언더웨어, 티셔츠 브랜드인 프룻오브더룸(FRUIT OF THE LOOM)입니다."
프리가,https://usercontents-c.styleshare.io/images/42639121/700x394,
프리메라,https://usercontents-c.styleshare.io/images/43228693/700x394,"""가장 큰 가능성은 모든 것이 시작되는 그 순간에 있습니다.
자연 속에서 작은 씨앗이 스스로 찾은 시간 prime time
프리메라는 바로 그 순간에 주목합니다"""
프리모팩토리,,
프리미어,https://usercontents-c.styleshare.io/images/22826773/700x394,"모자를 제작하는 모든 측면에서 최고만을 생각하며 제작합니다. 마지막 E의 역방향성은 단순히 최상만을 추구하며 앞만 바라보는 것이 아닌 모두를 바라보는 의미를 나타냅니다. 모자제작에 있어서는 최고를 바라보지만, 역방향은 모자를 착용하는 사용자의 편의성을 바라보고 있습니다. 가치 있는 모자의 이름 PREMIER입니다."
프리바다,https://usercontents-c.styleshare.io/images/23168866/700x394,프리바다는 자연에서 유래한 원료 그대로에 가까운 에너지를 고객에게 전해주는 자연 친화적인 코스메틱 브랜드입니다.
프리윌,https://usercontents-c.styleshare.io/images/21621186/700x394,여행같은 일상을 위해. 모험같은 인생을 위해. Always freewill :-)
프린코,https://usercontents-c.styleshare.io/images/ae3e265c-d189-418d-89d2-8c1e8aa4f629/700x394,"스타일도 기능도 놓치지 않은 스마트워치는 없을까?
현대인들이라면 한 번쯤 고민해 봤을 만큼 매력있는 패션 아이템인 스마트워치
하지만 시계만의 아날로그 감성과 분위기를 이끌기엔 한계가 있습니다.
그래서 등장한 프린코 iMOVEMENT Smart Watch.

아날로그 시계가 가지고 있는 아날로그 느낌과
스마트 시계가 가지고 있는 정보력이 결합된 프린코워치
그 클래식한 디자인이 주는 스마트함을 느껴보시기 바랍니다."
프린트피치,https://usercontents-c.styleshare.io/images/20294747/700x394,
플라리아,https://usercontents-c.styleshare.io/images/20554071/700x394,
플라스크,,
플라즈마스페어,https://usercontents-c.styleshare.io/images/19833242/700x394,
플락,https://usercontents-c.styleshare.io/images/21198078/700x394,"FLAAC 플락은 2015년 F/W 유니섹스 풋웨어를 시작으로 전개되는 브랜드입니다.
'압축하다'라는 의미의 브랜드네임‘플락’은 과거부터 현재까지 스니커즈들의 기본정신과 디자인을 함축하였다는 의미에서 비롯되었습니다. 
80-90년대 유행하던 스니커즈들을 플락만의 방식으로 재해석하여 성별에 상관없이 트렌디하게 신을수있는 기본 스니커즈의 형태를 제시합니다. 
뉴욕과 밀라노에서의 경험을 신발에 담아 익숙한듯 유니크한 스니커즈를 만들고자 합니다."
플란테시스템,,
플랙,https://usercontents-c.styleshare.io/images/35148198/700x394,
플랫피티,https://usercontents-c.styleshare.io/images/18716646/700x394,FLATFITTY(플랫피티)는 미국에서 처음 런칭되어 럭셔리 헤드웨어라는 슬로건을 걸고 미국 전통 스냅백 모자를 생산하는 브랜드 입니다. 플랫피티는 슬로건 답게 매우 우수한 퀄리티에 모자를 생산하여 여러 국가와 다양한 고객들로 부터 폭발적인 반응을 일으키고 있습니다.
플러그앤플레이,https://usercontents-c.styleshare.io/images/41303713/700x394,"플러그에 전원을 연결하는 즉시 사용 가능하다
시장의 변화에 빠르게 대응하며 고객의 Needs를 만족시키는 가방 전문 브랜드입니다."
플러피,https://usercontents-c.styleshare.io/images/40291028/700x394,"플러피는 솜털로 뒤덮인, 거품 같은, 푹신해 보이는 이란 뜻으로
단어자체에서 영감 받아 모든 사람들에게 사랑스러운 아이템을 만드는 것이 플러피의 모토 입니다."
플럭스페리,https://usercontents-c.styleshare.io/images/43010142/700x394,끊임없이 변화하는 감성 스트릿 브랜드로써 포토나 그래픽에 변화로 개성있으면서 아름다움을 추구하는 브랜드
플레니스트,https://usercontents-c.styleshare.io/images/21191892/700x394,
플레시크,https://usercontents-c.styleshare.io/images/23599777/700x394,날씬한 바디라인의 비밀 - 플레시크
플레어업,https://usercontents-c.styleshare.io/images/39944350/700x394,플레어업(FLARE UP)은 플레어(FLARE)의 세컨라인으로써 제한적인 표현방식에 얽매이지 않은 트렌디하고 키치한 무드를 제안합니다.
플레이리스트 스토어,https://usercontents-c.styleshare.io/images/40083848/700x394,"플레이리스트는 작가, 연출, PD가 중심이 되어 시청자가 공감, 몰입할 수 있는 콘텐츠를 만듭니다.
플레이리스트 스토어는 작품의 이야기를 담은 실용적인 상품으로 콘텐츠의 감동을 일상으로 이어갑니다."
플레이몬스터,,
플레이버,https://usercontents-c.styleshare.io/images/23310958/700x394,"건강한 향기를 만듭니다. 건강한 향기를 나눕니다.

HEALTHY SCENT, SHARE TO SCENT"
플레이언,https://usercontents-c.styleshare.io/images/22434696/700x394,플레이언(PLAYIAN)은 유니섹스 감성 가방 브랜드입니다.
플레이젤로,https://usercontents-c.styleshare.io/images/22148027/700x394,"플레이젤로는 미술의 기초인 선과 색을 활용, 단순함과 컬러감을 강조한 제품을 만듭니다."
플레인웍스,https://usercontents-c.styleshare.io/images/41711734/700x394,"일상과 주말 여행에 효과적인 가방 제품을 디자인 생산합니다. 
누군가에게 꼭 필요한 자주 찾게 되는 가방 제품을 만들기 위해 노력합니다. 
높은 퀄리티와 완성도 높은 제품을 추구합니다."
플레인하우스,https://usercontents-c.styleshare.io/images/33217136/700x394,
플레임플라워,https://usercontents-c.styleshare.io/images/40035112/700x394,"flame flower는 불과 꽃의 합성어로, 불같은 남성미와 꽃같은 여성미를 적절히 섞어 만든 브랜드"
플로르드망,https://usercontents-c.styleshare.io/images/35623080/700x394,"사람이 꽃이다'는 의미로 자연 그대로의 아름다움을 담아내는 로맨틱 자연주의 브랜드입니다.
강하고 자극적인 것에 익숙해진 일상속에서 건강한 아름다움과 일상을 아우르는 플로르드망을 만나 사랑스러운 배려와 편안하고 여유로운 감성을 느껴보세요."
플로우,https://usercontents-c.styleshare.io/images/35179196/700x394,"<피부 본질 개선에서 오는 아름다움, 오일수로 꽉 잡다>
FFLOW는 도시 여성들의 건강한 피부치유를 지향하는 뷰티 브랜드입니다."
플루크,https://usercontents-c.styleshare.io/images/aefc16f7-29cb-43a4-99ce-818612df0476/700x394,"플루크는 매 시즌 다양한 컨셉으로 일상에 스며들 수 있는 옷을 만듭니다. 2020 S/S 시즌의 테마는 DIARY입니다. DIARY에 오랫동안 기억하고 싶은 나의 여행들, 그리고 여행 속에서 느낀 작은 행복과 소소한 감성을 빈티지한 워싱, 그래픽 아트웍에 담아 제안하려 합니다."
플리거,https://usercontents-c.styleshare.io/images/25108580/700x394,"FLIEGER는 독일어로 조종사, 비행사라는 뜻으로
여행을 통한 삶의 여정과 
고객의 가치를 위한 
프리미엄 최범석 디자이너 브랜드이다."
플리멍,https://usercontents-c.styleshare.io/images/42034422/700x394,우리의 아이덴티티와 스토리를 그래픽에 담아 표현하는 것을 즐깁니다. 베이직한 디자인과 유니크한 그래픽으로 플리멍의 새로운 가치를 만들어 내기 위해 끊임 없이 노력합니다.
플리스멜번,https://usercontents-c.styleshare.io/images/21578983/700x394,"멜번의 상징인 플린더스 역과 패더레이션 광장을 모티브로한 브랜드이다.
플리스멜번은 베이직하면서도 스타일리쉬한 디자인을 기반으로 하여 자신만의 개성과 멋스러움을 추구하는 여성을 위한 디자이너 슈즈 브랜드이다."
플리온,https://usercontents-c.styleshare.io/images/38461474/700x394,"플리온은 항상 물음에 답하며 사람들이 원하는 제품들을 디자인합니다.
사람의 심리를 해석하여 총 3개의 슬로건으로 플리온의 느낌을 전달합니다."
플린,https://usercontents-c.styleshare.io/images/42789366/700x394,독보적인 감성의 분위기를 선사하는 립 컬러무드 브랜드
피기굿즈,https://usercontents-c.styleshare.io/images/19026904/700x394,FIGGYGOODS(피기굿즈)는 무화과의 부드러운 과육 속 톡톡 터지는 씨앗처럼 풍부한 일상을 지향하는 라이프 스타일 브랜드입니다.
피너츠,https://usercontents-c.styleshare.io/images/43091015/700x394,"피너츠(PEANUTS)는 '스누피'로 잘 알려진 피너츠 공식 라이센스를 가방, 여권지갑, 파우치 등에 담아 선보이는 브랜드입니다. 팬시하고 데일리로 들고 다닐 수 있는 상품 아이템에 해피, 허그, 러브 등 모티브의 캐릭터를 얹어 피너츠의 따뜻하고 힐링할 수 있는 '프렌들리' '사랑'의 느낌을 캐릭터로 표현하려 합니다."
피레넥스,https://usercontents-c.styleshare.io/images/43110933/700x394,프랑스 프리미엄 다운 아우터가 유명한 브랜드로 높은 품질의 구스다운을 주력으로 내세우고있다.
피렌체아뜰리에,https://usercontents-c.styleshare.io/images/df45e6b2-69ca-4fc4-8bd8-efe690c8575c/700x394,
피버41,https://usercontents-c.styleshare.io/images/19026825/700x394,"FIBBER41(피버41)은 세상 어떤 거짓말도 웃음으로 넘길 수 있는 4월 1일 만우절에 론칭된 브랜드입니다. 피버는 장난스럽지만 거짓되지 않는 활동적인 디자인을 추구하며, 피버를 입는 이들에게 거짓말 같은 웃음과 만족을 드리는 것을 모토로 모던하면서 심플한 멋을 보여 드릴 것입니다. 위트 있고 감각적인 로고를 살려 제작한 유니크한 감성의 브랜드입니다."
피버타임,https://usercontents-c.styleshare.io/images/21391490/700x394,"""가열상태"" 라는 의미의 fevertime을 우리의 삶에서 뜨거운 순간, 상태로 정의한다. 매 시즌마다 우리의 삶에서 뜨거운 순간들을 피버타임만의 시각으로 접근하여 디자인된 의류를 전달하는 매력적인 브랜드."
피부미,https://usercontents-c.styleshare.io/images/36290290/700x394,"나를 위한 피부 과학 테라피 아름다운 피부, 피부미가 찾아드립니다."
피부의정석,https://usercontents-c.styleshare.io/images/38385257/700x394,"피부의 정석은 내일의 아름다움을 위해 끊임 없이 연구하는 브랜드입니다.
안전한 성분들을 통하여 건강한 피부로 거듭나길 기원합니다."
피스메이커,https://usercontents-c.styleshare.io/images/643e45ce-b07a-44e1-8af9-319be48e9d20/700x394,PIECE MAKER(피스메이커)는 NYC(NEW YORK CITY)에서 활동하고 있는 한국계 HEAD DESIGNER의 기획하에 한국 브랜드 셀렉샵 메인MD 1인이 조력하여 기획된 네셔널 협업브랜드입니다. 바쁘게 돌아가는 두도시의 젊은이가 라이프스타일에 도움을 주는 아이템을 개발하자라는 취지로 시작되었습니다.
피어포,https://usercontents-c.styleshare.io/images/43094881/700x394,"피어포는 구성물의 근원을 뜻하는 'PIER'라는 예술용어에서
유래하여 여성이 가장 사랑스러운 시간을 완성 짓는 슈즈를 제안합니다."
피에르발망,https://usercontents-c.styleshare.io/images/42787182/700x394,
피에르하디,https://usercontents-c.styleshare.io/images/42727463/700x394,"파리 출생의 디자이너 피에르 아르디가 1999년에 런칭한 브랜드로 개념미술, 건축, 조형디자인, 비주얼 아트 등 다양한 장르를 넘나들며 얻는 아이디어로 제품을 디자인하여 선보입니다."
피에프플라이어스,https://usercontents-c.styleshare.io/images/43082596/700x394,
피엠코,https://usercontents-c.styleshare.io/images/20788815/700x394,
피지오겔,https://usercontents-c.styleshare.io/images/18900313/700x394,PHYSIOGEL(피지오겔)은 165년 이상의 보습 노하우를 가진 브랜드입니다.
피츠에이,https://usercontents-c.styleshare.io/images/41981534/700x394,세상 모든 움직임을 피처링하다. 피츠에이입니다. 에너지를 쏟는 아주 작은 것부터 모든 움직임을 피처링하는 피츠에이입니다.
피치씨,https://usercontents-c.styleshare.io/images/37962885/700x394,복숭아를 닮은 생기발랄 코스메틱
피카소 브러쉬,https://usercontents-c.styleshare.io/images/38365728/700x394,"ALL OF BEAUTY, PICCASSO"
피카소꼴레지오니,https://usercontents-c.styleshare.io/images/41196238/700x394,"COLLECT YOUR SENSE, 감각을 수집하다
매일이 달라지는 메이크업
피카소 꼴레지오니로 완성하다."
피코미터,https://usercontents-c.styleshare.io/images/36793872/700x394,"피코미터
“ 디테일에 대한 12번의 생각”
피코미터*란 1조 분에 1에 해당하는 길이로 
나노미터 보다 더 작은 단위입니다.
브랜드 “ 피코미터” 는 그만큼 디테일한 
시각으로 현대인의 라이프 스타일을 분석하여
실용적인 제품과 컨템포러리 디자인을
개발하고 공유하고자 합니다."
피타마스크,https://usercontents-c.styleshare.io/images/37911428/700x394,폴리우레탄 소재를 사용하여 신축성이 좋고 장시간 사용에도 불편하지 않은 마스크
피터캣,https://usercontents-c.styleshare.io/images/32351395/700x394,"내가 갖고 싶어서 만들었어, 피터캣"
피피피,https://usercontents-c.styleshare.io/images/18861927/700x394,P.P.P(피피피)는 피스메이커 의류 라인으로 P.P.P (PAUSE . PEOPLE . PIECEMAKER)이라는 브랜드입니다.
픽스앤톡스,https://usercontents-c.styleshare.io/images/25003031/700x394,"“NEEDLELESS CHANGE” “바늘 없이 느껴지는 변화”
고함량 처방과 제품의 효능, 편리성을 높여주는 기기 사용으로
시술 없이 간편하게 최적의 효과를 누릴 수 있는 스마트 스킨 케어 브랜드"
필로소피,https://usercontents-c.styleshare.io/images/33687689/700x394,"look good, feel good, do good
사랑스런 그녀를 위한 향기"
필로코스,https://usercontents-c.styleshare.io/images/38133340/700x394,더 좋은 성분 더 좋은 세상 그리고 더 좋은 '나'
하레,https://usercontents-c.styleshare.io/images/21017551/700x394,
하루타,https://usercontents-c.styleshare.io/images/21208921/700x394,
하루하루,https://usercontents-c.styleshare.io/images/33676121/700x394,"에브리데이 솔루션 하루하루는 ‘우리의 매일 ’을 모티브로 한 라이프스타일에 녹아드는 스킨케어 브랜드입니다. 
커피를 마시고, 밥을 먹고 친구와 수다를 떠는 울고 웃는 일상의 일부와 같은 자연스러움을 추구합니다."
하바이아나스,https://usercontents-c.styleshare.io/images/19019085/700x394,"HAVAIANAS(하바이아나스)는 1962년 브라질에서 탄생한 브랜드로, 현재 미국과 유럽을 포함한 전세계 85개 국가에서 판매되고 있습니다.비치웨어, 써핑웨어, 하이 스트리트패션, 캐쥬얼 패션 슈즈 등 다양한 제품을 선보이고 있으며, 특히 캐쥬얼 패션 슈즈 중 샌들은 국내 샌들 시장 점유율 5위를 차지하고 있을 뿐만 아니라 일명 ""쪼리""라고 불리는 플립플랍(Flip-Flop) 시장에서는 점유율 1위를 자랑하고 있습니다."
하이버넷,https://usercontents-c.styleshare.io/images/38238098/700x394,"하이버넷(HYBERNAT)은 재미있는 로고 그래픽, 유니크하고 웨어러블한 디자인의 아이템으로 
트렌드에 민감하고 스트릿 웨어를 좋아하는 젊은 여성들에게 매력적인 제품을 만드는 브랜드입니다."
하이스쿨디스코,https://usercontents-c.styleshare.io/images/39772977/700x394,"하이스쿨디스코(highschooldisco)는 
'ALWAYS YOUNG'이라는 브랜드의 철학과 과거 흐름의 변형을 통하여 
young하고 톡톡튀는 새로운 매력을 갖춘 브랜드입니다.
UNIQUE함과 NEW-TRO를 믹스매치하여 다양한 컬러와 
파격적인 IDENTITY가 돋보이는 트렌디한 아티스틱 스트릿 무드를 선보인다.


HighSchoolDisco is a brand with a new appeal that is young 
and popping through the philosophy of the brand 'always young' and 
the transformation of the past flow.
Mix the Unique and the Newtro to show a trendy artistic 
street fasion mood with various colors and unconventional identities."
하이시에라,https://usercontents-c.styleshare.io/images/43128294/700x394,"하이시에라(HIGH SIERRA)는 Sierra Nature에서 영감을 받은 아메리칸 아웃도어 라이프 스타일 브랜드로

40년 전통의 헤리티지를 자랑하여 다양한 Outdoor Activity를 지원하는 Energetic한 감성을 가진 브랜드입니다."
하이앵글,https://usercontents-c.styleshare.io/images/39582973/700x394,"Gather roses while you may
: 젊을 때 실컷 즐겨라

유행에 흔들리지 않으면서도 누구나 신경쓴것 처럼 만들어 줄 수 있는 
미니멀하면서도 세련된 패션의류를 만들어 현대 여성들의 자존감을 높여주는 브랜드를 만들고자함."
하이호 바이 에이스아웃,https://usercontents-c.styleshare.io/images/21665765/700x394,"2015년 시작된 HiHO by ACEOUT ""하이호!""는 우리만의 장난스러운 인사말로
""WE CRAVE A DIFFERENT KIND OF BUZZ"" (우리는 다른 즐거움을 원해!) 라는 슬로건을 바탕으로 
우리의 생활방식과 관점,상상력을 디자인하는 유니섹스웨어 브랜드입니다."
하치카,https://usercontents-c.styleshare.io/images/38815072/700x394,"도쿄 오모테산도에서 온 생꿀 살롱 케어! 
100% 생꿀과 8가지 꽃 추출물로 만든 프리미엄 수분/영양라인 헤어케어."
하킴코스메틱,https://usercontents-c.styleshare.io/images/40679872/700x394,알프스의 청정한 자연의 에너지를 담은 고기능성 #수분콜라겐 하킴코스메틱 입니다.
하트코어,https://usercontents-c.styleshare.io/images/31846274/700x394,"HEARTCORE는 매 시즌 다양한 소재로 디자인되며, 심장의 집중이라는 뜻으로 남녀노소 상관없이 사랑받는 브랜드 입니다."
하티스,https://usercontents-c.styleshare.io/images/21307682/700x394,
하프문아이즈,https://usercontents-c.styleshare.io/images/25359724/700x394,JUST THE WAY YOU ARE 당신은 당신일 때 가장 빛납니다.
하플리,https://usercontents-c.styleshare.io/images/32923217/700x394,
한국화장품,,
한스킨,https://usercontents-c.styleshare.io/images/39534439/700x394,"Glass Skin Cosmetic
BB크림으로 시작한 15년간의 노하우로 모두에게 
아름다운 피부를 디자인해주는 메이크업 브랜드입니다."
한율,https://usercontents-c.styleshare.io/images/43228696/700x394,"한국적 자연주의 브랜드 한율은 우리 자연 속에 숨겨진 순하고도 효과적인 지혜를 발견해 균형잡힌 피부 아름다움, ‘율려律呂’를 전합니다."
할로바트,https://usercontents-c.styleshare.io/images/24207412/700x394,"halovat 는 '기쁨, 만족'을 뜻하는 우즈베키스탄어로 가방을 사용하는 모든 사람들에게 

최고의 만족과 기쁨을 드리고자 하는것이 할로바트 브랜드의 탄생입니다. 

가족, 연인, 친구 그리고 나에게 선물하고 싶은 가방을 만드는 것이 할로바트의 마음입니다."
해밀턴,https://usercontents-c.styleshare.io/images/42891583/700x394,"해밀턴 시계는 혁신적이고 상징적이며 American Spirit 및 Swiss Precision으로 유명합니다.
최고의 성능과 자동, 기계식 및 쿼츠 시계를 만들어 내며 스위스의 장인 정신과 최고의 테스트를 통해 생산되어집니다."
해비즘,https://usercontents-c.styleshare.io/images/41587394/700x394,"HAVISM(해비즘)은 서울을 기반으로 Z세대의 YOUTH CULTURE를 디자인으로 담아내어 ""KOREA CAMPUS LOOK""' 을 만들어가는 브랜드입니다."
해서린,https://usercontents-c.styleshare.io/images/40434190/700x394,"해 서린 듯 빛나는 얼굴 : 해서린
해가 없이는 살 수 없는 우리들처럼, 모든 피부에 필수적인 데일리 케어 제품을 만들어 갑니다."
해피문데이,https://usercontents-c.styleshare.io/images/42821017/700x394,해피문데이는 여성의 행복한 월경날을 위해 오늘도 일합니다.
해피바스,https://usercontents-c.styleshare.io/images/38149254/700x394,
해피이어스,https://usercontents-c.styleshare.io/images/f9a522d0-dddf-4cf8-a1a6-d208b91cfbae/700x394,"MADE IN SWEDEN

사람들은 소리와 함께 세상에 살고 있습니다.
하지만 요즘 세상은 소리보다는 소음과 함께하는 세상이 되었습니다.
때때로 성가진 요소이기도 하고, 어떤 상황에서는 해를 입히기도 합니다.
우리는 이 문제를 해결하고자 합니다.

이제 모든 것을 들을 수 있습니다.
하지만, 더 이상 해롭거나 아프지 않습니다.

모든 소리의 영역대를 25db 주파수로 낮추는 백색소음 효과.
HAPPY EARS"
핵틱,https://usercontents-c.styleshare.io/images/25252711/700x394,"정신없이 바쁜 순간 속 즐거운 삶을 위한 핵틱
스마트한 나만의 피부 관리
내추럴 뷰티 & 라이프 브랜드
HECTIC은 자연을 바탕으로 현대인의 삶을 재해석한 브랜드입니다."
핸드미다운,https://usercontents-c.styleshare.io/images/21621209/700x394,"어머니나 할머니의 옷장을 뒤지고 어머니의 화장대에서 어설픈 메이크업을 했었던,
많은 여성들에게 있을법한 어릴적 기억에서 출발한 HandMeDown은
옷을 통해 누군가의 라이프스타일과 감성을 물려받는다는 컨셉을 가지고 있습니다.
가상 혹은 현실, 과거 혹은 현재를 살아가는 누군가에게서 영감을 받아 웨어러블한 여성 캐쥬얼웨어로 풀어냅니다.
누구나의 삶에 존재하는 아름다운 부분들을 발견하고 그것을 전달할 수 있는 브랜드가 되기를 희망합니다."
향기의미술관,,
허니브레인,https://usercontents-c.styleshare.io/images/25040724/700x394,"허니브레인(HONEY BRAIN)은 ""달달한""(기분이 좋아지는) ""상상""(브레인)을 의미하며 달달한 음식을 먹게되면 우리의 뇌에서 엔돌핀이 분비되어 기분이 좋게 느껴지는 
그러한 신체반응을 이끌어내듯 기분 좋아지는 중독성 있는 제품을 만들어보자는 의미에서 탄생된 브랜드입니다."
허니트랩,https://usercontents-c.styleshare.io/images/31153292/700x394,"상큼 발랄하게, 똑똑하게 허니트랩
스마트한 여자들의 스마트한 뷰티 아이템
 너를 위한, 너만을 위한 신박한 뷰티 아이템"
허로우,https://usercontents-c.styleshare.io/images/37fe315a-e0f6-49f5-8ea0-214b35834e1b/700x394,"달콤하지만 너무 달콤하지 않은, 촉촉하지만 너무 끈적이지 않는, 식물에서 태어난 허로우립밤은 부드러운 광택과 향기, 신선도를 위해 소량으로 생산되는 미국 프리미엄 립밤 브랜드입니다."
허바신,https://usercontents-c.styleshare.io/images/21086373/700x394,
헌트이너웨어,https://usercontents-c.styleshare.io/images/25422647/700x394,"소중한 우리아이, 첫브라!

주니어 전문 이너웨어 브랜드"
헤드,https://usercontents-c.styleshare.io/images/31655653/700x394,"헤드는 68년의 오랜 역사를 자랑하며, 기능성 뿐만 아니라 10대~20대 젊은층에게 많은 사랑을 받고 있는 정통 스포츠 브랜드입니다."
헤드랑,https://usercontents-c.styleshare.io/images/42767449/700x394,
헤드스파7,https://usercontents-c.styleshare.io/images/38348378/700x394,"headspa7 is Trustworthy

Hair Care전문 브랜드서의 신뢰
임상노하우를 기반으로 20년 이상의 헤어전문가들이 만들어내는 안심 제품입니다."
헤라,https://usercontents-c.styleshare.io/images/43228701/700x394,"헤라는 한국 여성의 트렌디하고 세련된 스타일을 위해 메이크업, 스킨케어, 퍼퓸 등 토탈 뷰티 케어를 제공합니다.
헤라는 ‘Exceptional Beauty from Seoul’이라는 주제로 한국 여성의 아름다움을 대표하고 있습니다.
헤라는 이제 아시아의 트렌드를 창조하고 전파하는 뷰티 메신저로 한국 여성의 특별한 아름다움과 가치를 세계에 전합니다."
헤르치노,https://usercontents-c.styleshare.io/images/42757447/700x394,헤르치노는 브랜드 슬로건은 'why not?''왜 안돼?' 보편적으로 안된다고 생각하는 고정관념의 틀을 깨고 생각을 뒤집는다는 의미를 담고 있습니다. 헤르치노는 늘 예상치 못한 즐거움을 주는 디자인을 지향합니다. 키치한 감성을 디자인에 담아 재밌게 풀어 나갑니다. 자유롭게 탈부착이 가능한 패치를 활용해서 자유롭게 커스텀 해보세요.
헤이네이처,https://usercontents-c.styleshare.io/images/41783475/700x394,본래의 건강한 피부로 돌아가는데 도움을 주는 자연주의 화장품 브랜드입니다.
헤이디,https://usercontents-c.styleshare.io/images/38171022/700x394,"40년 동안 유명 브랜드에 가방을 납품해왔고 지금도 유명 브랜드의 가방을 묵묵히 만들고
계신 숨은 장인의 정성과 노하우로 만든 가방입니다."
헤이브로,https://usercontents-c.styleshare.io/images/42260459/700x394,"바쁘고 치열한 남자의 하루
보다 빠르고
보다 간편하다!"
헤인즈,https://usercontents-c.styleshare.io/images/20305178/700x394,
헤지스(HAZZYS),https://usercontents-c.styleshare.io/images/38498134/700x394,"HAZZYS 액세서리는 정통의 가치를 중시하는 브리티시 감성을 바탕으로
세련된 도시인을 위한 패션 잡화 브랜드입니다.

클래식한 감성에 모던함을, 독창적 스타일에 실용성을 더한 디자인으로 세련된 고급스러움을 표현하고,
잉글리쉬 포인터 심볼 플레이를 통한 위트 있는 디테일로 독특한 개성을 연출합니다."
헬로에브리바디,https://usercontents-c.styleshare.io/images/42822698/700x394,
헬로치즈,https://usercontents-c.styleshare.io/images/42906024/700x394,"Always enjoy with HelloCheese 

언제나 가볍게 만나는 친한 치즈

새롭고 트랜디한 치즈 브랜드 헬로치즈는 기존에 접해보지 못했던 새롭고 맛있는 치즈를 개발하고 이를 우리 가정에서 쉽게 접할 수 잇는 편하고 친숙한 브랜드가 되고자합니다."
헬븐,https://usercontents-c.styleshare.io/images/23901888/700x394,헬븐은 리드미컬한 트렌드 제품을 가장 먼저 만날 수 있는 브랜드입니다.
헬스빌,https://usercontents-c.styleshare.io/images/42532289/700x394,"대한민국 프리미엄 헬스 보충제 헬스빌!
헬스빌은 다이어트 식품,헬스 보충제, 건강기능식품등을 생산하는 헬스 토탈브랜드입니다."
헬스앤뷰티,https://usercontents-c.styleshare.io/images/38119408/700x394,"국내 닭가슴살 대표브랜드 '헬스앤뷰티'
단순히 맛있기만 한 제품이 아닌 영양성분까지 꼼꼼히 연구하여 품질을 높이고 가격은 낮춘 삼박자를 고루 갖춘 제품으로 고객분들에게 다가가고 있습니다."
헬스웨이,https://usercontents-c.styleshare.io/images/6a35973d-1286-4987-a512-f1e29127037f/700x394,
호미,https://usercontents-c.styleshare.io/images/23292037/700x394,"패셔너블한 삶은 단지 입는 것에 국한 되지 않고, 우리의 생활까지 연결 되어야 합니다.
HOMMMIE는 'HOME-BOY'의 슬랭인 'HOMIE'가 어원으로 허물없는 절친한 친구를 뜻합니다.
HOMMMIE는 언제나 절친한 친구와 같은 편안한 라이프스타일 트렌드를 만들어 나갑니다."
호보켄,https://usercontents-c.styleshare.io/images/21573501/700x394,
호조,https://usercontents-c.styleshare.io/images/35651356/700x394,"카카오 프렌즈의 아버지 '호조'작가와 콜라보한 시계
한국의 캐릭터 디자이너 호조 작가의 귀여운 캐릭터와 타임닷컴의 손목시계가 만나 톡톡 튀는 독특하고 귀여운 손목시계를 만들다"
호코스X뿌까,https://usercontents-c.styleshare.io/images/21339074/700x394,호코스X뿌까(HOCOSXPUCCA) 는 예민한 피부도 안심할 수 있는 100% 무기자외선 차단제 '뿌까 선팩트'로 사랑받고 있습니다.
호피걸,https://usercontents-c.styleshare.io/images/40054031/700x394,HOPE GIRL은 내추럴한 외형적인 아름다움을 유지하고 내면의 뷰티 또한 성장하고 지켜질 수 있도록 함께하는 브랜드입니다.
호히,https://usercontents-c.styleshare.io/images/24152892/700x394,"""HOHEE has the ability to make you classy.""

호히는 일상 속에서 단정하고 멋스러우며 다양한 개성을 추구하기 위한 브랜드입니다."
홀리셔스,https://usercontents-c.styleshare.io/images/42455768/700x394,홀리셔스는 건강하고 새로운 다이어트 식문화를 만드는 기업으로 Delicious&Healthy(맛&건강)+Diet Holic(다이어트홀릭)=Holicious(홀리셔스)라는 의미 입니다.
홀리카홀리카,https://usercontents-c.styleshare.io/images/39074021/700x394,홀리카홀리카는 누구나 자기만의 잠재된 매력이 있음을 믿고 자신감 넘치는 아름다움을 찾을 수 있도록 도와주는 뷰티 매지션입니다.
후,https://usercontents-c.styleshare.io/images/38557433/700x394,
후딩스,https://usercontents-c.styleshare.io/images/e22a4e5b-4f5f-4a72-b8ef-e667c2873be1/700x394,"THE QUESTION OF THIS AGE
누구라는 뜻의 영어 who와 독일어 dings의 합성어로, 다양한 의문을 던져 그 의미에 대한 위트와 해석을 던지는 브랜드립니다.
시각적인 것에 빠져있는 현 시대 사람들에게 담백하고 유연한 옷을 선사하고자 합니다.
현 시대와 그 다음 시대에 해당하는 것에 대해 다양한 물음을 던져 찾아나가는 브랜드 후딩스입니다."
후아유,https://usercontents-c.styleshare.io/images/34168393/700x394,"WHO.A.U(후아유)는 1849년 청춘들이 꿈과 정체성을 위해 새로운 세상을 찾아 떠났던 캘리포니아 개척정신을 기반으로 하고 있습니다. 우리는 ""The Spirit of California""을 따르고 있으며, 단순히 유행하는 패션을 따라가지 않습니다."
후즈후코스메틱,https://usercontents-c.styleshare.io/images/22037664/700x394,"건강한 피부를 통한 아름다움을 제공하는 코스메슈티컬 브랜드
Be your Own dermatologist"
후쿠부쿠로,https://usercontents-c.styleshare.io/images/23748769/700x394,후쿠부쿠로(hukubukuro)는 일본어로 '복주머니'라는 뜻으로 일본 감성의 스트릿과 유니크함을 동양적으로 풀어낸 유니섹스 브랜드입니다.
훌라,https://usercontents-c.styleshare.io/images/42889512/700x394,
휘게,https://usercontents-c.styleshare.io/images/21391305/700x394,"올인원으로 시작하는 휘게라이프, 편안한 스킨케어 휘게입니다."
휴족휴면,https://usercontents-c.styleshare.io/images/23895571/700x394,
휴플러스,https://usercontents-c.styleshare.io/images/31152667/700x394,"휴플러스와 함께하는 15분, 
더 즐겁고 행복한 일상이 시작됩니다."
히말라야,https://usercontents-c.styleshare.io/images/19588110/700x394,
