티셔츠,4
후드/집업/맨투맨,4
셔츠,4
니트/가디건,4
아우터,4
팬츠,4
스포츠,4
언더웨어,4
프리미엄 브랜드,4
티셔츠,5
후드/집업/맨투맨,5
셔츠/블라우스,5
니트/가디건,5
아우터,5
팬츠,5
스커트,5
원피스,5
스포츠,5
언더웨어,5
프리미엄 브랜드,5
스킨케어,6
메이크업,6
클렌징,6
바디케어,6
헤어케어,6
남성화장품,6
향수/디퓨저/캔들,6
뷰티소품,6
헤어/바디/미용기기,6
글로벌 브랜드,6
가방,7
지갑/파우치,7
시계,7
모자,7
안경/선글라스,7
장갑/목도리/귀도리,7
쥬얼리,7
기타소품,7
양말/스타킹,7
프리미엄 브랜드,7
스니커즈,8
구두,8
샌들,8
부츠,8
슈케어 & 액세서리,8
남성슈즈,8
프리미엄 브랜드,8
인테리어,9
가구/수납,9
리빙소품,9
패브릭,9
키친,9
시즌/이벤트,9
디자인문구,9
휴대폰 액세서리,10
계절가전,10
생활가전,10
건강가전,10
음향기기,10
카메라,10
PC 주변기기,10
다이어트식품,11
홈트레이닝,11
건강식품,11
일반식품,11
덴탈케어,11
여성용품,11